Total Assets,Total Loans,Return On Average Assets(ROA),Average Return on Shareholders’ Equity ,Return on Total Assets,Net Profit (Losses) / Paid-in Capital,Net Interest Income After Specific Provisions / Total Assets,Net Interest Income After Specific Provisions / Total Operating Income,Non-Interest Income (Net) / Total Assets,Non-Interest Income (Net) / Other Operating Expenses,Other Operating Expenses / Total Operating Income,Provision For Loan or Other Receivables Losses  / Total Assets,Interest Income / Interest Expense,Total Income / Total Expense,Interest Income / Total Assets,Interest Expense / Total Assets,Interest Income / Total Expenses,Interest Expense / Total Expenses,Liquid Assets / Total Assets,Liquid Assets / Short-term Liabilities,Financial Assets (Net) / Total Assets,Total Loans / Total Assets,Permanent Assets / Total Assets,Consumer Loans / Total Loans,Net Income/No. of Branches,Total Assets / No. of Branches,Capital Adequacy Ratio,Liquid Assets / (Deposits + Non-Deposit Funds),Rating
14.7,15.7,1.6,15.2,1.9,130.5,3.2,87.7,0.1,10.9,24.7,0.9,170.4,148.9,9.9,5.8,99,86.5,8.6,14,26.7,69.1,2.7,24.5,4,303,14.8,10.2,2
10.3,10.6,0.7,9.3,0.7,201.7,1.3,55.4,0.9,105.4,34.4,0.8,128.3,126,9.7,7.6,91.9,90.3,10.6,17.8,30.6,66.2,2.2,17.7,3,381,13.8,12.7,2
9.1,9.4,1.4,16.1,1.6,166.2,1.8,43.4,1.5,137.7,26.8,1.5,146.9,145.6,10.2,7,87,86.3,11.2,22.2,27.4,66.9,2.3,23.2,4,348,17,13.7,2
0,0,6.9,7.2,8.1,4.6,17.3,122.3,0.6,10.1,42.4,0,-,299.3,17.3,0,96.6,0,95.3,"8,110.90",95.3,0,3.8,-,4,55,204.8,"36,165.80",2
9,7.8,1.8,13.5,2.1,142.2,2.5,48.9,1.3,120.5,20.6,2,176.6,168.1,10.3,5.8,89.1,84.8,14.9,29.7,38.5,56.5,3.1,22.3,7,420,18.2,19.2,1
0.4,0.4,2.1,15.1,2.7,51.4,2.1,32.1,2.8,290.2,14.7,3.2,148.3,159.7,16.1,10.8,85.4,91.9,16,123.4,21.1,68.1,7.9,1.7,3,127,18.6,20.5,1
0.6,0.6,1,14.1,1.2,20.9,1.9,40.8,1.5,137.6,23.3,2.4,149.9,148.5,12.7,8.5,89.6,88.8,14.7,35.6,27.4,68.5,2.6,7.8,3,286,19.5,20.3,2
0.9,0.9,0.3,3.4,0.3,7.5,3,72.3,0.9,39.3,52.5,1.7,153.6,130.6,13.4,8.7,93.9,79.9,11.9,21.7,25.9,65.7,5.8,4.8,0,115,15.1,14.1,3
0,0,0.4,2.8,0.5,3.2,4,109.1,0.5,23.1,59.8,1,175.7,137.6,11.4,6.5,95.8,75,30.1,46,31,63.4,3.5,0.8,0,129,18.7,36.1,3
2.7,2.7,1.1,10.7,1.3,45.4,3.1,75.3,1,69.3,35.6,1.3,159.6,144.6,11.6,7.3,92.1,83.5,20.5,33.1,30.6,66,1.1,25.1,2,193,16.9,25.9,2
11.4,11,1.7,14.6,1.9,150.4,2.6,68.5,0.5,51.6,27.9,1.5,178.3,157.1,9.3,5.2,94.5,83.3,11.7,22.1,29.2,62.5,5.7,22.2,5,307,16.5,14.8,2
9.5,9,1.4,13.5,1.7,55.3,2,43.5,1.3,131.4,22.2,2,172.4,166.1,9.5,5.5,87.9,84.7,16.5,31.6,33,60.7,3.5,24.6,5,408,16.1,22.2,1
0.1,0.1,3,12.6,3.7,18.8,4.4,74.8,0.9,139.7,10.7,0,196,190.8,12.1,6.2,93.2,90.7,20.4,673.6,47,49.5,1.6,0.3,86,"3,163",104.6,678.4,2
0.7,0.7,0.9,12,0.9,16.7,0.3,8.6,2,307.5,19.1,1.9,130.2,145.2,9.4,7.2,82,91.5,14.9,32.1,30,64.2,3,1,4,496,17.2,18.5,2
0.2,0.1,1.8,12.2,2.1,22.9,2.5,67.1,1.2,241.8,13.6,1.1,324.4,304.6,5.2,1.6,80.9,76,49.8,87,64.3,31.8,3.6,0.1,14,856,18,59.3,1
0,0,17.8,18.3,12,10.9,12.7,80.3,2.6,116.3,14.4,0,"9,218,250.00",742.7,14.3,0,84.3,0,74.8,"30,630.40",75.2,23.7,0.7,0,115,"1,292",190.7,"24,159,750.00",1
0.5,0.6,0.9,9.5,1,10.5,2,68.2,0.6,62.2,30.8,1.2,136.9,129.8,12.1,8.8,95.5,90.6,15,39.4,24.1,71.9,3,4.7,4,478,20.7,20.2,2
0.3,0.2,5.3,31.6,6.4,"1,448.00",7.4,73.4,3.4,109.5,30.8,0,236,192.2,13.7,5.8,80.3,65.3,50.1,65,59.1,37.6,0.2,0,163,"3,352",22.7,64.6,2
3.8,3.7,1.7,15.4,1.7,65.8,1.6,39.7,1.3,101.1,33.2,2,151.7,143.7,10.6,7,88.8,84.1,13.1,24.6,24.7,63.3,8.8,25.7,3,194,19.5,17.6,2
0.1,0,4.3,22.3,5.9,90.7,15.1,174.1,-4.4,-159.3,31.9,0,"1,510.70",307.2,16.2,1.1,137.4,27.9,38.2,98.4,53.2,42.8,0.3,0,122,"2,662",31.5,51.6,2
0.9,0.6,1.2,12.2,1.3,51.4,3.7,97,0.8,41.4,47.4,0,193.4,151.2,9.2,4.8,92.4,72.2,44.2,67.9,48.9,47.8,0.9,23.5,4,400,20,55.5,2
0.4,0.3,0.4,5.6,0.6,7.2,1.8,71.2,0.6,74.9,32.2,1.1,159.9,147.7,7.9,4.9,92.7,85.6,24.7,57.2,49.6,49.1,0.8,10.4,1,353,30.8,30.3,2
1.6,1.6,1.9,16.1,2.3,30.5,3.4,51.2,1.9,100,29.2,2.4,197.4,173.5,11.6,5.9,85.8,75.4,23.3,42.8,32.5,65,1.4,30,5,259,21.7,30.8,2
100,100,1.2,20.5,1.3,29.5,3.5,214.2,-1.7,-568.7,18.7,0.1,296.2,171.9,5.4,1.8,147.5,85.6,38.1,99.3,39,60.6,0.1,0,156,"15,710",14,40.9,2
0.9,0.8,0.1,0.5,0.1,0.5,1.2,31.8,1,65.7,40.8,2.1,144.3,131.1,10.7,7.4,91.6,83.2,21.5,40.6,34.4,59.3,1.2,7.8,0,698,21.4,27.2,3
100,100,1.7,18,1.9,71.9,3.5,78.2,0.5,44.2,27.1,1.4,188.3,162.2,10.4,5.5,95.1,81.9,12.6,26.2,34.1,59.7,2.9,32.8,4,290,15.4,16.7,2
0,0.1,4.2,8.1,5.2,10,7.3,86.2,0.5,32.7,19.1,0,"2,151.60",479.7,9.3,0.4,94.6,21.1,22,134,22.2,77.3,0.2,0,68,"1,820",51,43.6,2
0.1,0.1,-6.2,-47.7,-8.1,-40.8,-3.8,-91.2,0.9,29.3,71.4,9.2,141.8,121,18.6,13.1,95.5,81.6,16.5,28,44.4,49,3.7,0.1,-12,158,13.1,19.4,4
9.8,9.4,1.9,15.1,2.3,158.1,2.6,41.9,1.7,133.2,20.2,2.7,197.5,185.6,10.8,5.5,86.7,81.5,17.5,33.4,32.2,62.1,3.6,30.5,7,385,18.3,23.3,1
0,0,13.1,36.6,17,65.5,12.5,68.8,6.4,748.9,4.7,0,"1,157.60",988.2,14,1.2,68.6,58.6,73.4,131.5,98.2,0.6,0.9,11.7,44,331,105.5,132.7,1
0,0,5.7,16.2,7.2,36.9,6.8,70,3.5,230.4,15.6,1,355.5,314.2,10.9,3.1,75.8,67,65.8,180.9,65.8,32.5,0.5,0.5,11,204,37.4,114.8,1
0.3,0.4,2,20.1,2.4,33.2,2.8,101.1,-0.1,-82.5,6.2,0.2,"1,274.60",726.4,3.2,0.3,104.6,59.6,18.6,31.5,18.6,81.3,0,0,225,"12,045",28.6,20.9,1
0,0,8.2,9.1,10,42.5,17.9,80.7,8.9,74.9,53.6,0.3,510.7,193.1,22.5,4.4,71.7,27.1,88.7,"1,554.60",96.8,0,1.8,-,42,529,129.3,"2,124.90",3
0,0,0,0.3,0.5,0.1,0.8,39.2,3.7,274.3,65.6,0,275.1,274.5,1.5,0.5,29.1,29,45.3,687,54.9,41.1,0.5,0,0,762,38.9,50.6,3
0.9,1.2,4.6,7.6,5.5,8.9,6.2,95.2,1.3,128.1,15.9,0,708.2,416.2,7.2,1,84.5,49.7,8.8,55.7,8.8,87.8,2.7,0.1,70,"1,696",46.1,23.7,2
3.8,5.5,0.7,12.5,0.6,13.3,0.6,75.8,0.2,328.8,10,0,133.9,141.5,2.4,1.8,91,96.1,3,52.7,5.9,92.9,0,0,70,"11,619",18.7,3.4,2
0.4,0.6,1.3,12,1.6,32.1,1.9,70.1,0.2,124.4,7.3,0,296.6,276.1,4.4,1.5,94.6,88.1,10.4,"1,094.40",12.1,86.8,0.9,0,160,"15,715",14.2,12,2
0.4,0.3,2.1,19.2,2.4,22,2.4,46.7,2.6,153.3,33.9,1,149.2,150,10,6.7,79.3,79.7,19.1,45.1,38.5,53.4,4.1,25.6,26,"1,352",12.9,23.5,2
0,0,6.9,8.1,9.1,18.1,13.9,108.7,-0.5,-20.3,17.8,0,"102,337.50",646.9,15.3,0,103.1,0.7,39.7,413.4,44.7,54,0.6,0,11,161,53.4,424.4,2
0,0,20.9,36.9,25.6,124.6,17.1,60.1,13.6,507.3,9.4,0.1,779.1,639.7,19.8,2.5,59.3,48.7,24,145,24.5,70.9,0.1,0.1,31,149,16.9,92.9,2
0.3,0,4.3,32.1,5.2,80,4.4,74.1,1.9,308.3,10.5,0.1,449.9,403.8,5.8,1.3,75.2,67.5,98.4,116.9,98.3,0.1,1.1,0,480,"11,795",19.5,117,1
0.1,0.1,3,27.3,3.1,40.6,5.5,106.5,-0.7,-56.7,22.4,0.9,185.3,153.2,14.1,7.6,104.9,86.7,23.4,48.4,27.9,62.4,1.5,0.1,65,"2,698",15.2,37.9,1
1,1.2,2,16,2.4,23.6,3.2,81.7,-0.4,-269.6,3.7,1.4,236.8,215.7,7.9,3.3,105.2,95.8,5.1,362.2,22.1,72.4,3.6,0,220,"12,766",16.2,6.3,1
0,0,-3.1,-11.3,-3.7,-11.1,-3.2,-54.6,4.8,154.4,54.1,6.4,154.2,154.3,9.2,6,65.5,65.5,8,122.2,17.8,74.5,6.1,0.2,-37,970,32.1,12.3,3
0,0,27.5,36.4,33.4,247.1,9.9,21.5,49.7,402.4,26.8,0,713.5,439.1,11.8,1.7,19.2,11.8,60.8,"7,695.50",71.8,5.5,1.2,0,124,479,91.9,"1,104.80",2
0,0,-0.3,-0.9,-0.3,-0.7,2.4,58.5,0.9,91,25.3,1.5,167,155.5,9.7,5.8,91.1,84.9,13.2,97,18.6,62.3,16.4,0,-4,"1,350",37.8,22.2,3
0,0,30.4,34.7,37.3,66,11.9,23.1,48,333.7,27.9,0,-,416.7,11.9,0,19.9,0,54.2,"1,558.30",54.4,0,4,-,27,91,104.4,-,2
14,14.4,2,18.6,2.4,141.8,3.6,79,0.7,47.2,32.5,0.7,191.1,153.8,8.2,4.3,92,74.1,26,42.1,16.6,68.7,3.8,28,4,244,15.2,30.5,2
9.9,9.8,1.4,16,1.5,298,2.2,62.2,1,64.4,42.4,0.5,151,131.1,7.6,5,88.7,77.1,23.3,39.8,16.1,66.6,4.2,20.1,4,315,14.2,27.5,3
8.7,8.9,1.5,17.5,1.7,148.9,2.4,54.1,1.2,73.8,37.2,1,167.2,143.3,7.9,4.7,86.8,74.4,21.3,38.5,11.9,68,4.9,26.1,4,292,15.5,25.6,2
0,0,4.1,4.6,5.1,2.7,13.2,94.7,0.7,8.4,63,0,"4,784.70",156.9,13.5,0.3,94.8,3.1,94.8,"20,300.00",0,0,16.2,-,2,51,207.8,"43,709.00",3
10.2,9.2,2.1,17,2.4,151,2.8,63.7,1.1,76.8,33,0.7,184,155,7.3,4,86.6,72.9,29.8,56.5,21.9,60.3,4,22.9,8,395,17,36.8,2
0.5,0.5,1.1,9.5,1.3,26,2.5,56,1.2,51.4,49.3,1,152.4,126.4,9.9,6.5,89.5,74.3,22,36.6,5.6,72.7,5.2,2.1,1,135,14.2,26.2,3
0.6,0.7,0.9,12.1,1,17.7,2.3,59,0.7,36.9,46.7,1.1,153.3,126.4,9.2,6,93.3,76.9,26.3,55.7,10.6,72,3.5,6,2,251,16.1,32.9,3
1,1,0.4,4.4,0.4,9.9,2.7,51.9,1.1,35,61.9,1.5,180.1,123.9,9,5,89.1,61.3,23.6,37.9,9.2,65.9,7.8,5.7,0,115,15.4,27.4,3
0.1,0.1,0.3,2.4,0.3,2.7,3.7,89.9,0,1.4,82.9,0.4,199.9,109.4,8.2,4.1,99.4,54.4,17.7,27.2,0.6,77.9,6,0.6,0,131,14.8,20.8,3
2.8,3.1,1.3,12.7,1.5,48.5,3.7,69.5,0.7,25,53.3,0.9,197.5,132.8,9.2,4.7,92.9,62.5,22.8,36.6,7.7,73.8,3.4,24.9,2,170,16.1,28.1,3
11.7,11.6,1.6,13.4,1.8,118,3.1,68,0.9,45.6,44.6,0.7,191.4,142,7.6,4,89.1,66.1,24.9,44.3,16.4,66.3,6.8,23.5,4,266,16.7,31.3,2
9.6,9.4,1.3,12.9,1.5,83.1,2.2,51,1.2,62.7,43.6,1.1,175.7,140.4,7.2,4.1,86.1,68.8,24.8,44.5,14.5,65.5,6.3,26.5,4,344,14.5,31.6,3
0.1,0.1,2.4,10.3,3.3,14.6,4.2,80.1,1,54.2,35.6,0.1,180.6,147.5,9.4,5.2,90.3,73.7,25.1,"1,099.60",33.1,39.4,3.7,0.3,67,"2,628",70.7,703.8,2
0.6,0.6,0.4,4.6,0.4,6.7,1.7,60.3,0.4,24.1,51.4,1,155.5,123.3,7.1,4.5,95.2,75.4,24.1,52.5,13.6,67.9,4.4,1.4,1,365,18.1,29.6,3
0.2,0.1,1.6,11.3,2,18.2,2.9,63.4,1.3,77.3,35.6,1,399.1,207.6,4.4,1.1,77.8,40.5,49,98.9,14.8,39.2,4.6,0,11,723,18.2,59.1,2
0.5,0.6,0.7,8.4,0.8,9.3,2.3,75.5,0.4,21,59.5,0.5,144.2,115.7,8.6,6,95.8,76.9,15.5,39.1,5.1,78.9,4.5,4.3,3,391,19.6,19.5,3
0.3,0.2,3.2,19.6,3.9,792.6,7.9,102,-0.2,-5.2,48,0.1,251.3,144.9,13.2,5.3,101.5,58.5,45.2,60.3,17.9,52.8,1.5,0,38,"1,212",19.2,56.8,2
3.9,3.7,1.7,16.1,1.8,56.7,2.9,57.9,0.9,40.3,47.4,1.6,184.7,136.9,8.7,4.7,90.2,66.8,24.1,41.9,10.6,62.9,9.7,28.9,3,174,19.5,30.9,3
0.1,0.1,1.7,10.9,2.3,41.5,6.4,104.5,-0.3,-7.2,62.3,0,455.9,141.1,8.2,1.8,103.5,32,42.2,93,14.5,56.4,0.2,0,56,"3,042",21.5,52.9,2
0.8,0.7,1.3,12.8,0.7,47.3,4.3,69.1,0.6,14.5,66.2,1.4,255.4,127.1,9.2,3.6,93.9,46.8,33.9,54.3,9.4,61.8,4.6,27.3,4,300,17.6,44,2
0.4,0.4,0.4,5,0.6,4.9,2.7,91.8,0.2,9.9,55.6,0.7,191.5,128,5.7,3,97.3,65,35.3,82.5,19.3,59.2,1.7,11.1,1,293,14.4,39.6,3
1.7,1.9,1.6,15.6,2,24.2,4.1,68,1,34.6,47,1.2,218.7,145.1,9.4,4.3,90.5,60,22.1,41.2,7.4,72.7,4.4,32.3,3,203,19.9,28.1,3
100,100,0.9,12.8,1.1,15.3,3.1,168.8,-1.3,-192.9,35.7,0.1,463.1,178.3,4,0.9,147,56.6,30.8,72.1,0.2,68.9,0.2,0,81,"9,731",14,33.6,2
1.1,1.1,0.9,8.9,1.2,9.7,3.2,70.5,0.4,18.1,49.4,1.1,164.4,126.5,10.5,6.4,96.3,74.1,27.9,48.7,8.8,68.4,4.4,11.5,7,704,20.3,34.3,3
100,100,1.4,14.4,1.6,47.9,3.7,73.5,0.5,20.2,47.5,1,207,139.8,8.7,4.2,94.8,64,22.4,41.9,16.7,65.7,6,32,3,217,15,28.7,3
0,0.1,5,8.1,5.7,9.5,7.9,93.5,0.5,21.6,29.9,0.2,"5,142.90",320.6,8,0.2,93.6,5.8,22.8,330.8,0.7,76.5,0.3,0,65,"1,418",56.1,58.5,2
0.2,0.1,-0.8,-5.5,-1.2,-6.2,1.2,23.6,1.9,47.4,82.2,2.1,136.4,107.1,11.3,8.3,85.5,67.1,36.1,59,17.4,59.9,7.9,0.2,-1,148,14.1,43.7,4
10.5,10.1,2.1,16.5,2.5,151,4,74.7,0.8,42.2,37.8,1,219.2,157.4,8.2,3.7,90.6,65.1,22.5,40.8,15.7,64.5,5.2,31.5,7,344,18.7,28.4,2
0,0,6.9,19.9,6.5,26.4,4.3,52.9,3.8,284.8,16.4,0.2,"1,487.80",513.9,4.6,0.3,55.1,19,98.1,142,37.2,0.8,1.7,5.8,18,338,62.8,140.3,1
0,0,3.6,10.7,4.5,22.1,5.6,77.6,1.6,60.2,37.3,0,460.6,206.7,7.2,1.6,81.5,36.6,71,180.6,0,27.8,2,3.5,7,182,40.2,117.1,2
0.3,0.4,1.3,11.7,1.4,15.8,1.9,97.4,0.1,24.3,10.7,0.4,"1,621.90",620.8,2,0.1,97.5,37.3,18.2,29.6,0,79.5,0,0,107,"10,588",23.8,20.3,1
0,0,6.7,7.5,8,32.2,16.6,87.2,2.4,22.3,57.1,0.2,651.7,158.7,19.6,3,89,21.7,98,981,30.7,0,0.8,-,32,512,107.1,"1,002.80",3
0,0,0.3,1.5,0.6,0.7,1.8,31,3.9,77.4,89.2,0,453.1,111,2.3,0.5,36.6,9,23.4,"1,452.10",21.4,49.4,0.6,0,1,478,32.5,28.2,3
0.8,1.1,4.2,6.5,4.9,7.5,5.8,78.6,1.6,76,28.2,0.4,"4,895.00",340.7,5.9,0.1,78.9,5.5,7.1,45.4,0,89.7,0.6,0.1,52,"1,315",47.8,22.9,2
2.8,3.9,0.7,10.4,0.7,11.8,1.1,102.6,-0.1,-25.1,31.3,0.1,182.8,142.5,2.6,1.4,103.4,80.6,4.2,54.4,0.4,94,0.4,0,52,"7,761",13.6,4.6,2
0.3,0.3,1.6,12.6,1.8,25.7,2.8,86.4,0.2,17.4,30.6,0.4,392.3,210.1,4.2,1.1,96,51.4,21.4,"2,335.50",2.9,77.1,2.6,0.1,128,"8,983",16.7,25.3,2
0.4,0.3,1.7,15.6,2.1,17.2,4.7,64.1,2.1,67.2,43.2,2,213.2,153.6,9.8,4.6,82.1,59.2,27.2,55.7,13.9,62.2,8.2,29.7,22,"1,388",13.4,33.7,3
0,0,6.2,7.6,7.6,15.6,10.8,95.1,0.6,15.8,31.1,0.2,"11,988.60",316.1,10.9,0.1,95.1,2.5,19,128.3,4,80.4,1.9,0,9,155,52.8,129.9,3
0,0,9,20.6,10.6,51.1,12.6,89.7,1.4,44.3,23.1,0.2,658.6,296.3,14.9,2.3,91.2,41,5.8,27,0.1,75.1,19.4,0.1,26,298,15.1,11.2,1
0.3,0,3,24.1,3.3,46.1,3,68,1.4,143.8,22.3,0.2,471.8,291.8,3.8,0.8,72.9,45.1,96.4,110.7,0.4,1.9,1.1,0,276,"10,564",15.2,320.4,1
0.1,0.1,4,30.3,4.2,46,5.9,91.1,0.4,18.9,31.8,0.2,204.3,156,11.9,5.8,96.8,73.9,28.1,97.3,8.1,62.4,0.4,0,57,"1,700",18,43.3,2
0.9,1.1,2.3,18.4,2.5,24.8,3.6,97.5,0.1,16.4,12.5,0.7,232.1,201,6.3,2.7,98.8,85.6,14.8,408.9,17.1,76.9,1.9,0,199,"9,637",17,18.4,1
0,0,0.3,1.5,0.4,1.5,3,76.2,0.8,24.3,85.7,0.1,167.5,107,7.7,4.6,90.4,57.8,27.5,337.2,5.8,64.5,5.1,0.3,5,"1,423",26.2,38.2,3
0,0,24.9,36.4,21.5,144.1,4.8,11.3,37.5,181.4,48.9,0.1,333.9,195.1,6.8,2,15.4,9,77.6,381.9,30.2,4.6,0.6,0,72,418,102.2,364.8,3
0,0,2.3,6.3,2.3,6.3,3,67.4,0.9,48.8,40.5,0.8,186.7,144.7,7.8,4.2,89.7,69.5,19.8,89,2.9,75.7,0.2,0,16,897,31.4,29.3,2
0,0,8.7,9.7,11.5,17.8,8.2,24.1,25.8,115,66,0,-,151.4,8.2,0,24.1,0,70.3,"29,439.00",0,0,10.1,-,7,84,104.1,-,3
13.8,13.6,1.991015297,18.80892778,2.395209723,128.9494118,3.3,67.9,0.9,61.6,30.8,0.9,204.5,163.9,7.6,3.7,89.3,71.6,28.9,46.1,19.3,65,4.1,26.9,4,197,14.5,33.8,2
8.9,9.2,1.2,12.6,1.4,204.7,2.5,62.5,1,61.2,41.5,0.9,169.6,139.4,7.3,4.3,87.8,72.1,20.3,34.9,14.5,68.4,4.6,20,3,240,13.1,23.3,3
8.2,8.6,1.4,15,1.6,108.1,2.4,53.1,1.2,65.5,40.5,1.1,172.6,142,7.8,4.5,86.8,71.4,22.4,42.4,13,69.5,5.3,27.8,3,230,14.2,27.1,3
0,0,3.1,3.6,3.6,2.1,11,92.3,0.9,10.9,69.5,0,"3,334.20",142.2,11.3,0.3,92.7,4,95,812,0,0,15.3,-,2,55,206.8,826.8,3
10.4,9.4,1.8,15.8,2.1,113.2,2.3,50.5,1.6,99.2,35.1,0.8,178.9,155.1,6.6,3.7,80.9,70.2,31.4,62.1,21.8,59.7,2.6,24.8,5,322,14.3,37.9,2
0.5,0.5,1.5,12.2,1.8,29.2,3.1,59,1.4,58.8,46.1,1,172.5,136.7,9,5.2,86.5,68.5,24.3,40.9,7.2,70.6,5.2,2.8,2,117,13.8,29.2,3
0.6,0.7,0.9,9.9,1,12.2,2.5,59.2,0.9,46.7,45.2,1.3,165.4,133,8.4,5.1,90.4,72.7,23.7,48.3,9,74.3,2.7,5,2,211,13.5,28.5,3
0.9,1,0.5,4.9,0.6,10.8,2.5,38.1,2,53,57,2.2,176.4,129,10.5,6,84.2,61.6,13.4,25,11.3,73.9,10,7.7,0,87,13.1,15.8,3
0.1,0.1,0.4,2.7,0.4,3,3,69.8,0.8,24.1,73.9,0.7,212.6,117.7,6.6,3.1,89.7,49.7,27.1,43.1,3.5,68.3,4.3,0.7,0,116,16.7,32,3
3.1,3.3,1.2,12.8,1.5,42.7,3,51.1,1.5,50.9,50.5,1.4,191.2,137.5,9,4.7,85.8,61.7,25.9,42.5,7.4,70.7,3.4,27.5,2,155,14.4,31.8,3
12,11.9,1.6,13.8,1.8,104.5,2.8,59.5,1.3,61.8,43.8,0.8,194.3,146.4,7.2,3.7,84.7,63.8,26.5,47.4,17.1,65.5,6.5,24.6,3,227,15.2,32.9,2
9.7,10.1,1.2,11.9,1.4,67.5,2.2,50,1.4,68,45.8,1.1,174.8,139.3,7.1,4,83.8,66.8,21.8,39.7,13.1,68.3,7,27.2,3,270,14.2,27.9,3
0.1,0.1,2.9,13.9,3.8,19.2,3.9,73.3,1.3,101,24.9,0.2,150,143,11.8,7.9,89.9,85.8,26.9,270.5,30,41.1,3.5,0.3,88,"2,937",64.3,177.4,2
0.6,0.6,0.1,0.8,0,0.9,0.9,23,1.6,71.5,60.9,1.4,148.9,122.2,6.4,4.3,79.8,65.5,31.9,78,14.5,64.2,4.8,2,0,311,18.3,39.5,3
0.2,0.1,1.4,9.9,1.6,14,2.9,71.6,1,66.2,38.2,0.9,508.9,209.3,3.8,0.7,78.6,32.3,59.9,120.8,19.7,29.5,2.5,0,9,692,18.8,70.7,2
0.5,0.6,0.6,6.8,0.7,8,2.2,71.4,0.4,20.7,63.2,0.5,147.4,114.9,8.3,5.7,95.4,74.4,16,34.9,7.2,77.9,4.5,2.4,1,280,17.7,20.1,3
0.3,0.2,2.4,15.5,3.2,585.1,3.7,50.7,3.5,89.9,52.1,0.3,197.9,145,7.9,4,69.6,51,52.2,66.6,11.8,46.4,1.3,0,25,"1,024",18.2,66.2,2
4,3.6,1.5,15,1.6,42.5,2.8,54.2,1.2,47.7,49.1,1.7,194.6,139.1,8.1,4.2,87.1,62.2,27.9,48.8,12.6,59.9,8.9,29.2,2,149,17.5,35.8,3
0.1,0.1,2.2,13.5,2.5,51.3,4,71.4,1.6,54.5,52.4,0.2,290.3,152.9,6.1,2.1,79.2,41.7,56.7,99,34.8,41.5,0.3,0,69,"3,371",21.6,68.7,2
0.9,0.8,-1.3,-14.4,-1.4,-54.7,1.7,24.6,2.8,57,73.2,3.2,188.9,119.3,8.3,4.4,74.8,47.2,38.2,63.7,9.5,58.1,6.9,38.6,-4,271,20.4,51.6,3
0.3,0.3,0.2,2.3,0.3,3.3,2.3,77,0.4,17.2,73.5,0.5,186.2,115.2,5.6,3,93.7,58,34.7,72,21,61.7,2.1,12.8,0,187,19.8,38,3
1.9,2,1.2,12,1.4,16.4,3.4,60.3,1.2,39.4,53.6,1.2,212.4,137.5,8.5,4,87.6,56.7,24.1,47.4,10,70.1,3.9,34,2,185,17.7,30.4,3
100,100,0.6,7.2,0.6,7.8,2.3,166.3,-0.9,-126.9,52.3,0.1,556.1,153.8,2.8,0.5,148.6,41.1,39.1,75.6,1.4,60.3,0.3,0,41,"8,688",12.9,42.3,3
1.5,1.5,0.6,8.4,0.7,6.1,2.3,60,0.8,45.8,45.2,1.4,171.7,135.2,7.2,4.2,90.2,71,27.6,53.5,4.6,69.1,2.5,10.5,4,766,15,32.1,3
100,100,1.3,12.6,1.5,38.2,3.1,55.8,1.1,39.1,50,1.3,206.8,139.9,8.6,4.2,88.8,60.1,24.4,47.3,18.9,62,6.7,35,2,161,14.5,32.8,3
0,0,3.9,5.4,4.3,6,7,92.6,0.6,18.4,40.4,0.2,"12,669.50",244.8,7,0.1,92.6,1.8,37,"5,049.80",11.5,62.2,0.5,0,41,"1,196",69.8,107.1,3
0.2,0.2,0.2,1.8,0.3,2.1,2.4,52.4,1.3,40.7,70.7,1.1,153.2,114.3,9.5,6.2,87.7,65.4,33.5,60.2,13.2,63.1,4.6,0.2,0,174,16,40,3
10.9,10.8,1.9,15.2,2.2,120.7,3.1,58.9,1.3,61,41.3,1,213,154.7,7.4,3.5,84.9,61.6,21.1,39.6,16.8,65.5,5.2,31.6,5,294,16.2,26.3,2
0,0,6.5,12.7,6.7,14.2,5.2,58.8,3.6,193.7,21.1,0.3,"5,403.30",454.4,5.3,0.1,59.5,5,96.6,190.3,44.2,1.5,3,3.8,9,175,80.2,184.4,1
0,0,3.1,8.5,3.4,15.9,4.5,69.9,1.9,67.3,44.7,0.2,678.6,197.5,5.3,0.8,73.2,21.3,71.3,126.1,4.4,27.6,2,0.6,5,189,46,110.2,2
0.2,0.3,1.9,11.9,2.1,14.3,2.3,85.8,0.4,126.8,11.2,0.2,983.8,524.8,2.6,0.3,87.1,46.4,16.7,68.3,0,80.4,0,0,97,"5,792",15.1,19.9,1
0,0,6.8,8,9.1,31.6,6.5,34.5,12.4,129,50.8,0.3,716.2,187.2,7.6,1.1,37.9,9.9,96.9,"2,803.70",4.4,0,0.9,-,32,445,112.5,"2,855.20",3
0,0,-9.9,-45,0.5,-28,2.4,26.4,6.8,79.4,92.7,0.2,230.2,106.5,4.3,1.9,38.8,17.9,52.5,370.7,34.5,4.8,0.9,0,-38,294,21.2,74,3
0.8,0.9,4.1,6.2,5.1,7,5.5,74.4,1.9,90,28.5,0.3,"214,461.60",350.7,5.5,0,74.4,0.1,21.7,130.5,0,74.3,0.6,0.2,43,"1,150",49.6,67.1,2
2.6,3.6,0.7,8.4,0.6,11.4,1.2,125,-0.3,-79.6,33.8,0,209.6,144.2,2.4,1.1,112.5,77.4,5,646.9,1,90.2,0.4,0,140,"22,759",13.4,5.7,3
0.3,0.3,1.2,9.6,1.3,44.5,2.3,81.8,0.4,37.3,42.6,0.3,406.9,182,3.1,0.8,87.5,39.2,20.9,"2,802.40",3,77,3.2,0.1,71,"7,043",13.4,25.3,3
0.4,0.3,1.3,11.1,1.5,11.9,3.5,65.8,1.6,47.3,61.8,0.5,181.8,125.7,8.4,4.6,84.3,58.3,29.1,70.8,11.9,61.7,7.2,28.3,16,"1,363",12.7,36.5,3
0,0,7,8.4,8.3,16.1,10.5,87.3,1.5,44,28.9,0.2,"6,792.20",335.1,10.6,0.2,87.4,4.3,21,118.9,4.7,78.8,1.7,0,10,148,51.9,120,2
0,0,5.3,14.8,7.1,30.7,9.5,85.4,1,29.5,30.7,0.7,577.4,239.4,12.3,2.1,92.4,38.3,8.2,28.5,0.6,68.3,23.7,0.1,15,268,15.3,14.9,2
0.3,0,2.8,21.6,3.3,35.3,3,66.4,1.5,141.3,23.8,0.2,580.3,302.9,3.7,0.6,70.5,36.8,96.7,112.8,0.6,1.2,1.3,0,212,"8,006",22.8,316.7,1
0,0,3.9,26.4,3.9,82.2,7.1,107.3,-0.5,-23.1,31.8,0.5,247.7,165.2,11.9,4.8,104.3,69.6,22.9,100.3,4.1,62.2,0.3,0.6,37,"1,174",17.3,38.3,2
0.9,1,2.1,17.6,2.5,23.2,3.2,100.4,0,-4,15,0.3,229.7,191.9,5.7,2.5,100.3,83.8,18.9,411.3,20.1,72.2,1.9,0,159,"8,001",14.3,22.5,2
0.1,0.1,0.8,4.3,1.5,4.3,2.6,45.1,2.3,69.1,58.7,0.8,189.1,132.9,7.2,3.8,75.7,53.2,17.6,348.3,4.6,74.8,5.4,5.5,14,"1,681",17.9,22.9,3
0,0,-4.6,-7,-6.8,-17.3,4.4,19.8,18,61.5,130.5,0,168.1,80.9,10.9,6.5,37.8,18.2,72.8,"10,701.40",22.4,11.1,5.6,0,-9,159,80,641.3,3
0,0,3.4,5.9,3.5,5.5,2.7,58.1,1.2,61,42,1,190.7,146.8,7.3,3.8,85.9,66.1,19.5,93.6,4.1,79.1,0.3,0,14,510,53.8,40,2
0,0,7.4,8.3,9.5,14.7,6.5,21,24.5,113.9,69.3,0,-,144.2,6.5,0,21,0,70.8,"13,669.10",0,0,10.8,-,6,81,108.2,-,3
13.5,12.8,1.875731777,17.18347967,2.168617898,103.2494,3.2,73,0.9,51.6,39.5,0.5,191.1,147.7,7.3,3.8,89.1,68.9,31.6,51.2,21.4,61.7,3.7,26.9,3,167,15.1,36.8,2
8.4,8.7,1.3,12.9,1.5,185.2,2.6,63,1.1,56.9,45.6,0.7,170.8,136.2,7.3,4.3,87.3,69.6,19.9,37.6,15,67.5,4.8,21.1,2,198,13.8,23.1,3
8.2,8.5,1.1,12.2,1.4,77.2,2.4,58.5,1.2,59,47.4,0.8,167.4,134.1,7.5,4.5,86.5,69.3,24.3,44.4,13.8,67.7,5.1,29.6,2,199,14.5,29.2,3
0,0,3.1,3.7,3.7,2.1,11,94.7,0.6,7.6,67.8,0,"3,197.40",145.5,11.3,0.4,95,4.3,94.1,775.6,0,0,16,-,2,53,211.3,791.1,3
10.5,9.7,1.4,11.6,1.6,74.9,2.4,53.8,1.3,71.8,40.7,1,192.8,150.7,6.5,3.4,83.4,65.2,33,61.3,23.6,60.4,2.5,27.9,3,260,14.6,39.4,2
0.5,0.5,1.4,11.1,1.6,24,3,61.4,1.1,44.9,50.4,0.9,177.9,133.1,8.7,4.9,88.6,66.3,33.3,62.4,13.8,62.1,5.5,4.5,1,103,14.5,40.1,3
0.5,0.6,0.8,10.1,1,9.6,2.9,72.7,0.5,23.4,53.2,0.9,180.4,128.9,8,4.4,94.1,67.2,20.3,44.8,6.5,77,3.2,5.6,1,167,13.6,23.9,3
1.1,1.1,0.5,4.2,0.3,8.9,2.9,51.8,1.3,36.7,62.3,1.8,186.1,124.8,9.4,5,88,59,19.5,35,12.9,68.5,9,9.8,0,81,13.7,23.4,3
0.1,0.1,0.3,2,0.4,2.2,3.7,81.3,0.5,14.2,83.8,0.4,199.4,109.4,8.1,4.1,93.7,51.4,25.3,67.2,5.3,67,5.9,0.9,0,93,19.9,31.1,3
3.2,3.6,1.3,13.7,1.1,40,3.2,60,1.1,36.4,55.5,1.3,197.7,132.5,8.6,4.4,88.9,59.5,22.3,37.7,7.3,73.9,3,28.2,2,135,13.9,27.4,3
12.3,12.2,1.2,10.1,1.4,68.5,2.7,62.2,1.2,50.3,52,0.7,188,135.3,7,3.7,85.8,61.8,27.4,53.1,16.7,64.5,6.4,26.1,2,200,15.6,34.1,3
9.9,10.2,0.9,8.8,1.1,42.8,2.4,55.4,1.1,52.2,51.4,1.1,181,134.3,6.9,3.8,85.9,63.7,24.1,46.5,14.5,67.5,6.6,29.4,2,220,13.8,30.8,3
0.1,0.1,0.8,3.5,1,4.6,2.4,84.7,0.3,30.6,39.2,0.7,167.2,135.8,6.2,3.7,94.8,77,25,89.9,28.5,44.6,3.4,0.2,21,"3,069",61,90,3
0.6,0.6,0.5,6.1,0.6,9.6,2.6,49.5,1.5,46.8,58.3,1.6,191.5,130.2,8.1,4.3,84.8,57.7,25.5,64.9,6.4,71.1,5.3,2.8,1,223,15.5,30.8,3
0.2,0.1,1.8,12.4,2.2,15.9,2.5,62,1.4,81.7,42.1,0.2,458.6,195.8,3.4,0.7,70.9,30.3,56.5,116.5,12.2,33.8,2.6,0.1,10,575,18.6,67.8,2
0.5,0.6,0.5,5.4,0.6,5.8,2.4,67,0.6,25.4,62.9,0.8,160.7,118.4,7.9,4.9,93.3,68.8,19,42,7.3,76.7,5.1,1.7,1,191,16,22.9,3
0.4,0.3,2.2,14.1,2.6,507.4,5.3,85.7,0.8,25.1,54.9,0.1,250.8,140.2,8.8,3.5,91.2,51,50.8,64.4,13.4,44.1,1.1,0,21,"1,046",17.6,62.2,2
3.8,3.5,1,10.9,1,42,2.6,55.9,0.9,32.8,60.3,1.4,186.4,125.9,8.1,4.3,89.8,60.6,28.3,51.3,15.3,61,8.6,31.9,1,122,16.1,36.2,3
0.1,0.1,2.4,14.2,3,53.7,4.1,65.1,2.2,66.8,52.2,0,293.7,155.6,6.2,2.1,73.9,39.1,40.4,122.6,11.8,57.9,0.5,0,72,"3,013",20.7,50.1,2
1.4,1.4,-1,-11.7,-0.9,-50.8,1.7,29.7,2.3,50.7,76.9,2.2,188,115.8,7.6,4,77,47.4,31.8,56.9,7.3,64.7,4.4,36.1,-1,111,15.7,40,3
0.3,0.3,-0.3,-2.8,-0.3,-4.1,2.1,78.1,0.1,5.8,84.2,0.7,200.2,108.8,5.2,2.6,97.5,53,36.2,99.7,16.3,61.9,3.5,11.8,0,151,12.8,40.6,4
2.2,2.4,0.3,2.9,0.3,3.3,3.2,70.4,0.5,15.3,67.2,1.2,219.2,123,7.6,3.5,94.2,52.9,23.2,46.6,10.3,71.5,3.1,32.1,0,165,15.8,28.4,3
100,100,0.3,2.8,0.4,2.9,2,143.7,-0.6,-69.5,62.9,0.1,712,142.9,2.3,0.3,135.4,27.2,45.7,92.3,0.6,53.5,0.7,0,15,"5,667",14.1,51.7,3
1.4,1.5,0.2,3.7,0.2,3.4,2.4,87.8,-0.3,-20.9,61.6,0.8,171,117.4,7.3,4.3,105,72.1,29.3,57.6,4.9,68,2.4,10.1,1,583,12.2,32.6,3
100,100,0.9,8,1.1,23.5,3.6,63.5,1,31.5,56.9,1.4,208.1,132.5,8.9,4.3,89.8,57.1,20.9,40.1,17.2,66.8,7.1,37.8,1,134,15.4,28.4,3
0,0,3.4,3.9,4,4.1,7.7,95.1,0.4,10.1,48.8,0.1,"13,300.00",203.3,7.8,0.1,95.1,1.5,84.9,"43,449.70",60.7,13.9,0.7,0,28,882,227.9,550.5,3
0.3,0.3,0.3,1.9,0.3,2.2,2.4,61,0.9,30.5,70,0.9,156.3,114.3,8.8,5.6,91.1,66.6,29.6,59.5,11.9,68.1,5.2,0.2,0,171,15.6,35.1,3
11.4,10.9,1.4,12,1.7,81.1,3,64,1.1,47.1,49,0.9,213,143.6,6.8,3.2,86.3,58.2,23.4,46,17.6,62.6,4.9,33,3,260,15,29.2,3
0,0,3.4,5.6,4.2,7.3,5.7,82.4,1.2,44.6,38.4,0.1,"4,796.60",253.3,5.9,0.1,83.1,4.4,93.9,310,44.7,3.1,4.7,3,4,113,95.6,255.6,2
0,0,3.9,7.2,4.1,12.4,5.7,70.1,2.3,60.9,46.9,0.2,991.7,196.7,6.4,0.6,73.5,14.6,56.5,225.7,5.2,40.9,3.3,0,4,115,52.2,114.7,3
0.2,0.2,1.8,6.8,1.7,7.5,2.5,96,0.1,34.3,11.7,0.6,847.4,459.6,2.8,0.3,96.4,52.3,14.4,84.7,0,79.6,0,0,50,"4,179",20.5,17.8,2
0,0,8.2,9.8,9.2,35.5,10.5,56.8,8,88.1,49,0.3,"1,004.30",192.2,11.7,1.2,59.4,11.4,97.2,555.1,1.8,0,1,-,36,482,120.4,564.6,3
0,0,-2.2,-12.7,-4.1,-10.4,12.7,121.3,-5.2,-46.6,105.8,3.5,512.6,95.9,19.5,3.8,136.2,25.5,37.5,111.4,28,27.5,6.8,51.8,-14,467,23.3,51,3
0.8,0.9,3.3,4.8,4.2,5.5,5.7,84.1,1.1,45.6,34.9,0.2,"827,218.90",286.5,5.7,0,84.1,0,26.6,187.5,0,69.9,1.8,0.2,30,970,57.2,92.8,3
2,3,1.3,10.8,1.1,19.6,1.6,99.5,0,-3,27.1,0.1,247.4,176.3,2.7,1.1,100.5,71.6,0.4,24.3,0.9,97.1,0.3,0,163,"14,813",18.9,0.5,2
0.2,0.3,1.4,9.3,1.7,39.2,3,86.7,0.5,27.8,46.9,0.2,460.2,174.7,3.9,0.8,89.5,34,15.2,"3,221.70",3.9,82,4.1,0.1,63,"4,774",17.8,18.2,3
0.3,0.3,1.2,8.8,1.4,9.4,3.6,60.7,2,49.7,65.7,0.7,180.9,123,9,5,82.2,55.9,25.3,59.4,12.4,62.5,6.9,26.4,10,945,13.6,32.3,3
0,0,6,7,7.3,12.4,9.1,79.7,2.3,57.1,35.6,0.1,"84,092.90",280.5,9.1,0,79.7,0.3,19.4,163,1.8,79.1,2.4,0,7,129,51.2,163,3
0,0,2.6,5.8,2.4,10.9,4.6,73.6,1.5,47.5,49,0.8,421.1,170,6.3,1.5,81.2,32.8,1,2.3,0.2,84.5,5.6,0.1,5,309,16.5,1.6,3
0.3,0,2.8,20.4,3.1,29.1,2.7,66.6,1.4,129.9,25.7,0,593.7,289.7,3.3,0.6,70.6,34.5,93.4,109.1,2.6,2.4,1.5,0,175,"7,092",26.3,274.5,2
0,0,2.8,17.1,3.4,41.8,6.2,85.2,0.8,23.8,43.8,0.6,210.9,145.1,12.3,5.8,94.2,64.8,38,165.2,8,58.4,0.5,0,19,719,21.7,50.3,2
0.9,0.9,2.2,17,2.5,23.2,2.8,81.9,0.4,83.6,14.3,0.5,237.5,209.4,5.2,2.2,92.7,81.8,27,202.4,19.5,66,1.9,0,136,"6,912",14.9,31.9,2
0.1,0.1,-5.2,-24.8,-5.5,-27.9,2,62.9,0.4,4.9,246.5,0.9,160.5,62.6,7.5,4.6,95.1,37.1,19.9,338.7,4.4,69.6,4.3,7.8,-94,"1,793",17.1,26.4,3
0,0,5.9,11.8,6.6,28.4,4.1,14.9,23.1,112.6,75.6,0.1,442,130.6,5.2,1.2,18.5,5.5,83.1,346.8,63.8,6.8,4.1,0,14,216,63.6,277,3
0,0,4.6,6.3,3.6,3.4,2.8,62.6,1,47.4,49.2,0.9,191.4,138.1,7.1,3.7,87.3,63,21.8,284.3,3.2,76.2,0.3,0,9,322,91.7,86.1,3
0,0,5.2,5.9,7.8,10.1,7.4,20.2,29.3,101.3,78.8,0,-,127,7.4,0,20.2,0,70.2,"6,329.60",0,0,11.2,-,4,79,129.6,-,3
13.1,11.7,1.779933927,17.27043962,2.091569667,162.02036,3.2,73.4,0.9,51.5,38.2,0.6,190,148.5,7.3,3.9,89.6,70,35.1,58.1,26.1,57.3,3.8,29.7,2,145,18.2,41.5,2
8.2,8.4,1.5,14.4,1.8,176.5,2.7,61.6,1.1,59,43.5,0.7,180.6,141.7,7.4,4.1,86.7,68,19.7,34.7,17.3,65.5,4.9,24.6,2,173,13.6,23.1,3
8.4,8.6,1.2,12.8,1.4,70.1,2.2,50.1,1.5,75.4,44.5,1.1,169.2,139.5,7.2,4.2,82.9,68.4,26,47.3,14.9,66.1,4.6,31.4,2,177,14,30.8,3
0,0,2.4,2.8,2.2,1.5,9.3,92.5,0.8,9.6,77.8,0,"2,610.50",127.2,9.7,0.4,92.8,4.5,94.4,740.6,0,0,16.9,-,1,51,212.9,751.9,3
10.9,10.4,1.6,13.6,2,79,2.6,55.1,1.4,77.6,37.9,1,196.5,156,6.9,3.5,83,65.9,31.8,62.5,24.6,61.3,2.2,33.8,3,207,15.2,38.2,2
0.5,0.5,1.7,12.5,1.9,23.7,2.9,46.8,2.2,76.9,47.2,1.4,184.8,143.1,8.5,4.6,79.2,61.4,20.4,36.5,10.7,65.9,5.4,7,1,88,15.1,24.7,3
0.4,0.5,1,13.7,1.2,13.5,3.2,72.1,0.6,22.9,56,0.8,178.9,126.4,8.8,4.9,93.9,66.3,21.4,44.5,5.2,77,2.1,5.5,1,120,13.2,25,3
1.1,1.2,1.1,10.1,1.3,20.6,3.4,52.8,1.9,49.9,58.1,1.4,187.2,130,9.9,5.3,84,58.4,17.6,31.1,12.3,69.1,9.2,11.9,1,68,14.6,21.6,3
0.1,0.1,0.4,2.6,0.4,2.7,3,82.9,0.5,17.1,77.3,0.4,187.1,112.8,6.7,3.6,93.4,56.3,31.7,164.3,5.4,64,3.8,1.1,0,78,17.1,37.5,3
3.3,3.8,1.1,11.1,1.3,28.2,3.3,63.4,1.2,38.5,59,0.9,197.2,129.6,8.3,4.2,87.3,57.4,23.5,37.2,8.5,72.1,3.4,30.4,1,114,14,28.9,3
12.6,12.9,1.5,12.8,1.8,75.2,2.8,58.1,1.6,66.6,50.6,0.6,186.4,138.8,6.8,3.6,80.9,60.2,28,52.4,17.6,65.6,6,27.1,2,175,16,35.2,3
9.6,10.1,1.1,10.1,1.3,42.4,2.4,53.3,1.4,65,48.2,1,190.9,141.9,6.5,3.4,82.2,61.1,25.8,52.3,13.8,67.3,5.2,30.4,2,181,15,33.6,3
0.1,0,1.7,3.9,1.5,5.2,2.7,81,0.6,34.4,50.8,0.2,351.9,158.9,3.8,1.1,86.8,39.2,43.7,"3,326.40",55.9,0.1,5,78.9,24,"2,059",85.9,"3,509.10",3
0.6,0.7,1.2,16.7,1.5,21,3.3,63.1,0.9,35.2,47.9,1.2,177.6,133.6,9.8,5.5,91.9,69.1,22.4,50.9,8.7,74,5.5,4.6,2,146,15.1,27,3
0.2,0.1,2,14.2,2.4,16,2.8,62,1.6,93.2,37,0.4,481.7,216.2,3.7,0.8,70.5,31.7,56.6,148.1,8.2,36.7,2.8,0.1,10,531,15.8,67.5,2
0.5,0.5,0.1,0.9,0.1,0.8,2.1,62.9,0.7,29.5,72.5,0.8,155.3,112.8,7.2,4.6,91.2,66.2,20.4,46.3,10,74.3,4.9,1.8,0,150,17.7,25.3,3
0.4,0.2,2.2,13.1,2.7,440.9,7.2,115.8,-1,-29.1,54.9,0.1,389.3,147.5,9.7,2.5,111.4,42.2,64.1,87.4,6.8,33,1.4,0,19,916,23.3,79,2
3.7,3.6,0.9,10.7,0.9,79.1,3.1,58.6,1.2,36.9,59.2,1.3,202.4,130.1,8.3,4.1,87.6,56.3,28.6,51.4,15.5,62,5.5,35.2,1,97,14.1,36.2,3
0.2,0.1,3.1,17.3,3.5,59.7,5,71.1,2,59.4,48.7,0.1,290.5,159.6,7.7,2.6,78.9,43.4,58.2,114,19.9,37.3,0.8,0,81,"2,922",28.4,72.4,2
1.8,1.6,-0.2,-1.9,-0.2,-8.6,2.1,37.4,1.9,46.9,72.2,1.7,190.5,119.1,7.7,4,80.4,50.3,40.5,63.2,4.6,57.2,4.5,43.3,0,113,15.1,49.5,3
0.2,0.2,0.3,2.1,0.4,3,3.9,77.6,0.1,2,69.8,1.1,211.7,119.1,9.3,4.4,99.2,55.8,19.8,35.9,5.9,76.5,5.8,13.4,0,83,18.9,24.7,3
2,2.3,0.5,5.1,0.6,6.3,3.7,71.8,0.7,19.6,67.1,1.1,216.7,123.3,8.3,3.8,92.5,52.6,22.7,44.5,9,73.8,3.2,38,1,120,14.4,27.4,3
100,100,0.1,0.2,0.1,0.2,1.8,107.1,-0.1,-9,78.7,0.3,"1,490.20",124.6,1.9,0.1,106.6,8.9,61.2,106.3,0.4,37.1,1.7,0,1,"3,229",21.8,73.8,3
1.4,1.5,0,0,0.1,0,1.9,80.6,0,2.4,68.6,0.7,154.8,112.7,6.4,4.1,99.4,72.3,27.3,48.6,4.7,70.3,1.7,9,0,534,13.7,30.7,4
100,100,1.2,10.8,1.5,30.9,3,48.8,1.9,62.7,51.3,1.4,190.6,138.6,8.6,4.5,81.6,59.4,21.1,39.5,16.6,66.8,6.8,42.6,1,114,17,28.1,3
0,0,4.9,5.5,3.1,2.8,7.6,100.3,0,-0.6,55,0.3,"148,792.50",181.9,7.6,0,100.3,0.1,90.3,"15,048.00",59.9,8.6,0.9,0,19,783,595.4,992.6,3
0.3,0.3,0.7,4.9,0.8,4.9,3,61.1,1.3,41.1,65.8,0.9,169.8,120.1,8.7,5.1,86.8,61.4,30,53.1,17.2,66.1,3.2,0.9,1,154,18.5,36.7,3
11.6,11.1,1.5,13.2,1.9,76.2,2.9,58.8,1.5,68.7,44.1,0.8,197.4,148.3,6.9,3.5,82.3,61.9,25.4,53.3,19.7,61.2,3.8,35,3,218,15.2,31.3,2
0,0,2.1,3.6,2.7,4.4,4.3,77.7,0.9,36.2,45.3,0.4,"6,127.50",217,4.7,0.1,83.8,3,93.3,275,43.6,3.3,5,2,2,109,80,252.7,3
0,0,3.5,6.2,4.9,10.1,7.2,77,2,46.2,45.4,0.2,"1,461.70",206.7,8,0.5,80.2,11.3,52.8,207.1,1,44.4,5.2,0.1,3,78,66.5,172.2,3
0.1,0.1,5.4,11,3.4,5.8,4.5,99.5,0,3.9,13.5,0.4,"6,516.30",673.2,4.5,0.1,99.5,10.3,57.3,293.7,0,42.5,0.1,0,39,"1,457",87.1,114.4,1
0,0,11.3,12.4,13.3,40.4,23.2,95,1.2,11.5,44,0.4,"1,860.40",213.2,24.5,1.3,95.2,10.9,97.6,"1,755.10",2.3,0,1.2,-,40,384,107.7,"1,789.10",2
0,0,-0.1,-1,-0.1,-0.9,27.2,331.2,-19.8,-267.6,90.1,0.9,"1,276.70",108.3,30.4,2.4,286.9,24.3,50.5,150.6,13.1,31.9,3.5,92.4,-1,831,16.9,61.6,3
0.9,0.9,3.4,4.9,4.4,5.6,5.5,77.7,1.6,67.4,33.1,0.4,"51,587.60",301.2,5.5,0,77.7,0.5,26.9,187.8,0,70.4,1,0.2,28,858,66,101.3,3
1.8,2.6,1.5,10.4,1.3,17.8,1.8,99.8,0,-5.9,28,0.1,288.7,188,2.9,1,101.1,65.8,3.4,401.3,1.4,94.5,0.4,0,214,"16,871",24.1,4.1,2
0.2,0.3,1.3,7.5,1.5,29.3,2.9,76.3,0.6,34,49.3,0.4,455.7,169.8,4,0.9,86.4,32.2,16.2,"2,165.70",2.4,80.3,5.1,0.2,47,"3,915",20.4,19.9,3
0.3,0.3,1.4,9.6,1.5,11.6,3.6,60.4,2.1,55.4,62.3,0.7,176.7,125.5,9,5.1,81.4,57.8,26.4,59.5,14.2,64.4,8.2,30.8,10,783,12.7,32.3,3
0,0,4.3,5.5,5.8,9.2,8.6,87.6,1.2,30.8,40.3,0.1,"61,264.70",247.6,8.7,0,87.6,0.4,22.7,188.2,1.9,76,2.6,0,5,120,49.7,188.2,3
0,0,4,5.5,5.5,9.7,8.6,57.4,4.5,60.2,49.8,2.1,625.2,179.5,12.5,2,73.5,21.1,2.8,43.3,1,93.2,16.3,0,5,111,24.7,25.1,3
0.3,0,2.2,17.5,2.7,20.2,2.5,63.5,1.5,118.2,30.8,0,447.5,240.8,3.3,0.7,69.2,37.2,92.8,112,3.1,3.1,0.5,0,121,"5,496",30.2,287.7,2
0,0,3.1,18.4,3.3,36.5,5,79.8,1.1,41.5,41.8,0.4,218.2,152.1,9.6,4.4,89.8,62.6,43.6,75.7,10.1,53.6,1.7,0.1,16,634,16.9,85.3,2
0.8,0.9,2.6,17.7,2.9,24.6,3.5,85.2,0.6,78.6,18,0.4,314.1,241.3,5.1,1.6,89.9,69.1,27.5,180.8,22.8,69.9,2.1,0,123,"5,234",18.1,33.5,1
0.1,0.1,-3.2,-14.4,-4.6,-19.7,1.6,25.6,3.1,100.6,49.8,7.7,163.3,139,8,4.9,72,61.3,19.9,109.4,7.1,63.8,12.7,12,-66,"1,851",20.7,28,3
0,0,2.5,7.1,3.1,15.5,4.3,18.9,18.4,94.1,86.2,0,218.3,113.5,7.9,3.6,30.1,15.7,82.2,492.5,47.2,8.8,3.4,0,8,263,59.6,171.3,3
0,0,-3.3,-3.8,-3.6,-2.3,2.8,60.2,1.3,57.7,47,0.9,192.8,142.2,7.1,3.7,84.8,62.6,4.9,39.1,2.9,84,0.8,0,-2,61,135.4,29.7,3
0,0,3.8,4.3,5.4,7,6.1,21.2,22.6,97.8,80.6,0.2,"231,700.00",124.1,6.1,0,21.2,0,72.5,"18,593.60",0,0,11.5,-,3,76,94,-,3
12.7,10.9,1.8,18.7,2.1,133.2,3.4,71.6,1,58.2,37.1,0.9,216.7,160.3,6.9,3.2,87.1,64.4,36.7,57.3,30.3,53.5,2.4,33.6,2,125,13.2,42,2
8.6,8.4,2.2,20.8,2.4,220.1,3.1,64,1.5,76.8,38.7,0.6,210.4,159.9,6.6,3.1,81.9,62.2,22.5,40.8,20.4,60.6,4.1,27.2,3,160,13.9,26.1,3
8.3,8.5,1.3,12.9,1.5,63.4,2.6,54.6,1.2,63.9,40.6,1.4,208.1,154.4,6.8,3.3,84.6,62.8,28.3,53.4,16.3,64,4.8,35.1,2,158,13.7,33.5,3
0,0,-0.7,-0.8,-0.7,-0.4,6.9,92.1,0.6,7.3,109.3,0,"1,916.30",91.9,7.3,0.4,92.5,4.4,94.4,723.4,0.2,0,17.6,-,0,50,200.4,729.3,3
11.2,10.9,1.7,13.6,2.1,73.6,2.8,55.5,1.7,87.9,37.5,1,217.6,166.2,6.2,2.9,79,60.4,31.2,65.4,25.6,60.2,1.9,37.3,3,186,15,37.3,2
0.5,0.5,1.3,8.3,1.6,15.4,3.8,63.2,1.4,39.6,57,1,229.1,136.8,8.3,3.6,85.9,51.3,27.1,45.8,11.8,67.4,4.8,12,1,65,15.2,33.6,3
0.4,0.5,0.8,10,0.9,8,2.5,66,0.9,39.7,60.1,0.6,172.4,124.1,6.9,4,88.4,63.6,21.1,40.7,5.1,77.7,1.6,7.9,1,107,13.3,25,3
1.1,1.3,1.3,10.8,1.4,21,3.3,51.2,2.1,54.6,59.6,1.2,207.7,133.1,8.4,4.1,80,51.3,16.5,31.3,9.8,72.1,7.5,13.1,1,60,13.5,20,3
0.1,0.1,0,0,0,0,2.4,75.1,0.7,22.6,94.7,0.2,201.4,103.1,5,2.5,88,45,47,99.9,9,47.6,4.1,1.5,0,59,19.8,57.1,3
3.3,3.8,1.1,10.6,1.3,24.3,3.2,61.2,1.5,48.4,60.9,0.7,196.4,129.2,7.5,3.8,83,54.6,23.9,41.6,11.3,71.4,3.6,31.9,1,98,14.2,29.7,3
12.9,13.3,1.6,13.7,1.8,70.3,2.8,56.6,1.7,73.2,48.2,0.7,197.8,145.2,6.4,3.2,78.8,57.8,26.2,46,18.1,64.3,5.7,28.3,2,161,14.4,32.8,3
9.1,9.5,2.4,18.7,1.7,73.7,2.4,48.4,1.8,81.1,45.3,1,202,151,6.2,3.1,77.3,57.8,26.5,52.3,14.6,64.5,5.7,34.9,3,157,16,35.2,3
0,0,4.5,5.9,4.9,7.9,4.8,46.7,4.5,113.8,38,1.5,"84,047.40",263.2,5.9,0,56.8,0.2,46.5,"2,347.40",56.7,0.2,12.3,53.1,36,815,36.4,"2,570.90",2
0.6,0.6,0.8,13.1,0.9,18.2,2.6,52.6,0.9,39.8,48.2,1.6,209.1,142.3,7.6,3.6,89,60.6,19.7,36,19.4,61.8,4.1,5.6,1,142,14.7,23.4,3
0.2,0.1,1.6,11.3,1.8,20.7,2.4,63.4,1.4,85.5,42.6,0.3,424.1,192.3,3.1,0.7,69.6,31.6,48,125.7,8.2,43.2,2.8,0,7,479,14.7,56.8,2
0.4,0.5,-0.7,-6.7,-0.7,-7.2,1.6,46.9,1,36.5,78.2,1.5,167.9,111.9,6.1,3.6,86.1,57.4,24.7,55.2,16.2,67.2,3.9,1.7,-1,114,15,30.5,3
0.4,0.2,1.3,8.6,0.6,269.2,5.2,109.2,-0.5,-12.6,86.6,0.1,416.1,111,7,1.7,108.1,28.8,66.6,102.9,17.7,29.8,1.9,0,11,809,25.2,83.9,3
3.6,3.8,0.9,9.1,1,63.4,3.2,55.3,1.5,49.3,53.5,1.6,225,141.3,7.6,3.4,83.4,52.4,25.6,45.6,12.2,65,5.9,37,1,86,12.8,32.5,3
0.1,0.1,0.1,0.4,0.2,1.5,5.6,126.6,-1.2,-30.9,86.3,0.4,592.8,112.2,6.7,1.1,121.2,22.9,57.5,85.5,34.6,38.3,1.3,0,2,"2,360",24.8,73.2,3
2.2,1.9,0.1,1,0.2,4.6,2.5,49.6,1.5,43.3,69.4,1.4,234.5,125.2,6.2,2.7,80.2,42.8,45.1,78.3,11.5,52.7,4.1,48.8,0,115,14.9,55.7,3
0.2,0.3,1.2,7.5,1.2,10.4,2.3,41.7,2,67.9,51.7,1.5,192.4,139.6,7.6,3.9,79.4,57.6,24.1,39.5,10.5,73.3,5.5,13.1,1,87,17.4,29.7,3
2,2.4,0.6,5.4,0.7,6.3,3.5,72.9,0.7,20.7,67.4,0.9,239.5,125.2,7.2,3,91.4,47.8,23.3,46.6,10.6,73.3,3,36.2,1,101,12.6,27.7,3
100,100,1.3,1.6,0.9,0.8,4.9,101.5,-0.1,-1.8,81.9,0,"1,126,933.30",122,4.9,0,101.5,0,88.3,571.7,0,1.9,9.3,0,4,692,204.2,516.2,3
1,1.1,-1.4,-14.9,-0.9,-9.2,0.8,68.2,0.3,19.8,137.3,0.5,125.9,91.1,4.2,3.3,92.9,67.2,27.5,51.5,6.5,70.4,1.2,6.6,-4,435,15.6,32.2,3
100,100,1.2,9.8,1.4,27.2,3.5,53.1,1.7,50.1,53.2,1.6,226.2,142,8.6,3.8,83.1,52.2,24.1,46.6,18.4,64.7,6.5,53.9,1,98,17,32.2,3
0.3,0.3,0.4,3.2,0.5,2.9,2.5,60.3,1.3,42.1,72.7,0.7,175.2,116.6,6.8,3.9,84.1,55.9,30.5,49.5,14.7,64.9,3.1,2.6,1,152,15.9,36.3,3
12,11.7,1.7,13.7,2,71.6,2.8,56.3,1.7,81.4,43,0.8,199.5,152.6,6.5,3.2,78.8,60.3,28.4,57.2,19.1,60.3,3.7,36.2,3,197,14.4,34.7,3
0,0,1.9,3.7,2.5,4.4,4,70.7,1.6,53.6,53.9,0.1,"2,074.10",180.1,4.3,0.2,72.1,6.3,90.1,237,44.8,6.9,5,1.4,2,112,67.8,219.5,3
0,0,3.1,5.5,3.6,8.5,4.7,68.3,2.2,66.5,47.6,0.1,792.9,191.1,5.4,0.7,71.2,17.2,49.8,353.5,3.4,47.5,6.4,1.5,3,93,60.8,111.3,3
0,0,6.9,8.9,9.3,26,10.9,52.7,9.8,86.6,54.6,0.1,774.1,172.7,12.5,1.6,56.2,12.5,97.6,"2,575.70",2.8,0,1.5,-,26,330,104.8,"3,609.30",3
0.1,0,0.7,5.3,1.2,4.5,4.1,135.5,-1.1,-62.7,56.7,0.1,918.2,159.2,4.6,0.5,130.5,22.6,57.9,120,25.7,5.2,29.1,0,0,79,16.5,66.3,3
0.9,1.1,2.4,3.4,3,3.8,4.7,79.1,1.2,55.4,37.8,0.7,"4,568,880.00",264.5,4.7,0,79.1,0,20,130.4,0,77.2,1.1,0.2,17,774,59.9,75,3
1.5,2.3,1.2,6.5,1,11.2,1.5,89.8,0.2,27.2,33.1,0.1,275.5,178.8,2.4,0.9,94.1,61.1,4.9,504.6,1.8,92.8,0.6,0,246,"24,810",26.2,6.1,2
0.2,0.3,1.1,6.2,1.3,22.9,3,85.3,0.4,20.7,55,0.3,428.2,154.9,4.1,1,91,32.9,18.6,283,7.1,77.6,5.9,0.2,37,"3,556",21.4,22.9,3
0.3,0.4,2.2,15.5,2.6,13.5,4.7,63.8,1.9,62.7,40.6,1.8,216.1,156.7,10.1,4.7,84.5,61.3,22.3,43.3,12.8,70.9,6.2,42.4,12,638,13.2,27.9,3
0,0,4.2,5.5,4.7,8.6,6.4,83.1,1.3,42.8,39.4,0,"54,556.30",253.2,6.5,0,83.2,0.4,27,101.7,3,72,2.3,0,5,135,46.9,101.7,3
0,0,4.2,6.1,5,10.1,7.9,67.1,3.5,61.4,48.4,1.1,885.7,189.8,9.3,1.1,72.7,15.6,1.4,5.8,0.4,94.7,7.5,0,5,131,22.1,5,3
0.3,0,1.8,17.7,1.8,19.5,1.6,57.6,1.2,125.4,33.8,0.1,375.8,221,2.2,0.6,64.9,38.2,90.1,102.3,4.3,5,0.4,0,82,"5,596",25.8,224.9,2
0,0,-0.2,-0.6,-0.2,-1.2,3,77.2,0.8,21.2,99.6,0.3,172.7,100.2,7.3,4.2,89.9,52.1,40.9,91.9,20.7,50.7,0.5,0.1,-1,433,14.2,52,3
0.8,0.9,2.8,17.9,3.1,25.1,3.6,88.2,0.3,49.2,14,0.4,421.4,300.1,4.9,1.2,94.7,67.4,26,176.6,23.3,71,2.6,0,109,"4,304",18.2,31.6,1
0.1,0.1,1.1,4.7,1.3,6.9,2.2,52,1.7,77.3,52.8,0.7,164.2,132.5,6.3,3.8,78.8,63.6,20,116.5,12.7,65.1,14.3,11.4,23,"2,243",21.1,27.2,3
0,0,0.2,2.3,0.8,4.8,8.7,68.1,4.1,34.1,93.6,0,227.1,104.3,15.6,6.9,79.2,36.4,61.6,"3,624.20",27.2,9,1.2,0,2,356,43.3,97.5,3
0,0,-26.2,-27.9,-24,-11.4,2.9,59.1,1.5,64.6,45.6,0.9,212.2,150.2,6.6,3.1,81.9,58,39.5,"2,479.20",0.6,53.3,0.3,0,-9,50,256.7,"6,144.10",4
0,0,3.5,3.9,4,6.1,4.3,17.4,20.3,98.7,83.7,0,-,119.5,4.3,0,17.4,0,73.2,"13,684.90",0,0,12.3,100,2,73,136.3,-,3
12.5,9.3,1.6,17.5,2.2,106,3.7,74.9,0.8,43.4,34.8,1.1,187.2,149.4,9.1,4.9,92.3,73.7,37.4,57,40.2,43.9,2.5,40.4,2,108,19,43.6,2
8.3,8.6,2.6,24.8,3.1,207.6,3.8,64.8,1.7,87.6,33.2,0.8,199.1,163.8,8.3,4.2,83,68.3,22.7,39.8,21.2,60.9,4.6,26.6,3,132,16.2,27,2
8.1,8.9,1.5,13.8,1.8,58.4,3.2,60.3,1.4,64.8,40.7,1.3,187.4,147.4,8.4,4.5,85.7,67.4,27.2,49.5,17.7,65.1,5,35.6,2,141,16.1,33.3,2
0,0,-1,-1.2,-1,-0.6,9,96.2,0.3,3.3,110.4,0,"2,482.70",90.9,9.4,0.4,96.5,3.5,94.3,727.7,0.2,0,18.6,-,-1,50,162.3,730.8,3
12,11.4,2,14.9,2.4,73.7,2.9,58.2,1.7,90,37.1,0.7,185.4,154.6,7.2,3.9,81.2,67.8,39.7,71.2,29.6,56.2,1.7,38.6,3,162,18.6,48.9,2
0.5,0.5,2.8,16.6,3.3,27.7,5.6,69.6,1.5,43.1,43,1.2,217.3,150.6,12.1,5.5,89,61.7,27.9,45.8,13.7,66.4,5.1,17,2,69,19.6,37.6,2
0.3,0.4,1.4,14.8,1.5,10.7,3.1,66.7,1.2,51,53.1,0.6,164.1,128.1,8.6,5.2,87.3,68.1,16.3,38.2,3.9,82.6,1.5,7.3,2,139,14.3,19.2,3
1.1,1.3,1.7,14.6,2.1,24,4,46.1,2.9,68.3,48.9,2.3,193.3,142.5,11.9,6.2,80.5,59.3,19.6,35.7,14.9,68.7,6.3,14.5,1,53,14.5,24,3
0.1,0.1,0.2,1,0.2,1,2.7,64,1.4,37.1,86.6,0.4,183.3,108,6.3,3.4,82.3,48.5,51.8,68.6,7.6,41.4,5.1,2,0,50,31.2,65.4,3
3.4,3.9,1.2,10.8,1.5,22,3.9,71.1,1.3,37.8,62.1,0.6,188.1,125.5,9,4.8,87.4,58.3,26.9,52.5,11.2,68.2,3.6,31.5,1,86,15.2,34.1,3
13.5,13.9,2,16.3,2.3,73.6,3,54.3,2.2,86.7,45.7,0.7,179.4,144.6,7.6,4.3,77.5,62.5,25.7,46.2,22,61.1,6.7,28.2,3,140,16.3,33.2,3
9.4,9.9,1.7,13.4,2,44,3,55,1.8,75,44.4,1.1,192,147.5,7.7,4,80.7,62,26.4,51.5,17.6,62,7.3,36.9,2,132,16.3,36.8,2
0.1,0,4.6,6,5.6,8.1,5.7,58,3.8,98.8,39.4,0.3,"40,831.90",253.4,6,0,61.2,0.4,55.4,"3,276.30",39.4,0.2,11.3,57.3,37,806,38.3,"3,594.90",2
0.6,0.7,0.9,12.9,1.1,16.2,2.9,45.4,1.2,47,38.6,2.8,195,149.2,10.8,5.5,90.3,69.1,18.6,29.9,23.2,65.3,4,3.9,1,126,14.3,22,3
0.2,0.1,2,15.3,2.7,24.5,3.2,66.7,1.5,78.4,40.3,0.2,404.4,195.2,4.3,1.1,74.2,35.8,65.2,141.6,12,26.8,2.7,0.1,8,393,22.8,78.4,2
0.3,0.4,0,-0.2,0.1,-0.2,3.3,58.7,1.7,46.2,63.2,1.9,156.2,119.5,11.1,7.1,87.1,66.6,26.2,58.6,10.2,65.4,7.1,1.8,0,74,16.5,32.7,3
0.6,0.4,1.2,9.2,1.5,264.5,5.5,58,3.3,46,75.7,0.8,265.3,121.1,9.9,3.7,75,34.2,55,80.5,13.2,40.3,3.6,40.3,2,201,18.5,68.9,2
3.4,3.7,2,18.1,2.2,113.5,3.9,56.2,2,65,45.4,1.5,209.7,149.8,9.3,4.4,82.1,58.6,30.5,56.2,17.2,63.8,5.9,35.6,1,72,14.6,39,3
0.1,0,5.9,22.3,10.1,77.1,19.3,115.3,-2.6,-39.3,39,0.1,587.4,197.5,23.2,4,112.4,37.8,63.5,163.1,47.7,29.4,2.9,0,104,"1,297",49.4,113.3,2
1.9,2,0.7,6.2,0.9,27.7,4.6,70,1.2,26.5,69.3,1.1,224.4,122.7,9.8,4.4,88.9,48.6,37.1,67.1,15.4,61,4,55.5,1,75,17.1,47.1,3
0.3,0.3,0.7,4.9,0.9,6.4,3.1,63.9,0.8,28.5,58.8,1.1,180.2,125.3,9.2,5.1,91.8,63.8,22,37.2,9,72.4,6.7,13.4,1,84,16.5,27.2,3
1.9,2.5,1.1,9.3,1.4,9,4.9,73.2,1.3,30.6,63.6,1,227.1,128.6,9.6,4.2,88.1,49.9,21.7,37,10,75,3.4,37.1,1,79,14.3,26.4,3
0.3,0.2,-1.1,-7.6,-0.5,-3.7,0.9,51.2,0.8,47.9,102,0.5,352.7,98.4,1.2,0.3,59.4,16.6,50,197.5,2.3,47.7,1.6,0.3,-,-,36.4,63.1,3
100,100,1.8,13.9,2.1,35.2,4,55.5,1.9,58.6,45.7,1.8,206.6,147.4,10.3,5,84.1,60,28.3,51.3,15.4,67,7,62.3,2,93,18.8,37.3,3
0.2,0.3,0.5,3.6,0.6,4.2,3,61.3,1.2,36.2,66.9,1,171.6,119.2,8.9,5.2,88.2,61.3,27.6,51.9,11.8,68,2.7,1.9,0,110,15.2,32.9,3
12.3,11.9,2,15.8,2.4,73.1,3.1,57.3,1.8,82.6,41,0.7,182.3,148.6,7.9,4.3,81.3,66.3,38,64.5,24,57.3,3.8,36.1,3,172,18.2,47.4,2
0,0,1.3,15,7.7,16.3,8.2,71.5,3.2,88.2,32.2,0,177.6,154.5,18.7,10.5,85.2,74.2,90.1,222.2,18.1,7.3,4.1,1.7,9,136,55.2,175.4,2
0,0,2.4,4.1,3.2,6,6.6,89.2,0.4,10.1,48.6,0.6,877.1,184.6,7.9,0.9,95.6,20.1,55.3,474,5.7,42.2,8.2,2.2,2,74,59.6,158.2,3
0,0,3.6,18.9,14.2,48.3,26.6,111.2,-2.7,-32,35,1.3,652.5,218,31.4,4.8,109.3,36.5,98.8,310.9,32.9,0,0.6,-,48,429,117.5,311,2
0,0.1,0.9,6.9,1.9,5.5,12.1,86.7,-1,-12.1,60,3.7,483.8,145.4,18.9,3.9,105.7,31.8,28,166.7,7.8,66.6,8.7,93,0,37,17.8,37.4,3
1,1.2,2.4,3.3,3.1,3.8,5.1,89.3,0.6,26.6,40.1,0.3,"2,815,943.50",249.3,5.1,0,89.3,0,27.7,178.9,0.1,70.8,1.1,0.2,15,665,62.5,113,3
1.2,1.7,1.8,6,1.4,11.1,2.6,93.3,0.2,19.9,33.3,0.4,322.3,188.6,3.7,1.2,95.3,55.8,11.3,80,5.4,86.3,0.9,0,111,"7,734",25.1,15.6,2
0.2,0.3,1.5,7.9,1.9,27.3,3.7,75.6,0.9,37.5,49.5,0.5,311.3,157.3,5.8,1.9,86.6,43.8,17,232,4.3,78.5,6,0.2,44,"2,870",25.2,21.9,3
0.3,0.3,2.7,22.2,3,35.7,3.8,60.6,2.3,85.4,41.8,0.7,176,146,9.5,5.4,80.6,66.9,31.4,68.4,16.4,67.2,1.2,27.2,10,440,12.3,37.4,3
0,0,3,3.7,3.7,5.5,6.5,67.4,0.5,14.8,34.1,2.7,"22,621.70",290.8,9.2,0,95,1.2,21.5,129.2,1.6,77.4,2.9,0,3,113,56.3,129.2,3
0,0,4.7,7.9,6.9,12.2,12.1,89.2,1,16.2,46.1,0.5,558.7,181.3,15.3,2.7,93.8,30.4,0.4,1.8,0,93.6,9.3,0,6,111,42.7,1.8,3
0.3,0,1.8,17.3,1.9,91.9,2.1,60.9,1.3,106.2,36.8,0.2,647.1,231.8,2.4,0.4,64.8,23.2,96.4,107.6,0.1,2.9,0.5,0,55,"3,672",14.9,334.2,2
0,0,1.5,3.9,1.7,7.2,4.5,64.1,2.5,51.3,69.8,0.4,242.1,126.3,7.7,3.2,75.4,39.3,33.9,77.9,26.1,60.6,0.8,0.3,2,124,19,67.5,3
0.8,0.9,3.1,19.7,3.7,27.9,4.2,87.9,0.6,81.3,14.8,0.3,371,280.2,5.7,1.5,90.9,68.7,29.9,219.5,28.2,66.9,2.9,0,102,"3,430",20.4,37.7,1
0.1,0.1,1.2,4.9,1.6,6.9,2.5,51.6,1.5,62.3,49.4,0.9,167.9,133.4,8.3,4.9,84.7,67.3,20.2,239.8,14,62.9,16.2,12.8,23,"1,804",26.3,30.1,3
0.1,0,2.7,43,2.3,72.7,4.1,100.8,0,-1.9,40.7,0.1,294,164,6.3,2.1,100.5,56.1,92.8,195.9,74.7,1.4,0.2,0,36,"1,900",27.9,101,2
0,0,-7.2,-9.4,-7.7,-4,3.5,61.7,1.6,66.5,43.1,1,194.1,147.9,8.3,4.3,83.7,63.8,53.1,"2,302.90",8.2,3.9,41.8,0,-1,19,130.9,656.5,3
0,0,-6.2,-6.9,-7.3,-11.1,6.5,51,6.3,31.2,157.3,0,"55,900.00",63.6,6.5,0,51,0.1,91.5,"46,379.30",0,0,11,100,-4,68,122.3,-,3
13.8,10.8,1.3,15.8,1.7,84,3.1,81.4,0.6,36.9,42.2,0.5,161.9,132.4,8.5,5.3,93.4,76.3,33.5,44.6,44,44.5,1.7,42.5,1,110,15.6,37.6,2
7.9,8.5,2.5,25.4,2.9,163.6,3.6,64.6,1.7,91.5,34.2,0.8,191.3,160.1,8,4.2,82.2,68.8,19.9,31.7,25.6,61.7,4.1,26.5,3,118,14.3,22.8,2
7.7,8.6,1.5,13.7,1.8,49.1,2.8,56.2,1.7,78.7,43.9,1,180.2,144.7,7.3,4,81,65,25.5,44.3,21.6,64.3,4.7,36.8,2,131,13.4,30.1,3
0,0,-0.7,-0.9,-0.7,-0.5,8,92.8,0.6,6.6,108.5,0,"2,088.30",92.5,8.4,0.4,93.2,4.1,94.2,718.1,0.2,0,18.6,-,0,51,151,732,3
11.5,10.6,1.9,13.6,2.2,59.9,2.8,60.7,1.6,85.9,40,0.5,178.2,148.4,6.8,3.8,81.3,67.7,41.6,73.3,32.7,52.6,2.4,35.8,3,144,17,50.1,2
0.5,0.6,1.7,10.7,1.9,14.2,4.7,81,0.8,26.1,55.6,0.7,212,133.6,9.4,4.4,91.8,57.8,20.4,38.7,16.9,64.6,4.9,21,1,66,17,25.7,3
0.2,0.3,0.3,3,0.3,1.6,2.7,74.5,0.8,31.7,71.2,0.7,171.9,116.1,6.8,3.9,89.1,60.2,13.4,28.2,2.8,84.7,1.6,12.8,0,118,17.2,15.9,3
1.2,1.3,0.9,8.2,1.1,11.8,2.9,48.4,2.2,57,62.3,1.2,170.3,124.5,9.5,5.6,81.5,59.6,32.3,55.5,26.5,59.1,6.4,14.7,0,53,13.2,37.7,3
0.1,0,0.1,0.4,0.1,0.9,2.6,68.5,1.1,32.3,90.8,0.3,185.1,105.3,5.7,3.1,83.9,47.7,64.5,85.8,8.9,29.4,6.3,2,0,45,32.1,79.8,3
3.3,3.9,0.7,6.9,0.7,9.4,3.5,73.9,1.1,30.3,76.9,0.3,189.4,114.2,7.6,4,87.4,52.7,28.3,45.6,15.6,67.3,4.2,29.8,0,75,14.2,34.9,3
13.9,13.8,1.8,15.3,2,59.3,2.5,48.6,2.2,103.5,42.6,0.9,172,147.7,6.7,3.9,75.2,64.5,28.6,47.3,27,56.7,6.3,27.5,2,135,14.1,34.9,3
9.3,10.2,1.9,16.9,2.2,42.7,2.6,49,2.3,93.4,46.2,0.7,186.1,147.9,6.6,3.6,74,58.8,19.6,36.9,18.9,62.7,5.8,34.2,2,119,14.7,25.2,3
0.1,0,4.5,6.1,5.3,8,3.6,32.8,6.8,169.3,36.8,1.7,"9,356.30",270.1,4.2,0,38,1.1,75.1,701.5,45.2,0.2,11.5,45.9,37,823,56.4,"2,684.20",2
0.6,0.7,0.5,6,0.6,9.4,2.8,63.7,0.9,34.5,55.8,1.3,182.4,128.8,8,4.4,90.3,63.7,17.1,30.7,20.5,67.3,4.6,2.4,0,102,13.5,20.6,3
0.3,0.1,2.3,14.6,2,20,2.1,55.1,1.7,117,38.3,0.3,392.7,208.1,2.8,0.7,62.3,33,61.7,88.6,11.9,29.2,2.3,0,8,502,23.5,71.1,2
0.4,0.4,0.8,6.9,0.9,6.6,2,47.9,2,68.7,70,0.4,134.8,113.7,8.6,6.3,80.7,68.1,41.7,76.7,29.1,47.3,6.3,2.1,1,83,16.9,50.3,3
0.6,0.4,0.1,0.6,0.1,16.3,4.6,78,1,19.6,89.8,0.5,246.4,107,8.1,3.3,88.8,38.5,58.5,82.9,17.4,37.1,4.8,42,0,195,16.9,72.3,3
3.1,3.4,2.7,24.6,1.8,122,3.9,60.6,1.7,49.9,53.4,1.2,221,140.8,8.5,3.9,83.4,53.2,29.8,58.7,16.6,62.3,5.2,38.5,1,61,15.6,38.5,3
0.2,0.1,1.2,8,1.8,23.8,7.1,136.5,-1.9,-61.5,59.6,0.2,384.9,137.6,9.6,2.5,124.7,44.6,72.3,102.2,53.8,23.7,1.9,0,32,"2,242",31,92.1,3
2.1,2.1,1.2,8.8,1.3,36.9,4.2,65.7,1.9,43.6,68.6,0.7,222.6,125,8.1,3.6,81,45.5,39,105.5,12.8,57.3,3.6,45.1,1,73,16.1,48,3
0.3,0.4,0.7,4.4,0.8,5.2,2.6,62,1.2,43.6,65.9,0.7,169.5,120.2,7.3,4.3,85.8,60.9,22.4,40.6,10.6,71.8,5.8,13.4,1,79,15.9,27.6,3
1.8,2.3,0.4,3.6,0.6,3.7,4.4,84.2,0.6,14.3,76.4,0.7,211.1,115.1,8.8,4.2,93.9,51.2,22.4,39.8,11.6,73,3.4,35.7,0,65,14.2,26.9,3
100,100,2,15.6,15.6,2.4,34.8,4.5,68.7,1.7,49.3,52.5,0.7,196.3,136.7,9.8,5,85.4,59.5,29,61.4,20.6,65.5,6,61.6,2,17.2,38.7,2
0.2,0.2,0.2,1.3,1.3,0.3,1.2,2.9,59.5,1.6,41,82,0.6,169.9,110.2,7.7,4.6,82.7,53.7,29.3,55.2,15.3,66.7,2.4,1.6,0,17.5,35.9,3
12.6,12.6,2.3,18,18,2.7,73.1,3,55.2,2.2,101.3,40.4,0.6,180.9,152.6,7.1,4,76.3,64.4,36.2,63.5,24.1,57.2,3.5,33.1,3,16.9,44.3,2
0.3,0.1,2.2,45.5,45.5,2.1,109.1,1.6,62.9,0.9,284.7,12.3,0.2,153.8,165.9,4.8,3.1,84.2,90.8,83.2,456.2,3.1,16.5,0.5,0,20,31.8,88.8,3
0,0,3.3,6.1,6.1,4.2,8.6,4.5,57.5,2.7,93.2,37.1,0.7,635.8,227.5,6.1,1,69.2,24.8,59.8,429.4,3.5,38.6,7.2,0.2,3,66.6,150.8,3
0.2,0,2.6,18.3,18.3,2.2,38.7,2.5,55,2,141.3,31.9,0.9,470.5,246,3.2,0.7,60.8,31.8,99.8,112.1,91.3,0,0.1,-,39,65.9,113.4,3
0.1,0.1,1.4,11.9,11.9,0.7,8.7,9.3,131.9,-3.4,-73.4,65.6,1.8,517.7,134,13,2.5,135.6,35.1,52.6,112.5,8.5,43.3,4.9,91.7,1,17.2,61.1,1
1,1.2,2.3,3.1,3.1,2.9,3.6,4.8,91.4,0.5,19.5,44,0,"1,891,713.80",227.4,4.8,0,91.4,0,30.2,199.8,0,68.3,1,0.2,13,64.9,122.7,2
0.8,1.2,2.9,6.3,6.3,2.4,11.5,2.7,67.9,1.3,163.9,19.1,0.8,641.2,354.1,3.2,0.5,72.2,39.9,10.7,189.8,9.1,83.5,1.3,0,115,95.9,18.6,3
0.2,0.3,1.1,4.6,4.6,1.2,14.9,3.1,78,0.7,31.2,54.8,0.6,338.7,150.5,4.6,1.4,87.3,38.8,29.2,132.1,25,66.5,5.5,0.3,24,58.3,36.8,2
0.2,0.3,2.5,18.7,18.7,2.9,21.8,3.4,41.6,4.6,142,39.9,2,196.9,171,7.1,3.6,60.8,52.8,32.8,58.9,18.6,65.7,1.1,33.2,7,13.9,39.3,2
0,0,3.7,4.6,4.6,4.6,6.7,7.7,89.1,0.9,24.6,44.4,0.2,"6,050.30",220.9,7.8,0.1,89.2,3.3,4.9,27.5,4.1,92.5,0.2,0,4,52,27.5,2
0,0,3.2,5.6,5.6,3.4,8.2,6.7,80.8,1.2,30.2,49.7,0.7,399,164.4,9.3,2.3,88.3,36.4,1.8,4.2,0.3,95.6,7.1,0,4,34.1,3.9,2
0.2,0,1.8,11.5,11.5,1.8,58.1,1.3,35.7,2.2,156.4,40.2,0.3,309.6,203.4,2,0.6,46.6,30.6,93.6,109.8,2.2,3.5,0.8,0,35,26.3,490,3
0,0,3.2,10.8,10.8,3.8,14.4,2.3,21,8,140.7,51.1,1.6,202.4,162.3,6.2,3.1,43.6,34.9,27.9,76,18.4,64,13,0.3,3,17.2,45.5,2
0.8,1,2.9,19.4,19.4,3.4,31.9,3.8,85.8,0.6,80.6,15.6,0.4,344.9,264.6,5.4,1.6,90.7,69.6,27.6,194.6,27,67.3,3,0,64,19.1,33.7,2
0.2,0.2,0.1,0.3,0.3,0.1,0.5,2.4,75.8,0.6,22.9,84.8,0.3,158.7,106.9,6.8,4.3,91.8,61.8,17.7,307.7,11,67.8,16,15.8,2,24,25,2
0.1,0,0.7,6.4,6.4,0.7,8.3,2,45.5,2.4,64.4,84.6,0,533.8,116.2,2.5,0.5,50.7,11,88,110,39.8,1.1,0.5,0,4,32.5,99,3
0,0,-26.2,-33.8,-33.8,-21.4,-13.7,3.1,61.3,1.7,71.6,45.9,0.7,183.8,142.9,7.4,4,81.7,63.5,39.8,295.6,32.4,0.1,59.6,100,-5,96.5,147,3
0,0,11.4,12.9,12.9,13.6,20.1,6.1,21.6,22.3,149.8,52.3,0,"460,200.00",191.1,6.1,0,21.6,0,86.5,"3,698.60",0,0.1,10.5,100,8,28.9,"17,900.30",3
15.7,11.3,2.7,31.2,31.2,3,148.5,3.5,76,1,67,32.8,0.1,176.1,149.7,8.2,4.7,89.2,75.8,36.3,49.6,50.5,38,1.6,40.6,3,19.2,40.8,2
7.6,8.7,3,30.5,30.5,3.4,160.8,3.9,64.4,1.7,85.1,33.5,0.6,201,163.8,8.7,4.3,83.3,67.9,18.2,28,27.7,60.7,4.9,25.6,3,15.9,21,2
7.7,8.8,1.7,14.5,14.5,2,46.3,2.8,50.1,1.9,82.6,41,1.3,186.6,150.3,8,4.3,80.8,65.1,29.5,52.7,24.5,60.7,5.9,33.2,2,14.4,35.1,2
0,0,1.1,1.2,1.2,1,0.7,6.4,63.1,3.7,41.1,89.7,0,"1,150.60",110.8,7,0.6,65.2,6.3,93.9,726.7,2,0,18.8,-,1,150.6,731.7,3
11.8,10.4,2.7,18,18,3.2,71.4,3.5,60.4,2,92.4,37.1,0.5,198.1,160.4,7.6,3.9,79.5,64.3,45.2,79.3,44.1,46.7,2.8,37.3,3,20.6,56,2
0.5,0.6,2.9,17.7,17.7,3.3,20.4,5.4,72.9,1.7,45.4,50.5,0.4,251.2,148.8,9.5,3.8,84.8,50.2,13,23.2,17.7,67.4,4.7,22.6,1,18.8,17,2
0.1,0.1,-1.5,-12.8,-12.8,-1.7,-7.2,3.4,92.7,0,-0.5,139.2,0.3,185.9,84.7,7.9,4.3,100.3,45.7,25,41.4,10.7,70.9,3.5,49,-1,15,30,2
1.2,1.4,1.7,12.8,12.8,1.9,22.7,4.1,54.7,2.5,58.9,57.6,1.3,208.8,135.8,9.5,4.5,78.9,51.3,25.4,38.2,27.2,61.6,7.1,18.4,1,14,30.7,2
0.1,0.1,0.3,2.2,2.2,0.3,4.2,2.4,75.3,0.6,24,84.1,0.2,214.9,110.4,4.8,2.2,88.1,45.2,54.9,70.3,8.5,40.3,5.4,1.1,0,24.7,65.9,2
2,2.3,1.8,17.3,17.3,1.5,27.3,3.4,52.1,2.5,60.4,63.3,0.9,205.4,130.1,7.9,3.8,75.9,48,33.3,52.6,20.2,61.8,3.1,26.1,1,14.4,40.4,2
13.7,12.6,2.4,19.6,19.6,2.7,66.3,2.9,48.3,2.5,103.3,40.6,0.9,187.8,155.7,7.4,4,74.8,62,33.2,55.7,34.7,48.7,8,30.3,3,17.5,41.1,2
8.8,10.3,2.8,22.2,22.2,3,47.4,2.6,36.6,3.4,116.2,40.9,1.3,222,170.5,6.9,3.1,66.8,51.3,16.2,26.3,21.7,62.1,7.2,33.9,2,16.1,21.4,2
0.1,0,0.3,0.3,0.3,0.2,0.4,3.7,25.2,9.7,249,26.7,10.5,"18,705.80",372.5,4.9,0,33.6,0.7,85.2,857.2,26.2,0.4,13.3,27.9,2,50.6,"2,420.30",4
0.4,0.6,0.7,6.2,6.2,0.8,9.2,3.2,46.5,2.9,61.9,68.8,1.3,198.8,124.6,7.9,4,73.1,45.8,10.8,20.2,13.4,76.2,5.3,0.8,1,15,13.6,3
0.1,0.1,2.2,8,8,2.6,9.9,3.7,58.5,2.6,75.9,54.7,0.3,892.4,172.9,4.2,0.5,61.3,11.9,30.7,76.7,34.5,43.5,5.8,0,4,27.7,43.8,3
0.4,0.3,0.4,3.4,3.4,0.5,4,2,52,1.5,50.6,76.6,0.5,132.7,108.9,9.7,7.3,86.5,71,29.9,44.8,35.6,39.1,7.5,2.4,0,20.3,36.8,3
0.7,0.5,1.6,9.7,9.7,1.8,257.5,4.9,63.4,2.4,47.1,65.9,0.9,290.7,133.4,8.2,2.8,77.2,35.4,60.1,90.5,18,36.6,5.5,40,2,19.5,73.8,3
2.9,3.6,1.9,15.9,15.9,2.1,63.9,4.4,60.7,1.5,44.5,47.7,1.7,280.6,157.3,8.9,3.2,85.2,47.8,25.3,50.5,17.2,66.7,6.1,33.1,1,16.4,32.3,2
0.3,0,-0.2,-1.5,-1.5,-0.2,-4.5,2.4,58.8,1.7,39.8,103.5,0,336.8,97.3,3.4,1,67,19.3,91.3,105.8,11.8,5.5,1.6,0.1,-6,50.7,106.6,4
1.8,1.9,1.5,9.3,9.3,1.7,37.2,5.2,62.9,2.1,38.8,65.5,1.1,297.8,133.4,9.2,3.1,81.6,36.5,40.6,76.7,20.1,54.5,6.9,51.2,1,16.5,51,2
0.3,0.4,0.6,3,3,0.8,3.4,3.2,61.5,1.5,41.5,69.3,0.9,208,122.7,7.2,3.5,82.7,48.8,22.2,36.4,12.4,72.7,7.2,14.2,0,19.4,28.5,2
1.8,2.4,0.7,5.5,5.5,0.8,5.9,5.6,100.7,-0.4,-10.3,74.8,0.6,251.4,117.3,10,4,104.5,48.7,25.9,48.8,16.3,70.4,4.1,37.4,0,14.6,31.5,2
100,100,2.7,20.7,20.7,3,41.5,5.4,74.8,1.4,37.5,49.7,0.7,246.6,147.8,10,4,88,52.8,30.1,55.6,23.4,65.3,6.8,63.8,2,16.7,39.5,2
0.2,0.2,0.2,1.1,1.1,0.3,1.4,2.9,41.5,3.6,63.5,79.9,1.1,184.5,114.6,7.6,4.1,67.9,42.2,28.3,45.7,17.8,66.4,3.6,1.7,0,14,34.6,3
12.9,12.7,2.7,21.1,21.1,3.2,74.9,3.5,57.6,2.3,92.8,40.1,0.5,200.2,158.3,7.7,3.8,77.1,60.9,39.6,65.4,31.6,52.3,4,33.2,4,19.6,48.9,2
0.2,0.2,2.4,30.4,30.4,1.8,49.2,1.2,52.1,1.1,252.7,18.9,0,212.4,224.1,2.2,1.1,67.3,71.1,38.5,124.6,29.6,61,0.5,0,9,28.9,139.9,3
0,0,1.6,3,3,2,4,3.7,56,1.3,46.7,42.9,1.8,645.1,199.1,6.3,1,82.5,25.5,70,220,6.9,28.1,7.5,4.1,1,77.5,167.1,3
0.1,0,4.7,11.7,11.7,3.8,21.3,6.9,92.7,0.5,14.8,49.2,0,"2,405.40",195.5,7.2,0.3,93,7.6,99.6,137.8,90.7,0,0.3,-,21,106.9,139.2,2
0.1,0.1,0.8,7,7,0.1,3,9.2,132,-3,-51.8,82.4,1.1,653.7,116.3,11.7,1.8,133.9,23.8,44.2,170.3,12.8,52,4.1,80.4,0,20,53.5,2
1,1.3,2.7,3.5,3.5,3.4,4.1,4.8,87.6,0.7,32.7,37.9,0,"952,046.90",263.7,4.8,0,87.6,0,29.3,193.5,0,68.9,1.2,0.2,13,73.1,134.1,3
0.7,0.8,4,7,7,4.1,12.8,4.3,78.6,0.8,82,18.7,0.3,"1,167.50",405.2,5,0.4,85.8,29.8,19.3,"5,372.40",19.4,66.1,2,0.1,128,142.8,75.2,3
0.2,0.2,1.5,4.2,4.2,1.8,13.2,3.9,68.3,1.8,48.7,63.9,0.3,466.9,143.7,5,1.1,73.8,22.7,18.7,282.7,14,73.8,8.4,0.4,21,75.2,28.5,3
0.2,0.1,3.4,18.2,18.2,2.6,21.5,2.3,31.9,4.7,126.8,50.9,0.9,218.8,160.8,4.7,2.2,50.3,37,49.3,87.7,27.4,48.8,1.6,13.5,6,12.6,59.1,3
0,0,3.3,4,4,4.1,5.5,7.3,96.8,0.2,7,45.3,0.1,"31,550.00",219.8,7.3,0,96.8,0.7,12.5,12.5,2.2,85.1,0.3,0,3,62.5,85.8,2
0,0,4.5,6.8,6.8,5.1,9.4,7.2,64.3,3.4,61.3,49,0.6,584.6,180.4,9.5,1.6,73.7,22.7,4.4,25.4,3.3,86,19.1,0.2,5,41.5,14.8,3
0.2,0,1.9,9.7,9.7,2.3,46.7,2,44.1,2.5,123.5,45,0.2,404.2,192.2,2.6,0.6,51.5,24.5,96.1,125.7,1.7,1.4,1.1,0,28,36.9,823.7,3
0,0,0.2,0.6,0.6,-0.1,0.7,1.7,36,2.3,56.8,87.5,0.7,188.7,108.6,4.9,2.6,68.3,39.3,38.5,71.6,10,54.9,13,0.3,0,18.6,53.3,3
0.8,0.9,2.9,18.4,18.4,3.4,30.2,3.7,81.2,0.7,92.8,17.6,0.3,320.1,248.1,5.5,1.7,88.2,68.3,30.7,171.1,31.7,60.3,4.1,0,53,22.7,38.1,2
0.2,0.2,1.5,5.4,5.4,1.9,7.3,2.5,41.2,2.6,81.8,51.6,1.1,185.9,140.7,7.7,4.2,74.8,56.6,19,231.4,8.9,69.3,12.1,22,12,30.3,28.7,2
0,0,5.4,26.7,26.7,4.9,29.3,5.9,43.8,7.6,90.2,62.3,0.2,423,149.7,7.7,1.8,50.5,17.9,79.3,129.6,16.4,0,1.4,-,15,55.9,102.4,3
0,0,-18.4,-24.8,-24.8,-25.9,-13.2,3.5,58.9,2,76.5,42.7,0.7,204.2,153.4,7.9,3.9,80.2,60.2,5.6,131,3.4,0,93.9,-,-4,76.5,163.8,3
0,0,8.7,10.1,10.1,11.2,14.1,5.5,19,23.5,140.7,57.6,1.1,-,173.6,5.5,0,19,0,87.2,"5,199.10",0,0.2,12.4,100,6,16.6,-,3
15.6,9.6,3.1,39.6,39.6,3.5,140.4,4.6,82.5,0.7,46.2,27.3,0.5,174.6,150.3,11.4,6.5,94.2,81.1,32.7,44.3,57,29.5,1.9,45.6,3,23.2,36.7,2
7.6,8.5,2.9,32.5,32.5,3.3,130.5,4.4,69.3,1.2,62.7,30.9,1.1,183.8,154.3,11.2,6.1,90.1,75.6,15.4,24.2,35.2,53.5,5.3,22.5,2,16,17.7,2
8.1,9.1,2.1,19.2,19.2,2.4,50,3.6,57.5,1.5,63.9,37.8,1.5,192.5,151.9,9.9,5.1,86.7,68.5,37.3,69,28.6,53.4,6.1,29.4,2,15.4,43.8,2
0,0,1.6,1.9,1.9,1.6,1,9.5,88.5,0.8,9.1,81,0.4,"1,197.20",121.2,10.8,0.9,93.2,9.4,93.6,698.1,80.6,0,24.5,-,1,185.9,695.9,2
11.9,10.4,3,21.5,21.5,3.5,90.9,3.8,54.6,2.1,91.7,33.1,1.2,200.7,165.4,9.6,4.8,82,67.6,39,63.3,47.6,41.7,3.7,37.8,3,22.5,48,2
0.5,0.6,3.3,21.1,21.1,3.9,29.4,6,67.8,1.9,49.4,43.1,1.1,233.9,155.8,12.1,5.2,86.6,57.7,16.2,27,21.1,63.5,4.8,21.7,1,20,20.8,2
0.1,0.2,-1.6,-13.2,-13.2,-2,-8.8,2.7,88,-0.1,-1.3,149.8,0.4,162.7,84.1,8.2,5,100.8,52.1,28.7,62.7,3.7,67.9,2.9,56.9,-1,19.2,34.5,2
1.1,1.3,1.8,13.7,13.7,2.2,30.5,5.9,61.5,1.6,33.5,49.6,2.6,231.3,144.6,14.1,6.1,89.8,56.2,25.2,38.8,34.6,54.8,7.8,21.3,1,16.3,31.2,2
0.1,0.1,0.1,0.8,0.8,0.1,1.5,2.2,67.9,0.9,34.6,82.1,0.5,176.5,110.2,5.3,3,85.3,53.3,73.1,91.4,8.9,22.7,5.2,1.7,0,28.8,86.5,3
1.9,2.4,1.4,13.7,13.7,1.7,19.1,4.2,55.4,2.2,47.6,61.8,1.2,196,128.2,10.9,5.5,83.1,54.3,29.6,42.9,18.3,59.7,5,24.4,1,17.7,36.7,2
14.2,12.7,2.3,20.7,20.7,2.6,77,3,42.8,2.7,113.5,34,2,191.3,165.2,9,4.7,76.9,66.4,38.6,66.4,34.8,42.7,8.6,30.5,2,18.3,47,2
8.1,9.9,2.1,17.9,17.9,2.7,31.2,3.4,39.5,3.3,91.4,41.4,2.4,207.5,159.1,10.4,5,76.1,58.3,14.3,23.4,22.1,58.6,10.5,37.5,2,17.8,19.7,2
0.1,0,6.6,8.4,8.4,8.8,11.8,4.1,27.1,10.4,258.6,26.6,2.3,"8,075.30",371.6,4.7,0.1,31.4,1.4,85.5,809,45.6,1.5,14.4,7.2,55,45,"2,197.40",3
0.5,0.7,1.7,15.2,15.2,2.1,20.5,4.6,56.2,1.5,52.5,36.2,3.1,203.2,155.6,13,6.4,89.4,68.4,8.6,15.8,14.2,75.1,7.3,0.2,1,12.8,10.3,2
0.1,0.1,2.8,9.3,9.3,3.3,10.4,5.2,79.3,1.4,46,45,0.4,526.6,186.6,6.5,1.2,82.5,29.2,31.7,79.7,47.6,36.2,6.6,0.1,4,31.6,46,3
0.5,0.3,0.6,6.2,6.2,0.7,5.8,1.3,29,1.9,77.5,53.2,1.4,131.7,119.6,11.2,8.5,85.5,77.7,33.6,64.7,40.4,32.8,8.7,1.8,1,26,41.5,3
0.6,0.5,1.5,9.2,9.2,2,225,3.9,31.7,5,73.8,54.8,3.6,228.5,144.7,13.1,5.7,72.4,45.8,54.2,82.2,26.2,42.8,8.9,49.1,2,19.9,69.3,2
2.7,3.7,2.6,22.8,22.8,3.1,74.3,6,62.8,1.8,46,40.4,2.5,281.7,170,12,4.3,87.2,52.6,24.1,45.3,15.4,66.8,7.3,32.3,1,19,31.1,2
0.2,0,8.2,28.2,28.2,7,78.3,0.9,7.6,10.3,256.5,36,0.1,142.2,218.3,2.9,2,21.7,33.4,87.6,115.1,58,3.6,6.2,0.2,106,49.7,114.9,3
1.7,2.3,1.7,10.3,10.3,2.2,37.8,5.2,43.3,3.4,52.9,53.6,3.4,270.4,148.5,13.7,5.1,80,44,31.6,52.9,14.1,63.2,10.1,54,1,17.3,42,2
0.3,0.4,0.5,2.8,2.8,0.8,3.1,3.7,45.8,2.1,44.2,58.7,2.6,205.2,132,11.7,5.7,84.8,54.5,20.1,39.6,10.7,73.9,8.5,13,0,20.8,26.8,2
1.9,2.9,1.2,10.5,10.5,1.8,10.7,6.8,92.3,-0.5,-11.8,58,1.3,228.7,129.8,13.9,6.1,103.7,58.9,24.2,40,15.9,72.2,4.7,35.9,1,15.6,29.8,1
100,100,2.3,20.1,20.1,2,41.3,5.2,60.2,1.1,27,45.6,2.7,236.8,149.6,13.2,5.6,92.5,58.5,36.1,66,26,59.8,7.3,66.7,1,18,47.4,1
0.1,0.2,0.2,1.1,1.1,0.3,1.4,4.2,53.3,2.2,39.3,71.4,2,205.9,120.6,11,5.3,83.3,48.8,31,53.5,15.6,63.1,4.3,1.2,0,19.3,39.8,3
13.2,13.1,3,26,26,3.6,70.5,3.7,48.6,2.7,112.1,32.3,1.5,194.8,168,9.9,5.1,78.4,67.6,42.9,66.4,34.5,47.2,4.3,33.8,4,21.2,52.4,2
0,0.1,5.1,28.4,28.4,5.8,34.1,4,55.6,3.2,228.4,19.5,0,262.4,250.1,6.5,2.5,66.9,63.8,40.1,103.5,7.6,57.5,2.3,0.1,6,49.1,108.1,3
0,0,4.4,9,9,5.9,11.3,7.6,79.6,1.3,44.4,31.3,0.7,687.3,249.3,9.6,1.4,87.9,31.9,80.6,243,14,17.6,8.1,3.2,3,94.3,185.7,3
0,0,10.2,14.2,14.2,14.4,22.6,14.3,46.1,16.7,107.9,50,1.1,"1,337.50",193.2,15.4,1.2,48,6.9,94.9,"1,484.10",40.3,0,1.5,-,23,116.4,"2,344.10",3
0,0,-3.9,-53.3,-53.3,-4.4,-24.3,8.4,133.1,-3.4,-36.8,146.5,1.5,348.4,77.7,13.6,3.9,133.3,29.7,52.5,87.9,30.5,43.5,4.7,44.7,-1,10.2,58,3
1,1.6,4.6,6,6,5.9,7.4,7.2,88,1,42.8,28,0,"58,059,400.00",357.4,7.2,0,88,0,20.2,158,0,77.1,1.5,0.2,18,66.4,111.4,3
0.8,1,6,10.4,10.4,5.3,17.1,5.2,74.2,1.1,118.6,12.8,0.9,863.4,464.9,6.8,0.8,86.3,46.5,34.5,"12,739.00",7.5,60.2,1.7,0.1,171,125.7,123,3
0.2,0.2,2.2,5.2,5.2,2.4,16,4.1,54.4,2.7,65.7,55.4,0.9,379.6,157,6.5,1.7,70.3,29.1,25.2,"2,877.80",16.2,62.3,12.1,0.6,26,70,43.5,3
0.1,0.1,2.2,5.7,5.7,2,6,5.4,66.3,2.5,46.2,66.6,0.7,511.3,140,7,1.4,73.7,20.2,40.1,102.6,21.7,51.5,6.6,0.2,2,21.3,62.6,3
0,0,6,8.9,8.9,9.2,11.5,10.7,84.5,2,62.9,24.6,0.4,"3,802.20",380.4,11,0.3,84.9,8.5,1.8,1.8,2.8,90.5,0.4,0,7,55.4,17.5,3
0,0,3,4.2,4.2,2.9,5.3,5.2,33.8,3.8,67.6,37,6.7,962.8,237.7,12.8,1.3,77,19,13.5,59.1,12.1,76.3,20.2,0.3,3,42.8,40.5,3
0.2,0,2.6,13.6,13.6,3.1,62.5,2.5,50.5,2.4,138.2,35.6,0.1,340.2,213.4,3.5,1,59.3,37.2,93.3,120.9,5.3,0.5,1.2,0,38,51.8,"1,543.70",3
0,0,1.5,4.6,4.6,1.7,5.2,4.3,63.1,2.1,46.7,65.6,0.6,252.4,131,7.9,3.1,79,41,36.1,130.6,14,54.1,13.9,0.3,1,24.7,54.6,3
0.9,1,2.7,19.5,19.5,3,29.1,3.7,82.4,0.8,96.8,17.9,0.6,204.6,184.7,7.2,3.5,90.3,81.6,34,164.7,35.8,55.3,4.2,0,44,24.9,41.8,2
0.2,0.3,1.6,5.8,5.8,2.1,7.9,4.9,70.9,1.5,48,45.9,1.6,237,152.7,9.3,3.9,86,55.4,12.3,124,7.6,75.5,11.9,20.3,7,29,17.8,2
0,0,5.2,17.5,17.5,4.8,15.3,5.9,35.5,10.6,92,70.1,0.2,496,137.8,7.3,1.5,40.8,11.3,76.9,134.7,10,0,2.7,-,8,72.1,118.2,3
0,0,-13.3,-17.4,-17.4,-12.3,-11.4,4.1,56.7,2,73.6,37.2,1.5,200.1,157.2,10.5,5.2,84.1,66.1,7.3,317.1,1.1,0.6,91.7,0,-3,60.2,607.2,3
0,0,14.1,20.3,20.3,17.9,23.8,5.6,15.2,31.3,164.8,51.5,0,"1,318.60",192,6.1,0.5,16.2,2.4,80.1,"1,187.20",0,0.1,15.6,0,10,19.8,-,3
14.8,8.4,2.3,29.3,29.3,2.6,85.4,3.7,77.4,0.8,51.2,34.6,0.5,144.3,129.7,12.8,8.9,93.8,84.3,21.9,30.7,56,29.5,2,43.1,2,20.1,24.3,2
7.2,7,2.2,23.5,23.5,2.5,81.5,3.7,69.6,1.1,57.7,37.1,0.9,145.6,130,13.3,9.1,92.1,82.3,14.9,24.1,35.9,50.6,5.2,21.2,2,14.5,16.7,2
7.4,8.3,1.6,13.8,13.8,1.8,30.1,3,55.3,1.7,67.8,46,1.2,144.5,126.9,12.3,8.5,87.8,77.1,30.4,64.4,22,58.4,5.8,28.3,1,14.3,35.6,2
0,0,5.7,6.8,6.8,5.6,3.5,13.6,94.7,0.8,9.5,55.2,0.9,"1,167.10",169.9,14.9,1.3,95.2,13.9,93.2,719.8,78,0,49.4,-,3,186.4,684.3,2
12.1,12.1,2.2,15.6,15.6,2.4,56.8,2.9,46.1,2.2,87.2,40.5,1.3,156.1,138.2,11.3,7.3,83.6,74,21.4,33.2,31.6,51.8,3.4,32.4,2,18.2,25.6,2
0.5,0.5,2.7,19.8,19.8,3.2,21.2,5.8,74.3,1.5,37.6,50.8,0.7,183.1,133.2,14,7.6,90.3,65.7,17.8,31.2,21.7,57.9,4,24.4,1,18.5,22,2
0.2,0.2,0.2,2.3,2.3,0.1,1.4,3.9,85.3,0.6,13.4,91.6,0.3,173.7,104,9.4,5.4,94.4,56.5,22.7,48.4,3.2,73.3,1.7,64.6,0,22.3,27.8,2
1.1,1.3,2,15.7,15.7,2.3,36.1,6.6,68,1.9,35.3,55,2.1,190.2,131.2,16.4,8.6,89.7,61.9,18.2,29,28.8,59.7,6.4,16.1,1,14.7,22.2,2
0.1,0.1,1.3,8.2,8.2,1.4,12.5,3,56.9,1.7,53.2,60.3,0.7,170.6,125.4,8.6,5,83.6,61.5,70.3,86.8,12.8,24.5,5.9,1.5,0,34.5,86.6,3
2.1,2.3,1.2,14.1,14.1,1.3,14.9,4.1,58.8,2.2,46.1,68.2,0.9,155.8,116.6,13.3,8.6,85.9,64.3,31.6,49.7,14.8,57.7,3.6,19.5,0,17.7,39.1,2
13.8,13,1.7,15.1,15.1,1.8,54.8,2.6,41.1,2.7,92.7,45.2,1.7,151.9,134.8,10.9,7.2,80.2,71.2,41.3,77.4,25.8,48.8,7.4,29.7,1,15.2,49.4,2
9,10.5,1.8,17.7,17.7,2.1,24,3.2,48,2.9,77.6,55.6,0.9,152.4,127.1,11,7.2,79.3,66.1,13.1,20.2,20.7,60.7,9.3,34.9,1,15.7,17.4,2
0.1,0,9.6,12.2,12.2,12.4,17.5,13.9,76.2,3.9,95.6,22.4,1.7,"17,746.60",439.3,14.4,0.1,78.7,1.9,85.1,766.3,13.5,1.9,16.2,3.2,80,65.1,"1,839.70",3
0.5,0.6,1.7,17.1,17.1,1.8,17.7,4,57.1,1.7,50.4,47.6,1.8,178.2,136.2,12,6.7,87.8,67.1,28.9,53.9,8.3,63.3,5,0.6,1,14.1,33.8,2
0.1,0.1,0.5,1.6,1.6,-0.2,1.1,5.3,134,-1.3,-42,81.1,0.9,360.8,114.3,7.3,2,122.5,38.8,31,85.8,41,40.7,6.9,0.1,1,34.1,49,2
0.5,0.3,0.4,4.5,4.5,0.4,5.4,1.7,51.3,1.1,47.1,67.5,0.6,120.9,108.2,13.1,10.9,92.6,82.9,35.1,68.9,51.1,31.4,6.9,1.5,0,17.9,40.5,3
0.8,0.7,1.7,11,11,1.9,241,5.7,52.5,3.1,47.7,59.5,2.5,225.1,134.7,13.9,6.2,82,49.1,51.7,78.2,19.6,46.1,5.6,50.9,1,17.9,65.9,2
2.7,3.5,1.6,15.9,15.9,1.7,38.8,5,75.4,1,26.7,53.8,1.4,186.4,130.3,12.3,6.6,92.8,64.8,24.5,43,15.3,66.4,5.3,32.7,1,17.2,31,1
0.1,0,4.7,10,10,6.3,25.1,2.8,17.9,12.7,138.7,59.2,0,123.8,130.3,14.4,11.7,53.2,56.1,57,135.9,36.8,20.1,20,0.1,34,40.7,125.4,3
2.1,2.7,1.8,11.6,11.6,2.1,38.3,6.4,62.2,2.3,36,61.1,1.9,211.1,129.6,15.2,7.2,87.1,53.5,29.5,51.8,7.6,66.2,6.2,56.5,1,15.4,37.5,2
0.4,0.4,0.4,3,3,0.5,3,4,63.5,0.8,19.5,68.6,1.5,161.2,114.9,14.3,8.9,94.5,67.3,26.9,50.8,13.3,54.4,6,15,0,17.9,32.8,2
2.3,3,1,9.7,9.7,1.1,10.6,4.6,82.3,0.6,17.3,65.1,0.8,158.1,116,13.4,8.5,95.5,70.1,27.5,45.4,19.3,66.9,3.2,33.5,0,13.8,33.8,1
100,100,1.5,13.3,13.3,1.9,24.2,4.7,58.9,1.6,37.5,52.1,1.9,185.3,132.7,14,7.5,89.9,64.4,17.1,32.6,19.9,67.3,5.4,50.4,1,16,22.2,2
0.1,0.2,0.1,0.5,0.5,0.1,0.5,4.6,69.9,1.5,26.2,87.8,0.7,172,106.3,12.1,7,88.9,54.9,31.6,67.4,10,58.3,3.4,1.1,0,21.9,41.2,2
12.6,13.6,2.2,21.4,21.4,2.4,41.7,3.1,52.4,2.4,82.3,48.2,0.6,151.3,131.2,10.5,7,81.8,70.9,31.9,47.3,28.9,56.1,3.7,32.7,2,16.1,38.2,2
0,0,5.1,29.1,29.1,5.4,44.9,3.1,45.1,3.8,266.3,20.6,0.1,205.4,225.2,6.1,3,61.6,67.6,41,119.3,7.3,55.4,2.8,0.3,5,51.6,137.3,3
0,0,6.9,13.1,13.1,6.9,14.8,7.8,82,1.7,70.5,25.5,0.1,438.5,249.7,10,2.3,85.5,48.7,72.1,208.8,16.6,25.8,4.7,0,4,86.8,136.9,3
0,0,10.1,15.2,15.2,10.9,21,19.1,86.8,2.9,26.1,50.5,0,753.7,177.5,22,2.9,88.3,20.8,97.2,278.4,79.1,0,1.5,-,21,121.8,282.1,2
0.1,0,-3.5,-60,-60,-3.3,-27.4,5.1,148.5,-1.7,-26.6,182.3,0.5,164.5,80.1,13,7.9,114.7,55.8,75,106.6,35.2,22.2,1.9,18.6,-1,23.2,83.3,2
1,1.5,4.8,6.3,6.3,6,7.9,7.8,93.6,0.5,22.6,28.1,0,"446,338.00",355.3,7.8,0,93.6,0.1,20,130.7,0,77.4,1.4,0.3,16,70.8,108.2,2
0.7,1.1,8.1,13.4,13.4,7.5,28,8.3,87.9,0.9,64.3,14.9,0.5,"1,003.90",441.7,9.5,0.9,91.3,40.2,13.6,"2,064.80",6.3,81,1.3,0.1,186,104.9,73.5,3
0.1,0.2,4,7.8,7.8,4.5,22.9,5.5,45,4.2,85.8,39.8,2.8,432.9,201,10.4,2.4,71.5,33.2,32.6,"3,474.20",13.8,57.5,11.9,0.8,18,79.2,67.1,3
0,0,0.9,1.4,1.4,0.5,1.4,6,66.3,3,37.1,90.2,0.4,575,109.4,7.3,1.3,70.6,13.4,42.6,332.5,20.3,46.8,7.2,0,1,35.6,122.8,3
0,0,6.5,11.7,11.7,6.4,11.8,6.4,72.7,2.4,112.8,24.2,0.3,"1,507.40",358.4,6.9,0.5,74.1,17.6,62.9,290,4.9,31,0.1,0,7,64.8,143.2,3
0,0,7.9,15.9,15.9,14.5,37.4,20.7,71.1,6.3,59.3,36.4,3.9,285.6,180.9,35,12.3,84.8,53.7,33.1,359.4,7.9,50.8,22.4,0.1,9,49.2,180.8,3
0.2,0,3.4,17.2,17.2,3.9,75.3,3.3,58.4,2.3,145.4,28.6,0.1,339.2,234.7,4.6,1.4,66.6,46.1,91.5,114.9,7.1,0.4,1.1,0,45,60.1,783.6,3
0,0,1.2,3.4,3.4,1.6,3.5,6.1,87.2,0.6,11.7,71.1,0.5,290.3,124.3,9.8,3.4,94.4,40.4,33.1,127.8,13.7,56.6,19.1,0.6,1,22.2,54.3,2
0.9,1,2.1,16,16,2.4,23.8,3.7,91.3,0.2,19.8,20.4,0.9,222.7,180.7,7.1,3.2,97.7,79.3,31.2,181.7,28.7,59.1,3.9,0,30,21.1,37,1
0.2,0.3,2.4,8.1,8.1,2.6,9.9,5.1,83,0.6,21.2,46.5,0.7,243.9,149,9.5,3.9,93.9,57.4,23.1,163.4,6.3,64.6,9,22.9,3,32.4,33.4,1
0,0,-0.7,-3.1,-3.1,-1.5,-2.5,16.3,39.5,25,95.1,63.6,16.5,258.9,141.1,26.5,10.2,51.5,28.1,79.6,225.6,36.4,0,7.9,-,-1,108.9,253.4,4
0,0,-16.3,-17.8,-17.8,-14.3,-11.4,3.6,58.1,1.9,64.1,47,1.1,157.9,131.6,11.9,7.5,86.3,72,24.9,299.3,6.6,4.2,70.2,0,-3,78.5,357.7,3
0,0,-0.3,-1.3,-1.3,-0.4,-1.2,24.4,112.3,-2.7,-12.2,101.5,0.1,199.6,99.3,48.8,24.5,105.8,52.6,70.7,661.9,12.7,5.7,18.7,1.8,0,13.9,658.6,3
9.5,9,1.4,13.5,1.7,55.3,2,43.5,1.3,131.4,22.2,2,172.4,166.1,9.5,5.5,87.9,84.7,16.5,31.6,33,60.7,3.5,24.6,5,408,16.1,22.2,1
0.1,0.1,3,12.6,3.7,18.8,4.4,74.8,0.9,139.7,10.7,0,196,190.8,12.1,6.2,93.2,90.7,20.4,673.6,47,49.5,1.6,0.3,86,"3,163",104.6,678.4,2
0.7,0.7,0.9,12,0.9,16.7,0.3,8.6,2,307.5,19.1,1.9,130.2,145.2,9.4,7.2,82,91.5,14.9,32.1,30,64.2,3,1,4,496,17.2,18.5,2
0.2,0.1,1.8,12.2,2.1,22.9,2.5,67.1,1.2,241.8,13.6,1.1,324.4,304.6,5.2,1.6,80.9,76,49.8,87,64.3,31.8,3.6,0.1,14,856,18,59.3,1
0,0,17.8,18.3,12,10.9,12.7,80.3,2.6,116.3,14.4,0,"9,218,250.00",742.7,14.3,0,84.3,0,74.8,"30,630.40",75.2,23.7,0.7,0,115,"1,292",190.7,"24,159,750.00",1
0.5,0.6,0.9,9.5,1,10.5,2,68.2,0.6,62.2,30.8,1.2,136.9,129.8,12.1,8.8,95.5,90.6,15,39.4,24.1,71.9,3,4.7,4,478,20.7,20.2,2
0.3,0.2,5.3,31.6,6.4,"1,448.00",7.4,73.4,3.4,109.5,30.8,0,236,192.2,13.7,5.8,80.3,65.3,50.1,65,59.1,37.6,0.2,0,163,"3,352",22.7,64.6,2
3.8,3.7,1.7,15.4,1.7,65.8,1.6,39.7,1.3,101.1,33.2,2,151.7,143.7,10.6,7,88.8,84.1,13.1,24.6,24.7,63.3,8.8,25.7,3,194,19.5,17.6,2
0.1,0,4.3,22.3,5.9,90.7,15.1,174.1,-4.4,-159.3,31.9,0,"1,510.70",307.2,16.2,1.1,137.4,27.9,38.2,98.4,53.2,42.8,0.3,0,122,"2,662",31.5,51.6,2
0.9,0.6,1.2,12.2,1.3,51.4,3.7,97,0.8,41.4,47.4,0,193.4,151.2,9.2,4.8,92.4,72.2,44.2,67.9,48.9,47.8,0.9,23.5,4,400,20,55.5,2
0.4,0.3,0.4,5.6,0.6,7.2,1.8,71.2,0.6,74.9,32.2,1.1,159.9,147.7,7.9,4.9,92.7,85.6,24.7,57.2,49.6,49.1,0.8,10.4,1,353,30.8,30.3,2
1.6,1.6,1.9,16.1,2.3,30.5,3.4,51.2,1.9,100,29.2,2.4,197.4,173.5,11.6,5.9,85.8,75.4,23.3,42.8,32.5,65,1.4,30,5,259,21.7,30.8,2
100,100,1.2,20.5,1.3,29.5,3.5,214.2,-1.7,-568.7,18.7,0.1,296.2,171.9,5.4,1.8,147.5,85.6,38.1,99.3,39,60.6,0.1,0,156,"15,710",14,40.9,2
0.9,0.8,0.1,0.5,0.1,0.5,1.2,31.8,1,65.7,40.8,2.1,144.3,131.1,10.7,7.4,91.6,83.2,21.5,40.6,34.4,59.3,1.2,7.8,0,698,21.4,27.2,3
100,100,1.7,18,1.9,71.9,3.5,78.2,0.5,44.2,27.1,1.4,188.3,162.2,10.4,5.5,95.1,81.9,12.6,26.2,34.1,59.7,2.9,32.8,4,290,15.4,16.7,2
0,0.1,4.2,8.1,5.2,10,7.3,86.2,0.5,32.7,19.1,0,"2,151.60",479.7,9.3,0.4,94.6,21.1,22,134,22.2,77.3,0.2,0,68,"1,820",51,43.6,2
0.1,0.1,-6.2,-47.7,-8.1,-40.8,-3.8,-91.2,0.9,29.3,71.4,9.2,141.8,121,18.6,13.1,95.5,81.6,16.5,28,44.4,49,3.7,0.1,-12,158,13.1,19.4,4
9.8,9.4,1.9,15.1,2.3,158.1,2.6,41.9,1.7,133.2,20.2,2.7,197.5,185.6,10.8,5.5,86.7,81.5,17.5,33.4,32.2,62.1,3.6,30.5,7,385,18.3,23.3,1
0,0,13.1,36.6,17,65.5,12.5,68.8,6.4,748.9,4.7,0,"1,157.60",988.2,14,1.2,68.6,58.6,73.4,131.5,98.2,0.6,0.9,11.7,44,331,105.5,132.7,1
0,0,5.7,16.2,7.2,36.9,6.8,70,3.5,230.4,15.6,1,355.5,314.2,10.9,3.1,75.8,67,65.8,180.9,65.8,32.5,0.5,0.5,11,204,37.4,114.8,1
0.3,0.4,2,20.1,2.4,33.2,2.8,101.1,-0.1,-82.5,6.2,0.2,"1,274.60",726.4,3.2,0.3,104.6,59.6,18.6,31.5,18.6,81.3,0,0,225,"12,045",28.6,20.9,1
0,0,8.2,9.1,10,42.5,17.9,80.7,8.9,74.9,53.6,0.3,510.7,193.1,22.5,4.4,71.7,27.1,88.7,"1,554.60",96.8,0,1.8,-,42,529,129.3,"2,124.90",3
0,0,0,0.3,0.5,0.1,0.8,39.2,3.7,274.3,65.6,0,275.1,274.5,1.5,0.5,29.1,29,45.3,687,54.9,41.1,0.5,0,0,762,38.9,50.6,3
0.9,1.2,4.6,7.6,5.5,8.9,6.2,95.2,1.3,128.1,15.9,0,708.2,416.2,7.2,1,84.5,49.7,8.8,55.7,8.8,87.8,2.7,0.1,70,"1,696",46.1,23.7,2
3.8,5.5,0.7,12.5,0.6,13.3,0.6,75.8,0.2,328.8,10,0,133.9,141.5,2.4,1.8,91,96.1,3,52.7,5.9,92.9,0,0,70,"11,619",18.7,3.4,2
0.4,0.6,1.3,12,1.6,32.1,1.9,70.1,0.2,124.4,7.3,0,296.6,276.1,4.4,1.5,94.6,88.1,10.4,"1,094.40",12.1,86.8,0.9,0,160,"15,715",14.2,12,2
0.4,0.3,2.1,19.2,2.4,22,2.4,46.7,2.6,153.3,33.9,1,149.2,150,10,6.7,79.3,79.7,19.1,45.1,38.5,53.4,4.1,25.6,26,"1,352",12.9,23.5,2
0,0,6.9,8.1,9.1,18.1,13.9,108.7,-0.5,-20.3,17.8,0,"102,337.50",646.9,15.3,0,103.1,0.7,39.7,413.4,44.7,54,0.6,0,11,161,53.4,424.4,2
0,0,20.9,36.9,25.6,124.6,17.1,60.1,13.6,507.3,9.4,0.1,779.1,639.7,19.8,2.5,59.3,48.7,24,145,24.5,70.9,0.1,0.1,31,149,16.9,92.9,2
0.3,0,4.3,32.1,5.2,80,4.4,74.1,1.9,308.3,10.5,0.1,449.9,403.8,5.8,1.3,75.2,67.5,98.4,116.9,98.3,0.1,1.1,0,480,"11,795",19.5,117,1
0.1,0.1,3,27.3,3.1,40.6,5.5,106.5,-0.7,-56.7,22.4,0.9,185.3,153.2,14.1,7.6,104.9,86.7,23.4,48.4,27.9,62.4,1.5,0.1,65,"2,698",15.2,37.9,1
1,1.2,2,16,2.4,23.6,3.2,81.7,-0.4,-269.6,3.7,1.4,236.8,215.7,7.9,3.3,105.2,95.8,5.1,362.2,22.1,72.4,3.6,0,220,"12,766",16.2,6.3,1
0,0,-3.1,-11.3,-3.7,-11.1,-3.2,-54.6,4.8,154.4,54.1,6.4,154.2,154.3,9.2,6,65.5,65.5,8,122.2,17.8,74.5,6.1,0.2,-37,970,32.1,12.3,3
0,0,27.5,36.4,33.4,247.1,9.9,21.5,49.7,402.4,26.8,0,713.5,439.1,11.8,1.7,19.2,11.8,60.8,"7,695.50",71.8,5.5,1.2,0,124,479,91.9,"1,104.80",2
0,0,-0.3,-0.9,-0.3,-0.7,2.4,58.5,0.9,91,25.3,1.5,167,155.5,9.7,5.8,91.1,84.9,13.2,97,18.6,62.3,16.4,0,-4,"1,350",37.8,22.2,3
0,0,30.4,34.7,37.3,66,11.9,23.1,48,333.7,27.9,0,-,416.7,11.9,0,19.9,0,54.2,"1,558.30",54.4,0,4,-,27,91,104.4,-,2
14,14.4,2,18.6,2.4,141.8,3.6,79,0.7,47.2,32.5,0.7,191.1,153.8,8.2,4.3,92,74.1,26,42.1,16.6,68.7,3.8,28,4,244,15.2,30.5,2
9.9,9.8,1.4,16,1.5,298,2.2,62.2,1,64.4,42.4,0.5,151,131.1,7.6,5,88.7,77.1,23.3,39.8,16.1,66.6,4.2,20.1,4,315,14.2,27.5,3
8.7,8.9,1.5,17.5,1.7,148.9,2.4,54.1,1.2,73.8,37.2,1,167.2,143.3,7.9,4.7,86.8,74.4,21.3,38.5,11.9,68,4.9,26.1,4,292,15.5,25.6,2
0,0,4.1,4.6,5.1,2.7,13.2,94.7,0.7,8.4,63,0,"4,784.70",156.9,13.5,0.3,94.8,3.1,94.8,"20,300.00",0,0,16.2,-,2,51,207.8,"43,709.00",3
10.2,9.2,2.1,17,2.4,151,2.8,63.7,1.1,76.8,33,0.7,184,155,7.3,4,86.6,72.9,29.8,56.5,21.9,60.3,4,22.9,8,395,17,36.8,2
0.5,0.5,1.1,9.5,1.3,26,2.5,56,1.2,51.4,49.3,1,152.4,126.4,9.9,6.5,89.5,74.3,22,36.6,5.6,72.7,5.2,2.1,1,135,14.2,26.2,3
0.6,0.7,0.9,12.1,1,17.7,2.3,59,0.7,36.9,46.7,1.1,153.3,126.4,9.2,6,93.3,76.9,26.3,55.7,10.6,72,3.5,6,2,251,16.1,32.9,3
1,1,0.4,4.4,0.4,9.9,2.7,51.9,1.1,35,61.9,1.5,180.1,123.9,9,5,89.1,61.3,23.6,37.9,9.2,65.9,7.8,5.7,0,115,15.4,27.4,3
0.1,0.1,0.3,2.4,0.3,2.7,3.7,89.9,0,1.4,82.9,0.4,199.9,109.4,8.2,4.1,99.4,54.4,17.7,27.2,0.6,77.9,6,0.6,0,131,14.8,20.8,3
2.8,3.1,1.3,12.7,1.5,48.5,3.7,69.5,0.7,25,53.3,0.9,197.5,132.8,9.2,4.7,92.9,62.5,22.8,36.6,7.7,73.8,3.4,24.9,2,170,16.1,28.1,3
11.7,11.6,1.6,13.4,1.8,118,3.1,68,0.9,45.6,44.6,0.7,191.4,142,7.6,4,89.1,66.1,24.9,44.3,16.4,66.3,6.8,23.5,4,266,16.7,31.3,2
9.6,9.4,1.3,12.9,1.5,83.1,2.2,51,1.2,62.7,43.6,1.1,175.7,140.4,7.2,4.1,86.1,68.8,24.8,44.5,14.5,65.5,6.3,26.5,4,344,14.5,31.6,3
0.1,0.1,2.4,10.3,3.3,14.6,4.2,80.1,1,54.2,35.6,0.1,180.6,147.5,9.4,5.2,90.3,73.7,25.1,"1,099.60",33.1,39.4,3.7,0.3,67,"2,628",70.7,703.8,2
0.6,0.6,0.4,4.6,0.4,6.7,1.7,60.3,0.4,24.1,51.4,1,155.5,123.3,7.1,4.5,95.2,75.4,24.1,52.5,13.6,67.9,4.4,1.4,1,365,18.1,29.6,3
0.2,0.1,1.6,11.3,2,18.2,2.9,63.4,1.3,77.3,35.6,1,399.1,207.6,4.4,1.1,77.8,40.5,49,98.9,14.8,39.2,4.6,0,11,723,18.2,59.1,2
0.5,0.6,0.7,8.4,0.8,9.3,2.3,75.5,0.4,21,59.5,0.5,144.2,115.7,8.6,6,95.8,76.9,15.5,39.1,5.1,78.9,4.5,4.3,3,391,19.6,19.5,3
0.3,0.2,3.2,19.6,3.9,792.6,7.9,102,-0.2,-5.2,48,0.1,251.3,144.9,13.2,5.3,101.5,58.5,45.2,60.3,17.9,52.8,1.5,0,38,"1,212",19.2,56.8,2
3.9,3.7,1.7,16.1,1.8,56.7,2.9,57.9,0.9,40.3,47.4,1.6,184.7,136.9,8.7,4.7,90.2,66.8,24.1,41.9,10.6,62.9,9.7,28.9,3,174,19.5,30.9,3
0.1,0.1,1.7,10.9,2.3,41.5,6.4,104.5,-0.3,-7.2,62.3,0,455.9,141.1,8.2,1.8,103.5,32,42.2,93,14.5,56.4,0.2,0,56,"3,042",21.5,52.9,2
0.8,0.7,1.3,12.8,0.7,47.3,4.3,69.1,0.6,14.5,66.2,1.4,255.4,127.1,9.2,3.6,93.9,46.8,33.9,54.3,9.4,61.8,4.6,27.3,4,300,17.6,44,2
0.4,0.4,0.4,5,0.6,4.9,2.7,91.8,0.2,9.9,55.6,0.7,191.5,128,5.7,3,97.3,65,35.3,82.5,19.3,59.2,1.7,11.1,1,293,14.4,39.6,3
1.7,1.9,1.6,15.6,2,24.2,4.1,68,1,34.6,47,1.2,218.7,145.1,9.4,4.3,90.5,60,22.1,41.2,7.4,72.7,4.4,32.3,3,203,19.9,28.1,3
100,100,0.9,12.8,1.1,15.3,3.1,168.8,-1.3,-192.9,35.7,0.1,463.1,178.3,4,0.9,147,56.6,30.8,72.1,0.2,68.9,0.2,0,81,"9,731",14,33.6,2
1.1,1.1,0.9,8.9,1.2,9.7,3.2,70.5,0.4,18.1,49.4,1.1,164.4,126.5,10.5,6.4,96.3,74.1,27.9,48.7,8.8,68.4,4.4,11.5,7,704,20.3,34.3,3
100,100,1.4,14.4,1.6,47.9,3.7,73.5,0.5,20.2,47.5,1,207,139.8,8.7,4.2,94.8,64,22.4,41.9,16.7,65.7,6,32,3,217,15,28.7,3
0,0.1,5,8.1,5.7,9.5,7.9,93.5,0.5,21.6,29.9,0.2,"5,142.90",320.6,8,0.2,93.6,5.8,22.8,330.8,0.7,76.5,0.3,0,65,"1,418",56.1,58.5,2
0.2,0.1,-0.8,-5.5,-1.2,-6.2,1.2,23.6,1.9,47.4,82.2,2.1,136.4,107.1,11.3,8.3,85.5,67.1,36.1,59,17.4,59.9,7.9,0.2,-1,148,14.1,43.7,4
10.5,10.1,2.1,16.5,2.5,151,4,74.7,0.8,42.2,37.8,1,219.2,157.4,8.2,3.7,90.6,65.1,22.5,40.8,15.7,64.5,5.2,31.5,7,344,18.7,28.4,2
0,0,6.9,19.9,6.5,26.4,4.3,52.9,3.8,284.8,16.4,0.2,"1,487.80",513.9,4.6,0.3,55.1,19,98.1,142,37.2,0.8,1.7,5.8,18,338,62.8,140.3,1
0,0,3.6,10.7,4.5,22.1,5.6,77.6,1.6,60.2,37.3,0,460.6,206.7,7.2,1.6,81.5,36.6,71,180.6,0,27.8,2,3.5,7,182,40.2,117.1,2
0.3,0.4,1.3,11.7,1.4,15.8,1.9,97.4,0.1,24.3,10.7,0.4,"1,621.90",620.8,2,0.1,97.5,37.3,18.2,29.6,0,79.5,0,0,107,"10,588",23.8,20.3,1
0,0,6.7,7.5,8,32.2,16.6,87.2,2.4,22.3,57.1,0.2,651.7,158.7,19.6,3,89,21.7,98,981,30.7,0,0.8,-,32,512,107.1,"1,002.80",3
0,0,0.3,1.5,0.6,0.7,1.8,31,3.9,77.4,89.2,0,453.1,111,2.3,0.5,36.6,9,23.4,"1,452.10",21.4,49.4,0.6,0,1,478,32.5,28.2,3
0.8,1.1,4.2,6.5,4.9,7.5,5.8,78.6,1.6,76,28.2,0.4,"4,895.00",340.7,5.9,0.1,78.9,5.5,7.1,45.4,0,89.7,0.6,0.1,52,"1,315",47.8,22.9,2
2.8,3.9,0.7,10.4,0.7,11.8,1.1,102.6,-0.1,-25.1,31.3,0.1,182.8,142.5,2.6,1.4,103.4,80.6,4.2,54.4,0.4,94,0.4,0,52,"7,761",13.6,4.6,2
0.3,0.3,1.6,12.6,1.8,25.7,2.8,86.4,0.2,17.4,30.6,0.4,392.3,210.1,4.2,1.1,96,51.4,21.4,"2,335.50",2.9,77.1,2.6,0.1,128,"8,983",16.7,25.3,2
0.4,0.3,1.7,15.6,2.1,17.2,4.7,64.1,2.1,67.2,43.2,2,213.2,153.6,9.8,4.6,82.1,59.2,27.2,55.7,13.9,62.2,8.2,29.7,22,"1,388",13.4,33.7,3
0,0,6.2,7.6,7.6,15.6,10.8,95.1,0.6,15.8,31.1,0.2,"11,988.60",316.1,10.9,0.1,95.1,2.5,19,128.3,4,80.4,1.9,0,9,155,52.8,129.9,3
0,0,9,20.6,10.6,51.1,12.6,89.7,1.4,44.3,23.1,0.2,658.6,296.3,14.9,2.3,91.2,41,5.8,27,0.1,75.1,19.4,0.1,26,298,15.1,11.2,1
0.3,0,3,24.1,3.3,46.1,3,68,1.4,143.8,22.3,0.2,471.8,291.8,3.8,0.8,72.9,45.1,96.4,110.7,0.4,1.9,1.1,0,276,"10,564",15.2,320.4,1
0.1,0.1,4,30.3,4.2,46,5.9,91.1,0.4,18.9,31.8,0.2,204.3,156,11.9,5.8,96.8,73.9,28.1,97.3,8.1,62.4,0.4,0,57,"1,700",18,43.3,2
0.9,1.1,2.3,18.4,2.5,24.8,3.6,97.5,0.1,16.4,12.5,0.7,232.1,201,6.3,2.7,98.8,85.6,14.8,408.9,17.1,76.9,1.9,0,199,"9,637",17,18.4,1
0,0,0.3,1.5,0.4,1.5,3,76.2,0.8,24.3,85.7,0.1,167.5,107,7.7,4.6,90.4,57.8,27.5,337.2,5.8,64.5,5.1,0.3,5,"1,423",26.2,38.2,3
0,0,24.9,36.4,21.5,144.1,4.8,11.3,37.5,181.4,48.9,0.1,333.9,195.1,6.8,2,15.4,9,77.6,381.9,30.2,4.6,0.6,0,72,418,102.2,364.8,3
0,0,2.3,6.3,2.3,6.3,3,67.4,0.9,48.8,40.5,0.8,186.7,144.7,7.8,4.2,89.7,69.5,19.8,89,2.9,75.7,0.2,0,16,897,31.4,29.3,2
0,0,8.7,9.7,11.5,17.8,8.2,24.1,25.8,115,66,0,-,151.4,8.2,0,24.1,0,70.3,"29,439.00",0,0,10.1,-,7,84,104.1,-,3
13.8,13.6,1.991015297,18.80892778,2.395209723,128.9494118,3.3,67.9,0.9,61.6,30.8,0.9,204.5,163.9,7.6,3.7,89.3,71.6,28.9,46.1,19.3,65,4.1,26.9,4,197,14.5,33.8,2
8.9,9.2,1.2,12.6,1.4,204.7,2.5,62.5,1,61.2,41.5,0.9,169.6,139.4,7.3,4.3,87.8,72.1,20.3,34.9,14.5,68.4,4.6,20,3,240,13.1,23.3,3
8.2,8.6,1.4,15,1.6,108.1,2.4,53.1,1.2,65.5,40.5,1.1,172.6,142,7.8,4.5,86.8,71.4,22.4,42.4,13,69.5,5.3,27.8,3,230,14.2,27.1,3
0,0,3.1,3.6,3.6,2.1,11,92.3,0.9,10.9,69.5,0,"3,334.20",142.2,11.3,0.3,92.7,4,95,812,0,0,15.3,-,2,55,206.8,826.8,3
10.4,9.4,1.8,15.8,2.1,113.2,2.3,50.5,1.6,99.2,35.1,0.8,178.9,155.1,6.6,3.7,80.9,70.2,31.4,62.1,21.8,59.7,2.6,24.8,5,322,14.3,37.9,2
0.5,0.5,1.5,12.2,1.8,29.2,3.1,59,1.4,58.8,46.1,1,172.5,136.7,9,5.2,86.5,68.5,24.3,40.9,7.2,70.6,5.2,2.8,2,117,13.8,29.2,3
0.6,0.7,0.9,9.9,1,12.2,2.5,59.2,0.9,46.7,45.2,1.3,165.4,133,8.4,5.1,90.4,72.7,23.7,48.3,9,74.3,2.7,5,2,211,13.5,28.5,3
0.9,1,0.5,4.9,0.6,10.8,2.5,38.1,2,53,57,2.2,176.4,129,10.5,6,84.2,61.6,13.4,25,11.3,73.9,10,7.7,0,87,13.1,15.8,3
0.1,0.1,0.4,2.7,0.4,3,3,69.8,0.8,24.1,73.9,0.7,212.6,117.7,6.6,3.1,89.7,49.7,27.1,43.1,3.5,68.3,4.3,0.7,0,116,16.7,32,3
3.1,3.3,1.2,12.8,1.5,42.7,3,51.1,1.5,50.9,50.5,1.4,191.2,137.5,9,4.7,85.8,61.7,25.9,42.5,7.4,70.7,3.4,27.5,2,155,14.4,31.8,3
12,11.9,1.6,13.8,1.8,104.5,2.8,59.5,1.3,61.8,43.8,0.8,194.3,146.4,7.2,3.7,84.7,63.8,26.5,47.4,17.1,65.5,6.5,24.6,3,227,15.2,32.9,2
9.7,10.1,1.2,11.9,1.4,67.5,2.2,50,1.4,68,45.8,1.1,174.8,139.3,7.1,4,83.8,66.8,21.8,39.7,13.1,68.3,7,27.2,3,270,14.2,27.9,3
0.1,0.1,2.9,13.9,3.8,19.2,3.9,73.3,1.3,101,24.9,0.2,150,143,11.8,7.9,89.9,85.8,26.9,270.5,30,41.1,3.5,0.3,88,"2,937",64.3,177.4,2
0.6,0.6,0.1,0.8,0,0.9,0.9,23,1.6,71.5,60.9,1.4,148.9,122.2,6.4,4.3,79.8,65.5,31.9,78,14.5,64.2,4.8,2,0,311,18.3,39.5,3
0.2,0.1,1.4,9.9,1.6,14,2.9,71.6,1,66.2,38.2,0.9,508.9,209.3,3.8,0.7,78.6,32.3,59.9,120.8,19.7,29.5,2.5,0,9,692,18.8,70.7,2
0.5,0.6,0.6,6.8,0.7,8,2.2,71.4,0.4,20.7,63.2,0.5,147.4,114.9,8.3,5.7,95.4,74.4,16,34.9,7.2,77.9,4.5,2.4,1,280,17.7,20.1,3
0.3,0.2,2.4,15.5,3.2,585.1,3.7,50.7,3.5,89.9,52.1,0.3,197.9,145,7.9,4,69.6,51,52.2,66.6,11.8,46.4,1.3,0,25,"1,024",18.2,66.2,2
4,3.6,1.5,15,1.6,42.5,2.8,54.2,1.2,47.7,49.1,1.7,194.6,139.1,8.1,4.2,87.1,62.2,27.9,48.8,12.6,59.9,8.9,29.2,2,149,17.5,35.8,3
0.1,0.1,2.2,13.5,2.5,51.3,4,71.4,1.6,54.5,52.4,0.2,290.3,152.9,6.1,2.1,79.2,41.7,56.7,99,34.8,41.5,0.3,0,69,"3,371",21.6,68.7,2
0.9,0.8,-1.3,-14.4,-1.4,-54.7,1.7,24.6,2.8,57,73.2,3.2,188.9,119.3,8.3,4.4,74.8,47.2,38.2,63.7,9.5,58.1,6.9,38.6,-4,271,20.4,51.6,3
0.3,0.3,0.2,2.3,0.3,3.3,2.3,77,0.4,17.2,73.5,0.5,186.2,115.2,5.6,3,93.7,58,34.7,72,21,61.7,2.1,12.8,0,187,19.8,38,3
1.9,2,1.2,12,1.4,16.4,3.4,60.3,1.2,39.4,53.6,1.2,212.4,137.5,8.5,4,87.6,56.7,24.1,47.4,10,70.1,3.9,34,2,185,17.7,30.4,3
100,100,0.6,7.2,0.6,7.8,2.3,166.3,-0.9,-126.9,52.3,0.1,556.1,153.8,2.8,0.5,148.6,41.1,39.1,75.6,1.4,60.3,0.3,0,41,"8,688",12.9,42.3,3
1.5,1.5,0.6,8.4,0.7,6.1,2.3,60,0.8,45.8,45.2,1.4,171.7,135.2,7.2,4.2,90.2,71,27.6,53.5,4.6,69.1,2.5,10.5,4,766,15,32.1,3
100,100,1.3,12.6,1.5,38.2,3.1,55.8,1.1,39.1,50,1.3,206.8,139.9,8.6,4.2,88.8,60.1,24.4,47.3,18.9,62,6.7,35,2,161,14.5,32.8,3
0,0,3.9,5.4,4.3,6,7,92.6,0.6,18.4,40.4,0.2,"12,669.50",244.8,7,0.1,92.6,1.8,37,"5,049.80",11.5,62.2,0.5,0,41,"1,196",69.8,107.1,3
0.2,0.2,0.2,1.8,0.3,2.1,2.4,52.4,1.3,40.7,70.7,1.1,153.2,114.3,9.5,6.2,87.7,65.4,33.5,60.2,13.2,63.1,4.6,0.2,0,174,16,40,3
10.9,10.8,1.9,15.2,2.2,120.7,3.1,58.9,1.3,61,41.3,1,213,154.7,7.4,3.5,84.9,61.6,21.1,39.6,16.8,65.5,5.2,31.6,5,294,16.2,26.3,2
0,0,6.5,12.7,6.7,14.2,5.2,58.8,3.6,193.7,21.1,0.3,"5,403.30",454.4,5.3,0.1,59.5,5,96.6,190.3,44.2,1.5,3,3.8,9,175,80.2,184.4,1
0,0,3.1,8.5,3.4,15.9,4.5,69.9,1.9,67.3,44.7,0.2,678.6,197.5,5.3,0.8,73.2,21.3,71.3,126.1,4.4,27.6,2,0.6,5,189,46,110.2,2
0.2,0.3,1.9,11.9,2.1,14.3,2.3,85.8,0.4,126.8,11.2,0.2,983.8,524.8,2.6,0.3,87.1,46.4,16.7,68.3,0,80.4,0,0,97,"5,792",15.1,19.9,1
0,0,6.8,8,9.1,31.6,6.5,34.5,12.4,129,50.8,0.3,716.2,187.2,7.6,1.1,37.9,9.9,96.9,"2,803.70",4.4,0,0.9,-,32,445,112.5,"2,855.20",3
0,0,-9.9,-45,0.5,-28,2.4,26.4,6.8,79.4,92.7,0.2,230.2,106.5,4.3,1.9,38.8,17.9,52.5,370.7,34.5,4.8,0.9,0,-38,294,21.2,74,3
0.8,0.9,4.1,6.2,5.1,7,5.5,74.4,1.9,90,28.5,0.3,"214,461.60",350.7,5.5,0,74.4,0.1,21.7,130.5,0,74.3,0.6,0.2,43,"1,150",49.6,67.1,2
2.6,3.6,0.7,8.4,0.6,11.4,1.2,125,-0.3,-79.6,33.8,0,209.6,144.2,2.4,1.1,112.5,77.4,5,646.9,1,90.2,0.4,0,140,"22,759",13.4,5.7,3
0.3,0.3,1.2,9.6,1.3,44.5,2.3,81.8,0.4,37.3,42.6,0.3,406.9,182,3.1,0.8,87.5,39.2,20.9,"2,802.40",3,77,3.2,0.1,71,"7,043",13.4,25.3,3
0.4,0.3,1.3,11.1,1.5,11.9,3.5,65.8,1.6,47.3,61.8,0.5,181.8,125.7,8.4,4.6,84.3,58.3,29.1,70.8,11.9,61.7,7.2,28.3,16,"1,363",12.7,36.5,3
0,0,7,8.4,8.3,16.1,10.5,87.3,1.5,44,28.9,0.2,"6,792.20",335.1,10.6,0.2,87.4,4.3,21,118.9,4.7,78.8,1.7,0,10,148,51.9,120,2
0,0,5.3,14.8,7.1,30.7,9.5,85.4,1,29.5,30.7,0.7,577.4,239.4,12.3,2.1,92.4,38.3,8.2,28.5,0.6,68.3,23.7,0.1,15,268,15.3,14.9,2
0.3,0,2.8,21.6,3.3,35.3,3,66.4,1.5,141.3,23.8,0.2,580.3,302.9,3.7,0.6,70.5,36.8,96.7,112.8,0.6,1.2,1.3,0,212,"8,006",22.8,316.7,1
0,0,3.9,26.4,3.9,82.2,7.1,107.3,-0.5,-23.1,31.8,0.5,247.7,165.2,11.9,4.8,104.3,69.6,22.9,100.3,4.1,62.2,0.3,0.6,37,"1,174",17.3,38.3,2
0.9,1,2.1,17.6,2.5,23.2,3.2,100.4,0,-4,15,0.3,229.7,191.9,5.7,2.5,100.3,83.8,18.9,411.3,20.1,72.2,1.9,0,159,"8,001",14.3,22.5,2
0.1,0.1,0.8,4.3,1.5,4.3,2.6,45.1,2.3,69.1,58.7,0.8,189.1,132.9,7.2,3.8,75.7,53.2,17.6,348.3,4.6,74.8,5.4,5.5,14,"1,681",17.9,22.9,3
0,0,-4.6,-7,-6.8,-17.3,4.4,19.8,18,61.5,130.5,0,168.1,80.9,10.9,6.5,37.8,18.2,72.8,"10,701.40",22.4,11.1,5.6,0,-9,159,80,641.3,3
0,0,3.4,5.9,3.5,5.5,2.7,58.1,1.2,61,42,1,190.7,146.8,7.3,3.8,85.9,66.1,19.5,93.6,4.1,79.1,0.3,0,14,510,53.8,40,2
0,0,7.4,8.3,9.5,14.7,6.5,21,24.5,113.9,69.3,0,-,144.2,6.5,0,21,0,70.8,"13,669.10",0,0,10.8,-,6,81,108.2,-,3
13.5,12.8,1.875731777,17.18347967,2.168617898,103.2494,3.2,73,0.9,51.6,39.5,0.5,191.1,147.7,7.3,3.8,89.1,68.9,31.6,51.2,21.4,61.7,3.7,26.9,3,167,15.1,36.8,2
8.4,8.7,1.3,12.9,1.5,185.2,2.6,63,1.1,56.9,45.6,0.7,170.8,136.2,7.3,4.3,87.3,69.6,19.9,37.6,15,67.5,4.8,21.1,2,198,13.8,23.1,3
8.2,8.5,1.1,12.2,1.4,77.2,2.4,58.5,1.2,59,47.4,0.8,167.4,134.1,7.5,4.5,86.5,69.3,24.3,44.4,13.8,67.7,5.1,29.6,2,199,14.5,29.2,3
0,0,3.1,3.7,3.7,2.1,11,94.7,0.6,7.6,67.8,0,"3,197.40",145.5,11.3,0.4,95,4.3,94.1,775.6,0,0,16,-,2,53,211.3,791.1,3
10.5,9.7,1.4,11.6,1.6,74.9,2.4,53.8,1.3,71.8,40.7,1,192.8,150.7,6.5,3.4,83.4,65.2,33,61.3,23.6,60.4,2.5,27.9,3,260,14.6,39.4,2
0.5,0.5,1.4,11.1,1.6,24,3,61.4,1.1,44.9,50.4,0.9,177.9,133.1,8.7,4.9,88.6,66.3,33.3,62.4,13.8,62.1,5.5,4.5,1,103,14.5,40.1,3
0.5,0.6,0.8,10.1,1,9.6,2.9,72.7,0.5,23.4,53.2,0.9,180.4,128.9,8,4.4,94.1,67.2,20.3,44.8,6.5,77,3.2,5.6,1,167,13.6,23.9,3
1.1,1.1,0.5,4.2,0.3,8.9,2.9,51.8,1.3,36.7,62.3,1.8,186.1,124.8,9.4,5,88,59,19.5,35,12.9,68.5,9,9.8,0,81,13.7,23.4,3
0.1,0.1,0.3,2,0.4,2.2,3.7,81.3,0.5,14.2,83.8,0.4,199.4,109.4,8.1,4.1,93.7,51.4,25.3,67.2,5.3,67,5.9,0.9,0,93,19.9,31.1,3
3.2,3.6,1.3,13.7,1.1,40,3.2,60,1.1,36.4,55.5,1.3,197.7,132.5,8.6,4.4,88.9,59.5,22.3,37.7,7.3,73.9,3,28.2,2,135,13.9,27.4,3
12.3,12.2,1.2,10.1,1.4,68.5,2.7,62.2,1.2,50.3,52,0.7,188,135.3,7,3.7,85.8,61.8,27.4,53.1,16.7,64.5,6.4,26.1,2,200,15.6,34.1,3
9.9,10.2,0.9,8.8,1.1,42.8,2.4,55.4,1.1,52.2,51.4,1.1,181,134.3,6.9,3.8,85.9,63.7,24.1,46.5,14.5,67.5,6.6,29.4,2,220,13.8,30.8,3
0.1,0.1,0.8,3.5,1,4.6,2.4,84.7,0.3,30.6,39.2,0.7,167.2,135.8,6.2,3.7,94.8,77,25,89.9,28.5,44.6,3.4,0.2,21,"3,069",61,90,3
0.6,0.6,0.5,6.1,0.6,9.6,2.6,49.5,1.5,46.8,58.3,1.6,191.5,130.2,8.1,4.3,84.8,57.7,25.5,64.9,6.4,71.1,5.3,2.8,1,223,15.5,30.8,3
0.2,0.1,1.8,12.4,2.2,15.9,2.5,62,1.4,81.7,42.1,0.2,458.6,195.8,3.4,0.7,70.9,30.3,56.5,116.5,12.2,33.8,2.6,0.1,10,575,18.6,67.8,2
0.5,0.6,0.5,5.4,0.6,5.8,2.4,67,0.6,25.4,62.9,0.8,160.7,118.4,7.9,4.9,93.3,68.8,19,42,7.3,76.7,5.1,1.7,1,191,16,22.9,3
0.4,0.3,2.2,14.1,2.6,507.4,5.3,85.7,0.8,25.1,54.9,0.1,250.8,140.2,8.8,3.5,91.2,51,50.8,64.4,13.4,44.1,1.1,0,21,"1,046",17.6,62.2,2
8.1,9.9,2.1,17.9,17.9,2.7,31.2,3.4,39.5,3.3,91.4,41.4,2.4,207.5,159.1,10.4,5,76.1,58.3,14.3,23.4,22.1,58.6,10.5,37.5,2,17.8,19.7,2
0.1,0,6.6,8.4,8.4,8.8,11.8,4.1,27.1,10.4,258.6,26.6,2.3,"8,075.30",371.6,4.7,0.1,31.4,1.4,85.5,809,45.6,1.5,14.4,7.2,55,45,"2,197.40",3
0.5,0.7,1.7,15.2,15.2,2.1,20.5,4.6,56.2,1.5,52.5,36.2,3.1,203.2,155.6,13,6.4,89.4,68.4,8.6,15.8,14.2,75.1,7.3,0.2,1,12.8,10.3,2
0.1,0.1,2.8,9.3,9.3,3.3,10.4,5.2,79.3,1.4,46,45,0.4,526.6,186.6,6.5,1.2,82.5,29.2,31.7,79.7,47.6,36.2,6.6,0.1,4,31.6,46,3
0.5,0.3,0.6,6.2,6.2,0.7,5.8,1.3,29,1.9,77.5,53.2,1.4,131.7,119.6,11.2,8.5,85.5,77.7,33.6,64.7,40.4,32.8,8.7,1.8,1,26,41.5,3
0.6,0.5,1.5,9.2,9.2,2,225,3.9,31.7,5,73.8,54.8,3.6,228.5,144.7,13.1,5.7,72.4,45.8,54.2,82.2,26.2,42.8,8.9,49.1,2,19.9,69.3,2
2.7,3.7,2.6,22.8,22.8,3.1,74.3,6,62.8,1.8,46,40.4,2.5,281.7,170,12,4.3,87.2,52.6,24.1,45.3,15.4,66.8,7.3,32.3,1,19,31.1,2
0.2,0,8.2,28.2,28.2,7,78.3,0.9,7.6,10.3,256.5,36,0.1,142.2,218.3,2.9,2,21.7,33.4,87.6,115.1,58,3.6,6.2,0.2,106,49.7,114.9,3
1.7,2.3,1.7,10.3,10.3,2.2,37.8,5.2,43.3,3.4,52.9,53.6,3.4,270.4,148.5,13.7,5.1,80,44,31.6,52.9,14.1,63.2,10.1,54,1,17.3,42,2
0.3,0.4,0.5,2.8,2.8,0.8,3.1,3.7,45.8,2.1,44.2,58.7,2.6,205.2,132,11.7,5.7,84.8,54.5,20.1,39.6,10.7,73.9,8.5,13,0,20.8,26.8,2
1.9,2.9,1.2,10.5,10.5,1.8,10.7,6.8,92.3,-0.5,-11.8,58,1.3,228.7,129.8,13.9,6.1,103.7,58.9,24.2,40,15.9,72.2,4.7,35.9,1,15.6,29.8,1
100,100,2.3,20.1,20.1,2,41.3,5.2,60.2,1.1,27,45.6,2.7,236.8,149.6,13.2,5.6,92.5,58.5,36.1,66,26,59.8,7.3,66.7,1,18,47.4,1
0.1,0.2,0.2,1.1,1.1,0.3,1.4,4.2,53.3,2.2,39.3,71.4,2,205.9,120.6,11,5.3,83.3,48.8,31,53.5,15.6,63.1,4.3,1.2,0,19.3,39.8,3
13.2,13.1,3,26,26,3.6,70.5,3.7,48.6,2.7,112.1,32.3,1.5,194.8,168,9.9,5.1,78.4,67.6,42.9,66.4,34.5,47.2,4.3,33.8,4,21.2,52.4,2
0,0.1,5.1,28.4,28.4,5.8,34.1,4,55.6,3.2,228.4,19.5,0,262.4,250.1,6.5,2.5,66.9,63.8,40.1,103.5,7.6,57.5,2.3,0.1,6,49.1,108.1,3
0,0,4.4,9,9,5.9,11.3,7.6,79.6,1.3,44.4,31.3,0.7,687.3,249.3,9.6,1.4,87.9,31.9,80.6,243,14,17.6,8.1,3.2,3,94.3,185.7,3
0,0,10.2,14.2,14.2,14.4,22.6,14.3,46.1,16.7,107.9,50,1.1,"1,337.50",193.2,15.4,1.2,48,6.9,94.9,"1,484.10",40.3,0,1.5,-,23,116.4,"2,344.10",3
0,0,-3.9,-53.3,-53.3,-4.4,-24.3,8.4,133.1,-3.4,-36.8,146.5,1.5,348.4,77.7,13.6,3.9,133.3,29.7,52.5,87.9,30.5,43.5,4.7,44.7,-1,10.2,58,3
1,1.6,4.6,6,6,5.9,7.4,7.2,88,1,42.8,28,0,"58,059,400.00",357.4,7.2,0,88,0,20.2,158,0,77.1,1.5,0.2,18,66.4,111.4,3
0.8,1,6,10.4,10.4,5.3,17.1,5.2,74.2,1.1,118.6,12.8,0.9,863.4,464.9,6.8,0.8,86.3,46.5,34.5,"12,739.00",7.5,60.2,1.7,0.1,171,125.7,123,3
0.2,0.2,2.2,5.2,5.2,2.4,16,4.1,54.4,2.7,65.7,55.4,0.9,379.6,157,6.5,1.7,70.3,29.1,25.2,"2,877.80",16.2,62.3,12.1,0.6,26,70,43.5,3
0.1,0.1,2.2,5.7,5.7,2,6,5.4,66.3,2.5,46.2,66.6,0.7,511.3,140,7,1.4,73.7,20.2,40.1,102.6,21.7,51.5,6.6,0.2,2,21.3,62.6,3
0,0,6,8.9,8.9,9.2,11.5,10.7,84.5,2,62.9,24.6,0.4,"3,802.20",380.4,11,0.3,84.9,8.5,1.8,1.8,2.8,90.5,0.4,0,7,55.4,17.5,3
0,0,3,4.2,4.2,2.9,5.3,5.2,33.8,3.8,67.6,37,6.7,962.8,237.7,12.8,1.3,77,19,13.5,59.1,12.1,76.3,20.2,0.3,3,42.8,40.5,3
0.2,0,2.6,13.6,13.6,3.1,62.5,2.5,50.5,2.4,138.2,35.6,0.1,340.2,213.4,3.5,1,59.3,37.2,93.3,120.9,5.3,0.5,1.2,0,38,51.8,"1,543.70",3
0,0,1.5,4.6,4.6,1.7,5.2,4.3,63.1,2.1,46.7,65.6,0.6,252.4,131,7.9,3.1,79,41,36.1,130.6,14,54.1,13.9,0.3,1,24.7,54.6,3
0.9,1,2.7,19.5,19.5,3,29.1,3.7,82.4,0.8,96.8,17.9,0.6,204.6,184.7,7.2,3.5,90.3,81.6,34,164.7,35.8,55.3,4.2,0,44,24.9,41.8,2
0.2,0.3,1.6,5.8,5.8,2.1,7.9,4.9,70.9,1.5,48,45.9,1.6,237,152.7,9.3,3.9,86,55.4,12.3,124,7.6,75.5,11.9,20.3,7,29,17.8,2
0,0,5.2,17.5,17.5,4.8,15.3,5.9,35.5,10.6,92,70.1,0.2,496,137.8,7.3,1.5,40.8,11.3,76.9,134.7,10,0,2.7,-,8,72.1,118.2,3
0,0,-13.3,-17.4,-17.4,-12.3,-11.4,4.1,56.7,2,73.6,37.2,1.5,200.1,157.2,10.5,5.2,84.1,66.1,7.3,317.1,1.1,0.6,91.7,0,-3,60.2,607.2,3
0,0,14.1,20.3,20.3,17.9,23.8,5.6,15.2,31.3,164.8,51.5,0,"1,318.60",192,6.1,0.5,16.2,2.4,80.1,"1,187.20",0,0.1,15.6,0,10,19.8,-,3
14.8,8.4,2.3,29.3,29.3,2.6,85.4,3.7,77.4,0.8,51.2,34.6,0.5,144.3,129.7,12.8,8.9,93.8,84.3,21.9,30.7,56,29.5,2,43.1,2,20.1,24.3,2
7.2,7,2.2,23.5,23.5,2.5,81.5,3.7,69.6,1.1,57.7,37.1,0.9,145.6,130,13.3,9.1,92.1,82.3,14.9,24.1,35.9,50.6,5.2,21.2,2,14.5,16.7,2
7.4,8.3,1.6,13.8,13.8,1.8,30.1,3,55.3,1.7,67.8,46,1.2,144.5,126.9,12.3,8.5,87.8,77.1,30.4,64.4,22,58.4,5.8,28.3,1,14.3,35.6,2
0,0,5.7,6.8,6.8,5.6,3.5,13.6,94.7,0.8,9.5,55.2,0.9,"1,167.10",169.9,14.9,1.3,95.2,13.9,93.2,719.8,78,0,49.4,-,3,186.4,684.3,2
12.1,12.1,2.2,15.6,15.6,2.4,56.8,2.9,46.1,2.2,87.2,40.5,1.3,156.1,138.2,11.3,7.3,83.6,74,21.4,33.2,31.6,51.8,3.4,32.4,2,18.2,25.6,2
0.5,0.5,2.7,19.8,19.8,3.2,21.2,5.8,74.3,1.5,37.6,50.8,0.7,183.1,133.2,14,7.6,90.3,65.7,17.8,31.2,21.7,57.9,4,24.4,1,18.5,22,2
0.2,0.2,0.2,2.3,2.3,0.1,1.4,3.9,85.3,0.6,13.4,91.6,0.3,173.7,104,9.4,5.4,94.4,56.5,22.7,48.4,3.2,73.3,1.7,64.6,0,22.3,27.8,2
1.1,1.3,2,15.7,15.7,2.3,36.1,6.6,68,1.9,35.3,55,2.1,190.2,131.2,16.4,8.6,89.7,61.9,18.2,29,28.8,59.7,6.4,16.1,1,14.7,22.2,2
0.1,0.1,1.3,8.2,8.2,1.4,12.5,3,56.9,1.7,53.2,60.3,0.7,170.6,125.4,8.6,5,83.6,61.5,70.3,86.8,12.8,24.5,5.9,1.5,0,34.5,86.6,3
2.1,2.3,1.2,14.1,14.1,1.3,14.9,4.1,58.8,2.2,46.1,68.2,0.9,155.8,116.6,13.3,8.6,85.9,64.3,31.6,49.7,14.8,57.7,3.6,19.5,0,17.7,39.1,2
13.8,13,1.7,15.1,15.1,1.8,54.8,2.6,41.1,2.7,92.7,45.2,1.7,151.9,134.8,10.9,7.2,80.2,71.2,41.3,77.4,25.8,48.8,7.4,29.7,1,15.2,49.4,2
9,10.5,1.8,17.7,17.7,2.1,24,3.2,48,2.9,77.6,55.6,0.9,152.4,127.1,11,7.2,79.3,66.1,13.1,20.2,20.7,60.7,9.3,34.9,1,15.7,17.4,2
0.1,0,9.6,12.2,12.2,12.4,17.5,13.9,76.2,3.9,95.6,22.4,1.7,"17,746.60",439.3,14.4,0.1,78.7,1.9,85.1,766.3,13.5,1.9,16.2,3.2,80,65.1,"1,839.70",3
0.5,0.6,1.7,17.1,17.1,1.8,17.7,4,57.1,1.7,50.4,47.6,1.8,178.2,136.2,12,6.7,87.8,67.1,28.9,53.9,8.3,63.3,5,0.6,1,14.1,33.8,2
0.1,0.1,0.5,1.6,1.6,-0.2,1.1,5.3,134,-1.3,-42,81.1,0.9,360.8,114.3,7.3,2,122.5,38.8,31,85.8,41,40.7,6.9,0.1,1,34.1,49,2
0.5,0.3,0.4,4.5,4.5,0.4,5.4,1.7,51.3,1.1,47.1,67.5,0.6,120.9,108.2,13.1,10.9,92.6,82.9,35.1,68.9,51.1,31.4,6.9,1.5,0,17.9,40.5,3
0.8,0.7,1.7,11,11,1.9,241,5.7,52.5,3.1,47.7,59.5,2.5,225.1,134.7,13.9,6.2,82,49.1,51.7,78.2,19.6,46.1,5.6,50.9,1,17.9,65.9,2
2.7,3.5,1.6,15.9,15.9,1.7,38.8,5,75.4,1,26.7,53.8,1.4,186.4,130.3,12.3,6.6,92.8,64.8,24.5,43,15.3,66.4,5.3,32.7,1,17.2,31,1
0.1,0,4.7,10,10,6.3,25.1,2.8,17.9,12.7,138.7,59.2,0,123.8,130.3,14.4,11.7,53.2,56.1,57,135.9,36.8,20.1,20,0.1,34,40.7,125.4,3
2.1,2.7,1.8,11.6,11.6,2.1,38.3,6.4,62.2,2.3,36,61.1,1.9,211.1,129.6,15.2,7.2,87.1,53.5,29.5,51.8,7.6,66.2,6.2,56.5,1,15.4,37.5,2
0.4,0.4,0.4,3,3,0.5,3,4,63.5,0.8,19.5,68.6,1.5,161.2,114.9,14.3,8.9,94.5,67.3,26.9,50.8,13.3,54.4,6,15,0,17.9,32.8,2
2.3,3,1,9.7,9.7,1.1,10.6,4.6,82.3,0.6,17.3,65.1,0.8,158.1,116,13.4,8.5,95.5,70.1,27.5,45.4,19.3,66.9,3.2,33.5,0,13.8,33.8,1
100,100,1.5,13.3,13.3,1.9,24.2,4.7,58.9,1.6,37.5,52.1,1.9,185.3,132.7,14,7.5,89.9,64.4,17.1,32.6,19.9,67.3,5.4,50.4,1,16,22.2,2
0.1,0.2,0.1,0.5,0.5,0.1,0.5,4.6,69.9,1.5,26.2,87.8,0.7,172,106.3,12.1,7,88.9,54.9,31.6,67.4,10,58.3,3.4,1.1,0,21.9,41.2,2
12.6,13.6,2.2,21.4,21.4,2.4,41.7,3.1,52.4,2.4,82.3,48.2,0.6,151.3,131.2,10.5,7,81.8,70.9,31.9,47.3,28.9,56.1,3.7,32.7,2,16.1,38.2,2
0,0,5.1,29.1,29.1,5.4,44.9,3.1,45.1,3.8,266.3,20.6,0.1,205.4,225.2,6.1,3,61.6,67.6,41,119.3,7.3,55.4,2.8,0.3,5,51.6,137.3,3
0,0,6.9,13.1,13.1,6.9,14.8,7.8,82,1.7,70.5,25.5,0.1,438.5,249.7,10,2.3,85.5,48.7,72.1,208.8,16.6,25.8,4.7,0,4,86.8,136.9,3
0,0,10.1,15.2,15.2,10.9,21,19.1,86.8,2.9,26.1,50.5,0,753.7,177.5,22,2.9,88.3,20.8,97.2,278.4,79.1,0,1.5,-,21,121.8,282.1,2
0.1,0,-3.5,-60,-60,-3.3,-27.4,5.1,148.5,-1.7,-26.6,182.3,0.5,164.5,80.1,13,7.9,114.7,55.8,75,106.6,35.2,22.2,1.9,18.6,-1,23.2,83.3,2
1,1.5,4.8,6.3,6.3,6,7.9,7.8,93.6,0.5,22.6,28.1,0,"446,338.00",355.3,7.8,0,93.6,0.1,20,130.7,0,77.4,1.4,0.3,16,70.8,108.2,2
0.7,1.1,8.1,13.4,13.4,7.5,28,8.3,87.9,0.9,64.3,14.9,0.5,"1,003.90",441.7,9.5,0.9,91.3,40.2,13.6,"2,064.80",6.3,81,1.3,0.1,186,104.9,73.5,3
0.1,0.2,4,7.8,7.8,4.5,22.9,5.5,45,4.2,85.8,39.8,2.8,432.9,201,10.4,2.4,71.5,33.2,32.6,"3,474.20",13.8,57.5,11.9,0.8,18,79.2,67.1,3
0,0,0.9,1.4,1.4,0.5,1.4,6,66.3,3,37.1,90.2,0.4,575,109.4,7.3,1.3,70.6,13.4,42.6,332.5,20.3,46.8,7.2,0,1,35.6,122.8,3
0,0,6.5,11.7,11.7,6.4,11.8,6.4,72.7,2.4,112.8,24.2,0.3,"1,507.40",358.4,6.9,0.5,74.1,17.6,62.9,290,4.9,31,0.1,0,7,64.8,143.2,3
0,0,7.9,15.9,15.9,14.5,37.4,20.7,71.1,6.3,59.3,36.4,3.9,285.6,180.9,35,12.3,84.8,53.7,33.1,359.4,7.9,50.8,22.4,0.1,9,49.2,180.8,3
0.2,0,3.4,17.2,17.2,3.9,75.3,3.3,58.4,2.3,145.4,28.6,0.1,339.2,234.7,4.6,1.4,66.6,46.1,91.5,114.9,7.1,0.4,1.1,0,45,60.1,783.6,3
0,0,1.2,3.4,3.4,1.6,3.5,6.1,87.2,0.6,11.7,71.1,0.5,290.3,124.3,9.8,3.4,94.4,40.4,33.1,127.8,13.7,56.6,19.1,0.6,1,22.2,54.3,2
0.9,1,2.1,16,16,2.4,23.8,3.7,91.3,0.2,19.8,20.4,0.9,222.7,180.7,7.1,3.2,97.7,79.3,31.2,181.7,28.7,59.1,3.9,0,30,21.1,37,1
0.2,0.3,2.4,8.1,8.1,2.6,9.9,5.1,83,0.6,21.2,46.5,0.7,243.9,149,9.5,3.9,93.9,57.4,23.1,163.4,6.3,64.6,9,22.9,3,32.4,33.4,1
0,0,-0.7,-3.1,-3.1,-1.5,-2.5,16.3,39.5,25,95.1,63.6,16.5,258.9,141.1,26.5,10.2,51.5,28.1,79.6,225.6,36.4,0,7.9,-,-1,108.9,253.4,4
0,0,-16.3,-17.8,-17.8,-14.3,-11.4,3.6,58.1,1.9,64.1,47,1.1,157.9,131.6,11.9,7.5,86.3,72,24.9,299.3,6.6,4.2,70.2,0,-3,78.5,357.7,3
0,0,-0.3,-1.3,-1.3,-0.4,-1.2,24.4,112.3,-2.7,-12.2,101.5,0.1,199.6,99.3,48.8,24.5,105.8,52.6,70.7,661.9,12.7,5.7,18.7,1.8,0,13.9,658.6,3
9.5,9,1.4,13.5,1.7,55.3,2,43.5,1.3,131.4,22.2,2,172.4,166.1,9.5,5.5,87.9,84.7,16.5,31.6,33,60.7,3.5,24.6,5,408,16.1,22.2,1
0.1,0.1,3,12.6,3.7,18.8,4.4,74.8,0.9,139.7,10.7,0,196,190.8,12.1,6.2,93.2,90.7,20.4,673.6,47,49.5,1.6,0.3,86,"3,163",104.6,678.4,2
0.7,0.7,0.9,12,0.9,16.7,0.3,8.6,2,307.5,19.1,1.9,130.2,145.2,9.4,7.2,82,91.5,14.9,32.1,30,64.2,3,1,4,496,17.2,18.5,2
0.2,0.1,1.8,12.2,2.1,22.9,2.5,67.1,1.2,241.8,13.6,1.1,324.4,304.6,5.2,1.6,80.9,76,49.8,87,64.3,31.8,3.6,0.1,14,856,18,59.3,1
0,0,17.8,18.3,12,10.9,12.7,80.3,2.6,116.3,14.4,0,"9,218,250.00",742.7,14.3,0,84.3,0,74.8,"30,630.40",75.2,23.7,0.7,0,115,"1,292",190.7,"24,159,750.00",1
0.5,0.6,0.9,9.5,1,10.5,2,68.2,0.6,62.2,30.8,1.2,136.9,129.8,12.1,8.8,95.5,90.6,15,39.4,24.1,71.9,3,4.7,4,478,20.7,20.2,2
0.3,0.2,5.3,31.6,6.4,"1,448.00",7.4,73.4,3.4,109.5,30.8,0,236,192.2,13.7,5.8,80.3,65.3,50.1,65,59.1,37.6,0.2,0,163,"3,352",22.7,64.6,2
3.8,3.7,1.7,15.4,1.7,65.8,1.6,39.7,1.3,101.1,33.2,2,151.7,143.7,10.6,7,88.8,84.1,13.1,24.6,24.7,63.3,8.8,25.7,3,194,19.5,17.6,2
0.1,0,4.3,22.3,5.9,90.7,15.1,174.1,-4.4,-159.3,31.9,0,"1,510.70",307.2,16.2,1.1,137.4,27.9,38.2,98.4,53.2,42.8,0.3,0,122,"2,662",31.5,51.6,2
0.9,0.6,1.2,12.2,1.3,51.4,3.7,97,0.8,41.4,47.4,0,193.4,151.2,9.2,4.8,92.4,72.2,44.2,67.9,48.9,47.8,0.9,23.5,4,400,20,55.5,2
1.6,0.1,0,0,0,0,2.4,75.1,0.7,22.6,94.7,0.2,201.4,103.1,5,2.5,88,45,47,99.9,9,47.6,4.1,1.5,0,59,19.8,57.1,3
0.3,3.8,1.1,10.6,1.3,24.3,3.2,61.2,1.5,48.4,60.9,0.7,196.4,129.2,7.5,3.8,83,54.6,23.9,41.6,11.3,71.4,3.6,31.9,1,98,14.2,29.7,3
0.4,13.3,1.6,13.7,1.8,70.3,2.8,56.6,1.7,73.2,48.2,0.7,197.8,145.2,6.4,3.2,78.8,57.8,26.2,46,18.1,64.3,5.7,28.3,2,161,14.4,32.8,3
0.5,9.5,2.4,18.7,1.7,73.7,2.4,48.4,1.8,81.1,45.3,1,202,151,6.2,3.1,77.3,57.8,26.5,52.3,14.6,64.5,5.7,34.9,3,157,16,35.2,3
2.7,0,4.5,5.9,4.9,7.9,4.8,46.7,4.5,113.8,38,1.5,"84,047.40",263.2,5.9,0,56.8,0.2,46.5,"2,347.40",56.7,0.2,12.3,53.1,36,815,36.4,"2,570.90",2
2.7,0.6,0.8,13.1,0.9,18.2,2.6,52.6,0.9,39.8,48.2,1.6,209.1,142.3,7.6,3.6,89,60.6,19.7,36,19.4,61.8,4.1,5.6,1,142,14.7,23.4,3
2.1,0.1,1.6,11.3,1.8,20.7,2.4,63.4,1.4,85.5,42.6,0.3,424.1,192.3,3.1,0.7,69.6,31.6,48,125.7,8.2,43.2,2.8,0,7,479,14.7,56.8,2
1,0.5,-0.7,-6.7,-0.7,-7.2,1.6,46.9,1,36.5,78.2,1.5,167.9,111.9,6.1,3.6,86.1,57.4,24.7,55.2,16.2,67.2,3.9,1.7,-1,114,15,30.5,3
1.2,0.2,1.3,8.6,0.6,269.2,5.2,109.2,-0.5,-12.6,86.6,0.1,416.1,111,7,1.7,108.1,28.8,66.6,102.9,17.7,29.8,1.9,0,11,809,25.2,83.9,3
0.1,3.8,0.9,9.1,1,63.4,3.2,55.3,1.5,49.3,53.5,1.6,225,141.3,7.6,3.4,83.4,52.4,25.6,45.6,12.2,65,5.9,37,1,86,12.8,32.5,3
1,0.1,0.1,0.4,0.2,1.5,5.6,126.6,-1.2,-30.9,86.3,0.4,592.8,112.2,6.7,1.1,121.2,22.9,57.5,85.5,34.6,38.3,1.3,0,2,"2,360",24.8,73.2,3
0.7,1.9,0.1,1,0.2,4.6,2.5,49.6,1.5,43.3,69.4,1.4,234.5,125.2,6.2,2.7,80.2,42.8,45.1,78.3,11.5,52.7,4.1,48.8,0,115,14.9,55.7,3
2.7,0.3,1.2,7.5,1.2,10.4,2.3,41.7,2,67.9,51.7,1.5,192.4,139.6,7.6,3.9,79.4,57.6,24.1,39.5,10.5,73.3,5.5,13.1,1,87,17.4,29.7,3
1.8,2.4,0.6,5.4,0.7,6.3,3.5,72.9,0.7,20.7,67.4,0.9,239.5,125.2,7.2,3,91.4,47.8,23.3,46.6,10.6,73.3,3,36.2,1,101,12.6,27.7,3
3,100,1.3,1.6,0.9,0.8,4.9,101.5,-0.1,-1.8,81.9,0,"1,126,933.30",122,4.9,0,101.5,0,88.3,571.7,0,1.9,9.3,0,4,692,204.2,516.2,3
3,1.1,-1.4,-14.9,-0.9,-9.2,0.8,68.2,0.3,19.8,137.3,0.5,125.9,91.1,4.2,3.3,92.9,67.2,27.5,51.5,6.5,70.4,1.2,6.6,-4,435,15.6,32.2,3
0.1,100,1.2,9.8,1.4,27.2,3.5,53.1,1.7,50.1,53.2,1.6,226.2,142,8.6,3.8,83.1,52.2,24.1,46.6,18.4,64.7,6.5,53.9,1,98,17,32.2,3
3,0.3,0.4,3.2,0.5,2.9,2.5,60.3,1.3,42.1,72.7,0.7,175.2,116.6,6.8,3.9,84.1,55.9,30.5,49.5,14.7,64.9,3.1,2.6,1,152,15.9,36.3,3
0.4,11.7,1.7,13.7,2,71.6,2.8,56.3,1.7,81.4,43,0.8,199.5,152.6,6.5,3.2,78.8,60.3,28.4,57.2,19.1,60.3,3.7,36.2,3,197,14.4,34.7,3
2.4,0,1.9,3.7,2.5,4.4,4,70.7,1.6,53.6,53.9,0.1,"2,074.10",180.1,4.3,0.2,72.1,6.3,90.1,237,44.8,6.9,5,1.4,2,112,67.8,219.5,3
2.2,0,3.1,5.5,3.6,8.5,4.7,68.3,2.2,66.5,47.6,0.1,792.9,191.1,5.4,0.7,71.2,17.2,49.8,353.5,3.4,47.5,6.4,1.5,3,93,60.8,111.3,3
1.3,0,6.9,8.9,9.3,26,10.9,52.7,9.8,86.6,54.6,0.1,774.1,172.7,12.5,1.6,56.2,12.5,97.6,"2,575.70",2.8,0,1.5,-,26,330,104.8,"3,609.30",3
1.9,0,0.7,5.3,1.2,4.5,4.1,135.5,-1.1,-62.7,56.7,0.1,918.2,159.2,4.6,0.5,130.5,22.6,57.9,120,25.7,5.2,29.1,0,0,79,16.5,66.3,3
1.4,1.1,2.4,3.4,3,3.8,4.7,79.1,1.2,55.4,37.8,0.7,"4,568,880.00",264.5,4.7,0,79.1,0,20,130.4,0,77.2,1.1,0.2,17,774,59.9,75,3
2.3,2.3,1.2,6.5,1,11.2,1.5,89.8,0.2,27.2,33.1,0.1,275.5,178.8,2.4,0.9,94.1,61.1,4.9,504.6,1.8,92.8,0.6,0,246,"24,810",26.2,6.1,2
2.3,0.3,1.1,6.2,1.3,22.9,3,85.3,0.4,20.7,55,0.3,428.2,154.9,4.1,1,91,32.9,18.6,283,7.1,77.6,5.9,0.2,37,"3,556",21.4,22.9,3
2.1,0.4,2.2,15.5,2.6,13.5,4.7,63.8,1.9,62.7,40.6,1.8,216.1,156.7,10.1,4.7,84.5,61.3,22.3,43.3,12.8,70.9,6.2,42.4,12,638,13.2,27.9,3
0.4,0,4.2,5.5,4.7,8.6,6.4,83.1,1.3,42.8,39.4,0,"54,556.30",253.2,6.5,0,83.2,0.4,27,101.7,3,72,2.3,0,5,135,46.9,101.7,3
3,0,4.2,6.1,5,10.1,7.9,67.1,3.5,61.4,48.4,1.1,885.7,189.8,9.3,1.1,72.7,15.6,1.4,5.8,0.4,94.7,7.5,0,5,131,22.1,5,3
1,0,1.8,17.7,1.8,19.5,1.6,57.6,1.2,125.4,33.8,0.1,375.8,221,2.2,0.6,64.9,38.2,90.1,102.3,4.3,5,0.4,0,82,"5,596",25.8,224.9,2
1.2,0,-0.2,-0.6,-0.2,-1.2,3,77.2,0.8,21.2,99.6,0.3,172.7,100.2,7.3,4.2,89.9,52.1,40.9,91.9,20.7,50.7,0.5,0.1,-1,433,14.2,52,3
0.2,0.9,2.8,17.9,3.1,25.1,3.6,88.2,0.3,49.2,14,0.4,421.4,300.1,4.9,1.2,94.7,67.4,26,176.6,23.3,71,2.6,0,109,"4,304",18.2,31.6,1
0.4,0.1,1.1,4.7,1.3,6.9,2.2,52,1.7,77.3,52.8,0.7,164.2,132.5,6.3,3.8,78.8,63.6,20,116.5,12.7,65.1,14.3,11.4,23,"2,243",21.1,27.2,3
0.7,0,0.2,2.3,0.8,4.8,8.7,68.1,4.1,34.1,93.6,0,227.1,104.3,15.6,6.9,79.2,36.4,61.6,"3,624.20",27.2,9,1.2,0,2,356,43.3,97.5,3
0.5,0,-26.2,-27.9,-24,-11.4,2.9,59.1,1.5,64.6,45.6,0.9,212.2,150.2,6.6,3.1,81.9,58,39.5,"2,479.20",0.6,53.3,0.3,0,-9,50,256.7,"6,144.10",4
1.2,0,3.5,3.9,4,6.1,4.3,17.4,20.3,98.7,83.7,0,-,119.5,4.3,0,17.4,0,73.2,"13,684.90",0,0,12.3,100,2,73,136.3,-,3
2.2,9.3,1.6,17.5,2.2,106,3.7,74.9,0.8,43.4,34.8,1.1,187.2,149.4,9.1,4.9,92.3,73.7,37.4,57,40.2,43.9,2.5,40.4,2,108,19,43.6,2
2.3,8.6,2.6,24.8,3.1,207.6,3.8,64.8,1.7,87.6,33.2,0.8,199.1,163.8,8.3,4.2,83,68.3,22.7,39.8,21.2,60.9,4.6,26.6,3,132,16.2,27,2
1.2,8.9,1.5,13.8,1.8,58.4,3.2,60.3,1.4,64.8,40.7,1.3,187.4,147.4,8.4,4.5,85.7,67.4,27.2,49.5,17.7,65.1,5,35.6,2,141,16.1,33.3,2
2.5,0,-1,-1.2,-1,-0.6,9,96.2,0.3,3.3,110.4,0,"2,482.70",90.9,9.4,0.4,96.5,3.5,94.3,727.7,0.2,0,18.6,-,-1,50,162.3,730.8,3
0.7,11.4,2,14.9,2.4,73.7,2.9,58.2,1.7,90,37.1,0.7,185.4,154.6,7.2,3.9,81.2,67.8,39.7,71.2,29.6,56.2,1.7,38.6,3,162,18.6,48.9,2
2.2,0.5,2.8,16.6,3.3,27.7,5.6,69.6,1.5,43.1,43,1.2,217.3,150.6,12.1,5.5,89,61.7,27.9,45.8,13.7,66.4,5.1,17,2,69,19.6,37.6,2
0.5,0.4,1.4,14.8,1.5,10.7,3.1,66.7,1.2,51,53.1,0.6,164.1,128.1,8.6,5.2,87.3,68.1,16.3,38.2,3.9,82.6,1.5,7.3,2,139,14.3,19.2,3
2.8,1.3,1.7,14.6,2.1,24,4,46.1,2.9,68.3,48.9,2.3,193.3,142.5,11.9,6.2,80.5,59.3,19.6,35.7,14.9,68.7,6.3,14.5,1,53,14.5,24,3
0.1,0.1,0.2,1,0.2,1,2.7,64,1.4,37.1,86.6,0.4,183.3,108,6.3,3.4,82.3,48.5,51.8,68.6,7.6,41.4,5.1,2,0,50,31.2,65.4,3
1.4,3.9,1.2,10.8,1.5,22,3.9,71.1,1.3,37.8,62.1,0.6,188.1,125.5,9,4.8,87.4,58.3,26.9,52.5,11.2,68.2,3.6,31.5,1,86,15.2,34.1,3
1.9,13.9,2,16.3,2.3,73.6,3,54.3,2.2,86.7,45.7,0.7,179.4,144.6,7.6,4.3,77.5,62.5,25.7,46.2,22,61.1,6.7,28.2,3,140,16.3,33.2,3
2.9,9.9,1.7,13.4,2,44,3,55,1.8,75,44.4,1.1,192,147.5,7.7,4,80.7,62,26.4,51.5,17.6,62,7.3,36.9,2,132,16.3,36.8,2
0.9,0,4.6,6,5.6,8.1,5.7,58,3.8,98.8,39.4,0.3,"40,831.90",253.4,6,0,61.2,0.4,55.4,"3,276.30",39.4,0.2,11.3,57.3,37,806,38.3,"3,594.90",2
6.4,0.7,0.9,12.9,1.1,16.2,2.9,45.4,1.2,47,38.6,2.8,195,149.2,10.8,5.5,90.3,69.1,18.6,29.9,23.2,65.3,4,3.9,1,126,14.3,22,3
1.2,0.1,2,15.3,2.7,24.5,3.2,66.7,1.5,78.4,40.3,0.2,404.4,195.2,4.3,1.1,74.2,35.8,65.2,141.6,12,26.8,2.7,0.1,8,393,22.8,78.4,2
1.4,0.4,0,-0.2,0.1,-0.2,3.3,58.7,1.7,46.2,63.2,1.9,156.2,119.5,11.1,7.1,87.1,66.6,26.2,58.6,10.2,65.4,7.1,1.8,0,74,16.5,32.7,3
2.8,0.4,1.2,9.2,1.5,264.5,5.5,58,3.3,46,75.7,0.8,265.3,121.1,9.9,3.7,75,34.2,55,80.5,13.2,40.3,3.6,40.3,2,201,18.5,68.9,2
0.4,3.7,2,18.1,2.2,113.5,3.9,56.2,2,65,45.4,1.5,209.7,149.8,9.3,4.4,82.1,58.6,30.5,56.2,17.2,63.8,5.9,35.6,1,72,14.6,39,3
2.7,0,5.9,22.3,10.1,77.1,19.3,115.3,-2.6,-39.3,39,0.1,587.4,197.5,23.2,4,112.4,37.8,63.5,163.1,47.7,29.4,2.9,0,104,"1,297",49.4,113.3,2
2.8,2,0.7,6.2,0.9,27.7,4.6,70,1.2,26.5,69.3,1.1,224.4,122.7,9.8,4.4,88.9,48.6,37.1,67.1,15.4,61,4,55.5,1,75,17.1,47.1,3
3.4,0.3,0.7,4.9,0.9,6.4,3.1,63.9,0.8,28.5,58.8,1.1,180.2,125.3,9.2,5.1,91.8,63.8,22,37.2,9,72.4,6.7,13.4,1,84,16.5,27.2,3
4.8,2.5,1.1,9.3,1.4,9,4.9,73.2,1.3,30.6,63.6,1,227.1,128.6,9.6,4.2,88.1,49.9,21.7,37,10,75,3.4,37.1,1,79,14.3,26.4,3
0.3,0.2,-1.1,-7.6,-0.5,-3.7,0.9,51.2,0.8,47.9,102,0.5,352.7,98.4,1.2,0.3,59.4,16.6,50,197.5,2.3,47.7,1.6,0.3,-,-,36.4,63.1,3
1.5,100,1.8,13.9,2.1,35.2,4,55.5,1.9,58.6,45.7,1.8,206.6,147.4,10.3,5,84.1,60,28.3,51.3,15.4,67,7,62.3,2,93,18.8,37.3,3
1.1,0.3,0.5,3.6,0.6,4.2,3,61.3,1.2,36.2,66.9,1,171.6,119.2,8.9,5.2,88.2,61.3,27.6,51.9,11.8,68,2.7,1.9,0,110,15.2,32.9,3
2.8,11.9,2,15.8,2.4,73.1,3.1,57.3,1.8,82.6,41,0.7,182.3,148.6,7.9,4.3,81.3,66.3,38,64.5,24,57.3,3.8,36.1,3,172,18.2,47.4,2
4.9,0,1.3,15,7.7,16.3,8.2,71.5,3.2,88.2,32.2,0,177.6,154.5,18.7,10.5,85.2,74.2,90.1,222.2,18.1,7.3,4.1,1.7,9,136,55.2,175.4,2
4.4,0,2.4,4.1,3.2,6,6.6,89.2,0.4,10.1,48.6,0.6,877.1,184.6,7.9,0.9,95.6,20.1,55.3,474,5.7,42.2,8.2,2.2,2,74,59.6,158.2,3
3.9,0,3.6,18.9,14.2,48.3,26.6,111.2,-2.7,-32,35,1.3,652.5,218,31.4,4.8,109.3,36.5,98.8,310.9,32.9,0,0.6,-,48,429,117.5,311,2
0.6,0.1,0.9,6.9,1.9,5.5,12.1,86.7,-1,-12.1,60,3.7,483.8,145.4,18.9,3.9,105.7,31.8,28,166.7,7.8,66.6,8.7,93,0,37,17.8,37.4,3
2.8,1.2,2.4,3.3,3.1,3.8,5.1,89.3,0.6,26.6,40.1,0.3,"2,815,943.50",249.3,5.1,0,89.3,0,27.7,178.9,0.1,70.8,1.1,0.2,15,665,62.5,113,3
3.9,1.7,1.8,6,1.4,11.1,2.6,93.3,0.2,19.9,33.3,0.4,322.3,188.6,3.7,1.2,95.3,55.8,11.3,80,5.4,86.3,0.9,0,111,"7,734",25.1,15.6,2
3.3,0.3,1.5,7.9,1.9,27.3,3.7,75.6,0.9,37.5,49.5,0.5,311.3,157.3,5.8,1.9,86.6,43.8,17,232,4.3,78.5,6,0.2,44,"2,870",25.2,21.9,3
0.9,0.3,2.7,22.2,3,35.7,3.8,60.6,2.3,85.4,41.8,0.7,176,146,9.5,5.4,80.6,66.9,31.4,68.4,16.4,67.2,1.2,27.2,10,440,12.3,37.4,3
4.3,0,3,3.7,3.7,5.5,6.5,67.4,0.5,14.8,34.1,2.7,"22,621.70",290.8,9.2,0,95,1.2,21.5,129.2,1.6,77.4,2.9,0,3,113,56.3,129.2,3
3,0,4.7,7.9,6.9,12.2,12.1,89.2,1,16.2,46.1,0.5,558.7,181.3,15.3,2.7,93.8,30.4,0.4,1.8,0,93.6,9.3,0,6,111,42.7,1.8,3
2.9,0,1.8,17.3,1.9,91.9,2.1,60.9,1.3,106.2,36.8,0.2,647.1,231.8,2.4,0.4,64.8,23.2,96.4,107.6,0.1,2.9,0.5,0,55,"3,672",14.9,334.2,2
3,0,1.5,3.9,1.7,7.2,4.5,64.1,2.5,51.3,69.8,0.4,242.1,126.3,7.7,3.2,75.4,39.3,33.9,77.9,26.1,60.6,0.8,0.3,2,124,19,67.5,3
0.7,0.9,3.1,19.7,3.7,27.9,4.2,87.9,0.6,81.3,14.8,0.3,371,280.2,5.7,1.5,90.9,68.7,29.9,219.5,28.2,66.9,2.9,0,102,"3,430",20.4,37.7,1
2.8,0.1,1.2,4.9,1.6,6.9,2.5,51.6,1.5,62.3,49.4,0.9,167.9,133.4,8.3,4.9,84.7,67.3,20.2,239.8,14,62.9,16.2,12.8,23,"1,804",26.3,30.1,3
4.2,0,2.7,43,2.3,72.7,4.1,100.8,0,-1.9,40.7,0.1,294,164,6.3,2.1,100.5,56.1,92.8,195.9,74.7,1.4,0.2,0,36,"1,900",27.9,101,2
1.1,0,-7.2,-9.4,-7.7,-4,3.5,61.7,1.6,66.5,43.1,1,194.1,147.9,8.3,4.3,83.7,63.8,53.1,"2,302.90",8.2,3.9,41.8,0,-1,19,130.9,656.5,3
2.7,0,-6.2,-6.9,-7.3,-11.1,6.5,51,6.3,31.2,157.3,0,"55,900.00",63.6,6.5,0,51,0.1,91.5,"46,379.30",0,0,11,100,-4,68,122.3,-,3
1,10.8,1.3,15.8,1.7,84,3.1,81.4,0.6,36.9,42.2,0.5,161.9,132.4,8.5,5.3,93.4,76.3,33.5,44.6,44,44.5,1.7,42.5,1,110,15.6,37.6,2
4.6,8.5,2.5,25.4,2.9,163.6,3.6,64.6,1.7,91.5,34.2,0.8,191.3,160.1,8,4.2,82.2,68.8,19.9,31.7,25.6,61.7,4.1,26.5,3,118,14.3,22.8,2
1.6,8.6,1.5,13.7,1.8,49.1,2.8,56.2,1.7,78.7,43.9,1,180.2,144.7,7.3,4,81,65,25.5,44.3,21.6,64.3,4.7,36.8,2,131,13.4,30.1,3
1.7,0,-0.7,-0.9,-0.7,-0.5,8,92.8,0.6,6.6,108.5,0,"2,088.30",92.5,8.4,0.4,93.2,4.1,94.2,718.1,0.2,0,18.6,-,0,51,151,732,3
3.7,10.6,1.9,13.6,2.2,59.9,2.8,60.7,1.6,85.9,40,0.5,178.2,148.4,6.8,3.8,81.3,67.7,41.6,73.3,32.7,52.6,2.4,35.8,3,144,17,50.1,2
2.8,0.6,1.7,10.7,1.9,14.2,4.7,81,0.8,26.1,55.6,0.7,212,133.6,9.4,4.4,91.8,57.8,20.4,38.7,16.9,64.6,4.9,21,1,66,17,25.7,3
4.8,0.3,0.3,3,0.3,1.6,2.7,74.5,0.8,31.7,71.2,0.7,171.9,116.1,6.8,3.9,89.1,60.2,13.4,28.2,2.8,84.7,1.6,12.8,0,118,17.2,15.9,3
2.3,1.3,0.9,8.2,1.1,11.8,2.9,48.4,2.2,57,62.3,1.2,170.3,124.5,9.5,5.6,81.5,59.6,32.3,55.5,26.5,59.1,6.4,14.7,0,53,13.2,37.7,3
2.5,0,0.1,0.4,0.1,0.9,2.6,68.5,1.1,32.3,90.8,0.3,185.1,105.3,5.7,3.1,83.9,47.7,64.5,85.8,8.9,29.4,6.3,2,0,45,32.1,79.8,3
1.7,3.9,0.7,6.9,0.7,9.4,3.5,73.9,1.1,30.3,76.9,0.3,189.4,114.2,7.6,4,87.4,52.7,28.3,45.6,15.6,67.3,4.2,29.8,0,75,14.2,34.9,3
1.5,13.8,1.8,15.3,2,59.3,2.5,48.6,2.2,103.5,42.6,0.9,172,147.7,6.7,3.9,75.2,64.5,28.6,47.3,27,56.7,6.3,27.5,2,135,14.1,34.9,3
2.5,10.2,1.9,16.9,2.2,42.7,2.6,49,2.3,93.4,46.2,0.7,186.1,147.9,6.6,3.6,74,58.8,19.6,36.9,18.9,62.7,5.8,34.2,2,119,14.7,25.2,3
2.5,0,4.5,6.1,5.3,8,3.6,32.8,6.8,169.3,36.8,1.7,"9,356.30",270.1,4.2,0,38,1.1,75.1,701.5,45.2,0.2,11.5,45.9,37,823,56.4,"2,684.20",2
0.7,0.7,0.5,6,0.6,9.4,2.8,63.7,0.9,34.5,55.8,1.3,182.4,128.8,8,4.4,90.3,63.7,17.1,30.7,20.5,67.3,4.6,2.4,0,102,13.5,20.6,3
0.1,0.1,2.3,14.6,2,20,2.1,55.1,1.7,117,38.3,0.3,392.7,208.1,2.8,0.7,62.3,33,61.7,88.6,11.9,29.2,2.3,0,8,502,23.5,71.1,2
0.3,0.4,0.8,6.9,0.9,6.6,2,47.9,2,68.7,70,0.4,134.8,113.7,8.6,6.3,80.7,68.1,41.7,76.7,29.1,47.3,6.3,2.1,1,83,16.9,50.3,3
0.4,0.4,0.1,0.6,0.1,16.3,4.6,78,1,19.6,89.8,0.5,246.4,107,8.1,3.3,88.8,38.5,58.5,82.9,17.4,37.1,4.8,42,0,195,16.9,72.3,3
4.3,3.4,2.7,24.6,1.8,122,3.9,60.6,1.7,49.9,53.4,1.2,221,140.8,8.5,3.9,83.4,53.2,29.8,58.7,16.6,62.3,5.2,38.5,1,61,15.6,38.5,3
0.8,0.1,1.2,8,1.8,23.8,7.1,136.5,-1.9,-61.5,59.6,0.2,384.9,137.6,9.6,2.5,124.7,44.6,72.3,102.2,53.8,23.7,1.9,0,32,"2,242",31,92.1,3
3.9,2.1,1.2,8.8,1.3,36.9,4.2,65.7,1.9,43.6,68.6,0.7,222.6,125,8.1,3.6,81,45.5,39,105.5,12.8,57.3,3.6,45.1,1,73,16.1,48,3
4.3,0.4,0.7,4.4,0.8,5.2,2.6,62,1.2,43.6,65.9,0.7,169.5,120.2,7.3,4.3,85.8,60.9,22.4,40.6,10.6,71.8,5.8,13.4,1,79,15.9,27.6,3
0.8,2.3,0.4,3.6,0.6,3.7,4.4,84.2,0.6,14.3,76.4,0.7,211.1,115.1,8.8,4.2,93.9,51.2,22.4,39.8,11.6,73,3.4,35.7,0,65,14.2,26.9,3
0.1,100,2,15.6,15.6,2.4,34.8,4.5,68.7,1.7,49.3,52.5,0.7,196.3,136.7,9.8,5,85.4,59.5,29,61.4,20.6,65.5,6,61.6,2,17.2,38.7,2
4.7,0.2,0.2,1.3,1.3,0.3,1.2,2.9,59.5,1.6,41,82,0.6,169.9,110.2,7.7,4.6,82.7,53.7,29.3,55.2,15.3,66.7,2.4,1.6,0,17.5,35.9,3
4.7,12.6,2.3,18,18,2.7,73.1,3,55.2,2.2,101.3,40.4,0.6,180.9,152.6,7.1,4,76.3,64.4,36.2,63.5,24.1,57.2,3.5,33.1,3,16.9,44.3,2
2.1,0.1,2.2,45.5,45.5,2.1,109.1,1.6,62.9,0.9,284.7,12.3,0.2,153.8,165.9,4.8,3.1,84.2,90.8,83.2,456.2,3.1,16.5,0.5,0,20,31.8,88.8,3
2.7,0,3.3,6.1,6.1,4.2,8.6,4.5,57.5,2.7,93.2,37.1,0.7,635.8,227.5,6.1,1,69.2,24.8,59.8,429.4,3.5,38.6,7.2,0.2,3,66.6,150.8,3
1.9,0,2.6,18.3,18.3,2.2,38.7,2.5,55,2,141.3,31.9,0.9,470.5,246,3.2,0.7,60.8,31.8,99.8,112.1,91.3,0,0.1,-,39,65.9,113.4,3
0.6,0.1,1.4,11.9,11.9,0.7,8.7,9.3,131.9,-3.4,-73.4,65.6,1.8,517.7,134,13,2.5,135.6,35.1,52.6,112.5,8.5,43.3,4.9,91.7,1,17.2,61.1,1
0.7,1.2,2.3,3.1,3.1,2.9,3.6,4.8,91.4,0.5,19.5,44,0,"1,891,713.80",227.4,4.8,0,91.4,0,30.2,199.8,0,68.3,1,0.2,13,64.9,122.7,2
0.2,1.2,2.9,6.3,6.3,2.4,11.5,2.7,67.9,1.3,163.9,19.1,0.8,641.2,354.1,3.2,0.5,72.2,39.9,10.7,189.8,9.1,83.5,1.3,0,115,95.9,18.6,3
0.2,0.3,1.1,4.6,4.6,1.2,14.9,3.1,78,0.7,31.2,54.8,0.6,338.7,150.5,4.6,1.4,87.3,38.8,29.2,132.1,25,66.5,5.5,0.3,24,58.3,36.8,2
3.3,0.3,2.5,18.7,18.7,2.9,21.8,3.4,41.6,4.6,142,39.9,2,196.9,171,7.1,3.6,60.8,52.8,32.8,58.9,18.6,65.7,1.1,33.2,7,13.9,39.3,2
0.4,0,3.7,4.6,4.6,4.6,6.7,7.7,89.1,0.9,24.6,44.4,0.2,"6,050.30",220.9,7.8,0.1,89.2,3.3,4.9,27.5,4.1,92.5,0.2,0,4,52,27.5,2
1.5,0,3.2,5.6,5.6,3.4,8.2,6.7,80.8,1.2,30.2,49.7,0.7,399,164.4,9.3,2.3,88.3,36.4,1.8,4.2,0.3,95.6,7.1,0,4,34.1,3.9,2
4,0,1.8,11.5,11.5,1.8,58.1,1.3,35.7,2.2,156.4,40.2,0.3,309.6,203.4,2,0.6,46.6,30.6,93.6,109.8,2.2,3.5,0.8,0,35,26.3,490,3
3.3,0,3.2,10.8,10.8,3.8,14.4,2.3,21,8,140.7,51.1,1.6,202.4,162.3,6.2,3.1,43.6,34.9,27.9,76,18.4,64,13,0.3,3,17.2,45.5,2
1.6,1,2.9,19.4,19.4,3.4,31.9,3.8,85.8,0.6,80.6,15.6,0.4,344.9,264.6,5.4,1.6,90.7,69.6,27.6,194.6,27,67.3,3,0,64,19.1,33.7,2
1.2,0.2,0.1,0.3,0.3,0.1,0.5,2.4,75.8,0.6,22.9,84.8,0.3,158.7,106.9,6.8,4.3,91.8,61.8,17.7,307.7,11,67.8,16,15.8,2,24,25,2
1,0,0.7,6.4,6.4,0.7,8.3,2,45.5,2.4,64.4,84.6,0,533.8,116.2,2.5,0.5,50.7,11,88,110,39.8,1.1,0.5,0,4,32.5,99,3
3,0,-26.2,-33.8,-33.8,-21.4,-13.7,3.1,61.3,1.7,71.6,45.9,0.7,183.8,142.9,7.4,4,81.7,63.5,39.8,295.6,32.4,0.1,59.6,100,-5,96.5,147,3
3.5,0,11.4,12.9,12.9,13.6,20.1,6.1,21.6,22.3,149.8,52.3,0,"460,200.00",191.1,6.1,0,21.6,0,86.5,"3,698.60",0,0.1,10.5,100,8,28.9,"17,900.30",3
4.1,11.3,2.7,31.2,31.2,3,148.5,3.5,76,1,67,32.8,0.1,176.1,149.7,8.2,4.7,89.2,75.8,36.3,49.6,50.5,38,1.6,40.6,3,19.2,40.8,2
3.3,8.7,3,30.5,30.5,3.4,160.8,3.9,64.4,1.7,85.1,33.5,0.6,201,163.8,8.7,4.3,83.3,67.9,18.2,28,27.7,60.7,4.9,25.6,3,15.9,21,2
0.9,8.8,1.7,14.5,14.5,2,46.3,2.8,50.1,1.9,82.6,41,1.3,186.6,150.3,8,4.3,80.8,65.1,29.5,52.7,24.5,60.7,5.9,33.2,2,14.4,35.1,2
3.2,0,1.1,1.2,1.2,1,0.7,6.4,63.1,3.7,41.1,89.7,0,"1,150.60",110.8,7,0.6,65.2,6.3,93.9,726.7,2,0,18.8,-,1,150.6,731.7,3
0.4,10.4,2.7,18,18,3.2,71.4,3.5,60.4,2,92.4,37.1,0.5,198.1,160.4,7.6,3.9,79.5,64.3,45.2,79.3,44.1,46.7,2.8,37.3,3,20.6,56,2
2.4,0.6,2.9,17.7,17.7,3.3,20.4,5.4,72.9,1.7,45.4,50.5,0.4,251.2,148.8,9.5,3.8,84.8,50.2,13,23.2,17.7,67.4,4.7,22.6,1,18.8,17,2
0.9,0.1,-1.5,-12.8,-12.8,-1.7,-7.2,3.4,92.7,0,-0.5,139.2,0.3,185.9,84.7,7.9,4.3,100.3,45.7,25,41.4,10.7,70.9,3.5,49,-1,15,30,2
1,1.4,1.7,12.8,12.8,1.9,22.7,4.1,54.7,2.5,58.9,57.6,1.3,208.8,135.8,9.5,4.5,78.9,51.3,25.4,38.2,27.2,61.6,7.1,18.4,1,14,30.7,2
2.5,0.1,0.3,2.2,2.2,0.3,4.2,2.4,75.3,0.6,24,84.1,0.2,214.9,110.4,4.8,2.2,88.1,45.2,54.9,70.3,8.5,40.3,5.4,1.1,0,24.7,65.9,2
0.5,2.3,1.8,17.3,17.3,1.5,27.3,3.4,52.1,2.5,60.4,63.3,0.9,205.4,130.1,7.9,3.8,75.9,48,33.3,52.6,20.2,61.8,3.1,26.1,1,14.4,40.4,2
2.4,12.6,2.4,19.6,19.6,2.7,66.3,2.9,48.3,2.5,103.3,40.6,0.9,187.8,155.7,7.4,4,74.8,62,33.2,55.7,34.7,48.7,8,30.3,3,17.5,41.1,2
1.6,10.3,2.8,22.2,22.2,3,47.4,2.6,36.6,3.4,116.2,40.9,1.3,222,170.5,6.9,3.1,66.8,51.3,16.2,26.3,21.7,62.1,7.2,33.9,2,16.1,21.4,2
1.5,0,0.3,0.3,0.3,0.2,0.4,3.7,25.2,9.7,249,26.7,10.5,"18,705.80",372.5,4.9,0,33.6,0.7,85.2,857.2,26.2,0.4,13.3,27.9,2,50.6,"2,420.30",4
3.3,0.6,0.7,6.2,6.2,0.8,9.2,3.2,46.5,2.9,61.9,68.8,1.3,198.8,124.6,7.9,4,73.1,45.8,10.8,20.2,13.4,76.2,5.3,0.8,1,15,13.6,3
1.5,0.1,2.2,8,8,2.6,9.9,3.7,58.5,2.6,75.9,54.7,0.3,892.4,172.9,4.2,0.5,61.3,11.9,30.7,76.7,34.5,43.5,5.8,0,4,27.7,43.8,3
4.5,0.3,0.4,3.4,3.4,0.5,4,2,52,1.5,50.6,76.6,0.5,132.7,108.9,9.7,7.3,86.5,71,29.9,44.8,35.6,39.1,7.5,2.4,0,20.3,36.8,3
5,0.5,1.6,9.7,9.7,1.8,257.5,4.9,63.4,2.4,47.1,65.9,0.9,290.7,133.4,8.2,2.8,77.2,35.4,60.1,90.5,18,36.6,5.5,40,2,19.5,73.8,3
0.4,3.6,1.9,15.9,15.9,2.1,63.9,4.4,60.7,1.5,44.5,47.7,1.7,280.6,157.3,8.9,3.2,85.2,47.8,25.3,50.5,17.2,66.7,6.1,33.1,1,16.4,32.3,2
3,0,-0.2,-1.5,-1.5,-0.2,-4.5,2.4,58.8,1.7,39.8,103.5,0,336.8,97.3,3.4,1,67,19.3,91.3,105.8,11.8,5.5,1.6,0.1,-6,50.7,106.6,4
1.7,1.9,1.5,9.3,9.3,1.7,37.2,5.2,62.9,2.1,38.8,65.5,1.1,297.8,133.4,9.2,3.1,81.6,36.5,40.6,76.7,20.1,54.5,6.9,51.2,1,16.5,51,2
4.2,0.4,0.6,3,3,0.8,3.4,3.2,61.5,1.5,41.5,69.3,0.9,208,122.7,7.2,3.5,82.7,48.8,22.2,36.4,12.4,72.7,7.2,14.2,0,19.4,28.5,2
1.5,2.4,0.7,5.5,5.5,0.8,5.9,5.6,100.7,-0.4,-10.3,74.8,0.6,251.4,117.3,10,4,104.5,48.7,25.9,48.8,16.3,70.4,4.1,37.4,0,14.6,31.5,2
0.1,100,2.7,20.7,20.7,3,41.5,5.4,74.8,1.4,37.5,49.7,0.7,246.6,147.8,10,4,88,52.8,30.1,55.6,23.4,65.3,6.8,63.8,2,16.7,39.5,2
1.3,0.2,0.2,1.1,1.1,0.3,1.4,2.9,41.5,3.6,63.5,79.9,1.1,184.5,114.6,7.6,4.1,67.9,42.2,28.3,45.7,17.8,66.4,3.6,1.7,0,14,34.6,3
3.7,12.7,2.7,21.1,21.1,3.2,74.9,3.5,57.6,2.3,92.8,40.1,0.5,200.2,158.3,7.7,3.8,77.1,60.9,39.6,65.4,31.6,52.3,4,33.2,4,19.6,48.9,2
2.3,0.2,2.4,30.4,30.4,1.8,49.2,1.2,52.1,1.1,252.7,18.9,0,212.4,224.1,2.2,1.1,67.3,71.1,38.5,124.6,29.6,61,0.5,0,9,28.9,139.9,3
1.7,0,1.6,3,3,2,4,3.7,56,1.3,46.7,42.9,1.8,645.1,199.1,6.3,1,82.5,25.5,70,220,6.9,28.1,7.5,4.1,1,77.5,167.1,3
2.7,0,4.7,11.7,11.7,3.8,21.3,6.9,92.7,0.5,14.8,49.2,0,"2,405.40",195.5,7.2,0.3,93,7.6,99.6,137.8,90.7,0,0.3,-,21,106.9,139.2,2
4.4,0.1,0.8,7,7,0.1,3,9.2,132,-3,-51.8,82.4,1.1,653.7,116.3,11.7,1.8,133.9,23.8,44.2,170.3,12.8,52,4.1,80.4,0,20,53.5,2
0.3,1.3,2.7,3.5,3.5,3.4,4.1,4.8,87.6,0.7,32.7,37.9,0,"952,046.90",263.7,4.8,0,87.6,0,29.3,193.5,0,68.9,1.2,0.2,13,73.1,134.1,3
3.6,0.8,4,7,7,4.1,12.8,4.3,78.6,0.8,82,18.7,0.3,"1,167.50",405.2,5,0.4,85.8,29.8,19.3,"5,372.40",19.4,66.1,2,0.1,128,142.8,75.2,3
2.4,0.2,1.5,4.2,4.2,1.8,13.2,3.9,68.3,1.8,48.7,63.9,0.3,466.9,143.7,5,1.1,73.8,22.7,18.7,282.7,14,73.8,8.4,0.4,21,75.2,28.5,3
2.8,0.1,3.4,18.2,18.2,2.6,21.5,2.3,31.9,4.7,126.8,50.9,0.9,218.8,160.8,4.7,2.2,50.3,37,49.3,87.7,27.4,48.8,1.6,13.5,6,12.6,59.1,3
4.9,0,3.3,4,4,4.1,5.5,7.3,96.8,0.2,7,45.3,0.1,"31,550.00",219.8,7.3,0,96.8,0.7,12.5,12.5,2.2,85.1,0.3,0,3,62.5,85.8,2
3.4,0,4.5,6.8,6.8,5.1,9.4,7.2,64.3,3.4,61.3,49,0.6,584.6,180.4,9.5,1.6,73.7,22.7,4.4,25.4,3.3,86,19.1,0.2,5,41.5,14.8,3
0.1,0,1.9,9.7,9.7,2.3,46.7,2,44.1,2.5,123.5,45,0.2,404.2,192.2,2.6,0.6,51.5,24.5,96.1,125.7,1.7,1.4,1.1,0,28,36.9,823.7,3
4,0,0.2,0.6,0.6,-0.1,0.7,1.7,36,2.3,56.8,87.5,0.7,188.7,108.6,4.9,2.6,68.3,39.3,38.5,71.6,10,54.9,13,0.3,0,18.6,53.3,3
0.3,0.9,2.9,18.4,18.4,3.4,30.2,3.7,81.2,0.7,92.8,17.6,0.3,320.1,248.1,5.5,1.7,88.2,68.3,30.7,171.1,31.7,60.3,4.1,0,53,22.7,38.1,2
0.4,0.2,1.5,5.4,5.4,1.9,7.3,2.5,41.2,2.6,81.8,51.6,1.1,185.9,140.7,7.7,4.2,74.8,56.6,19,231.4,8.9,69.3,12.1,22,12,30.3,28.7,2
3.4,0,5.4,26.7,26.7,4.9,29.3,5.9,43.8,7.6,90.2,62.3,0.2,423,149.7,7.7,1.8,50.5,17.9,79.3,129.6,16.4,0,1.4,-,15,55.9,102.4,3
0.2,0,-18.4,-24.8,-24.8,-25.9,-13.2,3.5,58.9,2,76.5,42.7,0.7,204.2,153.4,7.9,3.9,80.2,60.2,5.6,131,3.4,0,93.9,-,-4,76.5,163.8,3
4.3,0,8.7,10.1,10.1,11.2,14.1,5.5,19,23.5,140.7,57.6,1.1,-,173.6,5.5,0,19,0,87.2,"5,199.10",0,0.2,12.4,100,6,16.6,-,3
3.6,9.6,3.1,39.6,39.6,3.5,140.4,4.6,82.5,0.7,46.2,27.3,0.5,174.6,150.3,11.4,6.5,94.2,81.1,32.7,44.3,57,29.5,1.9,45.6,3,23.2,36.7,2
0.8,8.5,2.9,32.5,32.5,3.3,130.5,4.4,69.3,1.2,62.7,30.9,1.1,183.8,154.3,11.2,6.1,90.1,75.6,15.4,24.2,35.2,53.5,5.3,22.5,2,16,17.7,2
2.3,9.1,2.1,19.2,19.2,2.4,50,3.6,57.5,1.5,63.9,37.8,1.5,192.5,151.9,9.9,5.1,86.7,68.5,37.3,69,28.6,53.4,6.1,29.4,2,15.4,43.8,2
0.3,0,1.6,1.9,1.9,1.6,1,9.5,88.5,0.8,9.1,81,0.4,"1,197.20",121.2,10.8,0.9,93.2,9.4,93.6,698.1,80.6,0,24.5,-,1,185.9,695.9,2
3.9,10.4,3,21.5,21.5,3.5,90.9,3.8,54.6,2.1,91.7,33.1,1.2,200.7,165.4,9.6,4.8,82,67.6,39,63.3,47.6,41.7,3.7,37.8,3,22.5,48,2
0.5,0.6,3.3,21.1,21.1,3.9,29.4,6,67.8,1.9,49.4,43.1,1.1,233.9,155.8,12.1,5.2,86.6,57.7,16.2,27,21.1,63.5,4.8,21.7,1,20,20.8,2
3.1,0.2,-1.6,-13.2,-13.2,-2,-8.8,2.7,88,-0.1,-1.3,149.8,0.4,162.7,84.1,8.2,5,100.8,52.1,28.7,62.7,3.7,67.9,2.9,56.9,-1,19.2,34.5,2
4.8,1.3,1.8,13.7,13.7,2.2,30.5,5.9,61.5,1.6,33.5,49.6,2.6,231.3,144.6,14.1,6.1,89.8,56.2,25.2,38.8,34.6,54.8,7.8,21.3,1,16.3,31.2,2
0.1,0.1,0.1,0.8,0.8,0.1,1.5,2.2,67.9,0.9,34.6,82.1,0.5,176.5,110.2,5.3,3,85.3,53.3,73.1,91.4,8.9,22.7,5.2,1.7,0,28.8,86.5,3
4,2.4,1.4,13.7,13.7,1.7,19.1,4.2,55.4,2.2,47.6,61.8,1.2,196,128.2,10.9,5.5,83.1,54.3,29.6,42.9,18.3,59.7,5,24.4,1,17.7,36.7,2
1.7,12.7,2.3,20.7,20.7,2.6,77,3,42.8,2.7,113.5,34,2,191.3,165.2,9,4.7,76.9,66.4,38.6,66.4,34.8,42.7,8.6,30.5,2,18.3,47,2
1.8,9.9,2.1,17.9,17.9,2.7,31.2,3.4,39.5,3.3,91.4,41.4,2.4,207.5,159.1,10.4,5,76.1,58.3,14.3,23.4,22.1,58.6,10.5,37.5,2,17.8,19.7,2
0.6,0,6.6,8.4,8.4,8.8,11.8,4.1,27.1,10.4,258.6,26.6,2.3,"8,075.30",371.6,4.7,0.1,31.4,1.4,85.5,809,45.6,1.5,14.4,7.2,55,45,"2,197.40",3
1.3,0.7,1.7,15.2,15.2,2.1,20.5,4.6,56.2,1.5,52.5,36.2,3.1,203.2,155.6,13,6.4,89.4,68.4,8.6,15.8,14.2,75.1,7.3,0.2,1,12.8,10.3,2
0.5,0.1,2.8,9.3,9.3,3.3,10.4,5.2,79.3,1.4,46,45,0.4,526.6,186.6,6.5,1.2,82.5,29.2,31.7,79.7,47.6,36.2,6.6,0.1,4,31.6,46,3
0.5,0.3,0.6,6.2,6.2,0.7,5.8,1.3,29,1.9,77.5,53.2,1.4,131.7,119.6,11.2,8.5,85.5,77.7,33.6,64.7,40.4,32.8,8.7,1.8,1,26,41.5,3
3.1,0.5,1.5,9.2,9.2,2,225,3.9,31.7,5,73.8,54.8,3.6,228.5,144.7,13.1,5.7,72.4,45.8,54.2,82.2,26.2,42.8,8.9,49.1,2,19.9,69.3,2
1.6,3.7,2.6,22.8,22.8,3.1,74.3,6,62.8,1.8,46,40.4,2.5,281.7,170,12,4.3,87.2,52.6,24.1,45.3,15.4,66.8,7.3,32.3,1,19,31.1,2
4.5,0,8.2,28.2,28.2,7,78.3,0.9,7.6,10.3,256.5,36,0.1,142.2,218.3,2.9,2,21.7,33.4,87.6,115.1,58,3.6,6.2,0.2,106,49.7,114.9,3
3.8,2.3,1.7,10.3,10.3,2.2,37.8,5.2,43.3,3.4,52.9,53.6,3.4,270.4,148.5,13.7,5.1,80,44,31.6,52.9,14.1,63.2,10.1,54,1,17.3,42,2
3.1,0.4,0.5,2.8,2.8,0.8,3.1,3.7,45.8,2.1,44.2,58.7,2.6,205.2,132,11.7,5.7,84.8,54.5,20.1,39.6,10.7,73.9,8.5,13,0,20.8,26.8,2
0.3,2.9,1.2,10.5,10.5,1.8,10.7,6.8,92.3,-0.5,-11.8,58,1.3,228.7,129.8,13.9,6.1,103.7,58.9,24.2,40,15.9,72.2,4.7,35.9,1,15.6,29.8,1
3.7,100,2.3,20.1,20.1,2,41.3,5.2,60.2,1.1,27,45.6,2.7,236.8,149.6,13.2,5.6,92.5,58.5,36.1,66,26,59.8,7.3,66.7,1,18,47.4,1
0.4,0.2,0.2,1.1,1.1,0.3,1.4,4.2,53.3,2.2,39.3,71.4,2,205.9,120.6,11,5.3,83.3,48.8,31,53.5,15.6,63.1,4.3,1.2,0,19.3,39.8,3
3.8,13.1,3,26,26,3.6,70.5,3.7,48.6,2.7,112.1,32.3,1.5,194.8,168,9.9,5.1,78.4,67.6,42.9,66.4,34.5,47.2,4.3,33.8,4,21.2,52.4,2
1.1,0.1,5.1,28.4,28.4,5.8,34.1,4,55.6,3.2,228.4,19.5,0,262.4,250.1,6.5,2.5,66.9,63.8,40.1,103.5,7.6,57.5,2.3,0.1,6,49.1,108.1,3
0.6,0,4.4,9,9,5.9,11.3,7.6,79.6,1.3,44.4,31.3,0.7,687.3,249.3,9.6,1.4,87.9,31.9,80.6,243,14,17.6,8.1,3.2,3,94.3,185.7,3
1.5,0,10.2,14.2,14.2,14.4,22.6,14.3,46.1,16.7,107.9,50,1.1,"1,337.50",193.2,15.4,1.2,48,6.9,94.9,"1,484.10",40.3,0,1.5,-,23,116.4,"2,344.10",3
3.2,0,-3.9,-53.3,-53.3,-4.4,-24.3,8.4,133.1,-3.4,-36.8,146.5,1.5,348.4,77.7,13.6,3.9,133.3,29.7,52.5,87.9,30.5,43.5,4.7,44.7,-1,10.2,58,3
0.8,1.6,4.6,6,6,5.9,7.4,7.2,88,1,42.8,28,0,"58,059,400.00",357.4,7.2,0,88,0,20.2,158,0,77.1,1.5,0.2,18,66.4,111.4,3
4.7,1,6,10.4,10.4,5.3,17.1,5.2,74.2,1.1,118.6,12.8,0.9,863.4,464.9,6.8,0.8,86.3,46.5,34.5,"12,739.00",7.5,60.2,1.7,0.1,171,125.7,123,3
3.5,0.2,2.2,5.2,5.2,2.4,16,4.1,54.4,2.7,65.7,55.4,0.9,379.6,157,6.5,1.7,70.3,29.1,25.2,"2,877.80",16.2,62.3,12.1,0.6,26,70,43.5,3
2.5,0.1,2.2,5.7,5.7,2,6,5.4,66.3,2.5,46.2,66.6,0.7,511.3,140,7,1.4,73.7,20.2,40.1,102.6,21.7,51.5,6.6,0.2,2,21.3,62.6,3
4.3,0,6,8.9,8.9,9.2,11.5,10.7,84.5,2,62.9,24.6,0.4,"3,802.20",380.4,11,0.3,84.9,8.5,1.8,1.8,2.8,90.5,0.4,0,7,55.4,17.5,3
2.1,0,3,4.2,4.2,2.9,5.3,5.2,33.8,3.8,67.6,37,6.7,962.8,237.7,12.8,1.3,77,19,13.5,59.1,12.1,76.3,20.2,0.3,3,42.8,40.5,3
3.3,0,2.6,13.6,13.6,3.1,62.5,2.5,50.5,2.4,138.2,35.6,0.1,340.2,213.4,3.5,1,59.3,37.2,93.3,120.9,5.3,0.5,1.2,0,38,51.8,"1,543.70",3
0.3,0,1.5,4.6,4.6,1.7,5.2,4.3,63.1,2.1,46.7,65.6,0.6,252.4,131,7.9,3.1,79,41,36.1,130.6,14,54.1,13.9,0.3,1,24.7,54.6,3
3.6,1,2.7,19.5,19.5,3,29.1,3.7,82.4,0.8,96.8,17.9,0.6,204.6,184.7,7.2,3.5,90.3,81.6,34,164.7,35.8,55.3,4.2,0,44,24.9,41.8,2
2.9,0.3,1.6,5.8,5.8,2.1,7.9,4.9,70.9,1.5,48,45.9,1.6,237,152.7,9.3,3.9,86,55.4,12.3,124,7.6,75.5,11.9,20.3,7,29,17.8,2
2.4,0,5.2,17.5,17.5,4.8,15.3,5.9,35.5,10.6,92,70.1,0.2,496,137.8,7.3,1.5,40.8,11.3,76.9,134.7,10,0,2.7,-,8,72.1,118.2,3
0.1,0,-13.3,-17.4,-17.4,-12.3,-11.4,4.1,56.7,2,73.6,37.2,1.5,200.1,157.2,10.5,5.2,84.1,66.1,7.3,317.1,1.1,0.6,91.7,0,-3,60.2,607.2,3
4,0,14.1,20.3,20.3,17.9,23.8,5.6,15.2,31.3,164.8,51.5,0,"1,318.60",192,6.1,0.5,16.2,2.4,80.1,"1,187.20",0,0.1,15.6,0,10,19.8,-,3
3.4,8.4,2.3,29.3,29.3,2.6,85.4,3.7,77.4,0.8,51.2,34.6,0.5,144.3,129.7,12.8,8.9,93.8,84.3,21.9,30.7,56,29.5,2,43.1,2,20.1,24.3,2
0.4,7,2.2,23.5,23.5,2.5,81.5,3.7,69.6,1.1,57.7,37.1,0.9,145.6,130,13.3,9.1,92.1,82.3,14.9,24.1,35.9,50.6,5.2,21.2,2,14.5,16.7,2
0.9,8.3,1.6,13.8,13.8,1.8,30.1,3,55.3,1.7,67.8,46,1.2,144.5,126.9,12.3,8.5,87.8,77.1,30.4,64.4,22,58.4,5.8,28.3,1,14.3,35.6,2
2,0,5.7,6.8,6.8,5.6,3.5,13.6,94.7,0.8,9.5,55.2,0.9,"1,167.10",169.9,14.9,1.3,95.2,13.9,93.2,719.8,78,0,49.4,-,3,186.4,684.3,2
0.8,12.1,2.2,15.6,15.6,2.4,56.8,2.9,46.1,2.2,87.2,40.5,1.3,156.1,138.2,11.3,7.3,83.6,74,21.4,33.2,31.6,51.8,3.4,32.4,2,18.2,25.6,2
1.3,0.5,2.7,19.8,19.8,3.2,21.2,5.8,74.3,1.5,37.6,50.8,0.7,183.1,133.2,14,7.6,90.3,65.7,17.8,31.2,21.7,57.9,4,24.4,1,18.5,22,2
0.7,0.2,0.2,2.3,2.3,0.1,1.4,3.9,85.3,0.6,13.4,91.6,0.3,173.7,104,9.4,5.4,94.4,56.5,22.7,48.4,3.2,73.3,1.7,64.6,0,22.3,27.8,2
0.5,1.3,2,15.7,15.7,2.3,36.1,6.6,68,1.9,35.3,55,2.1,190.2,131.2,16.4,8.6,89.7,61.9,18.2,29,28.8,59.7,6.4,16.1,1,14.7,22.2,2
1,0.1,1.3,8.2,8.2,1.4,12.5,3,56.9,1.7,53.2,60.3,0.7,170.6,125.4,8.6,5,83.6,61.5,70.3,86.8,12.8,24.5,5.9,1.5,0,34.5,86.6,3
2.6,2.3,1.2,14.1,14.1,1.3,14.9,4.1,58.8,2.2,46.1,68.2,0.9,155.8,116.6,13.3,8.6,85.9,64.3,31.6,49.7,14.8,57.7,3.6,19.5,0,17.7,39.1,2
1,13,1.7,15.1,15.1,1.8,54.8,2.6,41.1,2.7,92.7,45.2,1.7,151.9,134.8,10.9,7.2,80.2,71.2,41.3,77.4,25.8,48.8,7.4,29.7,1,15.2,49.4,2
3.9,10.5,1.8,17.7,17.7,2.1,24,3.2,48,2.9,77.6,55.6,0.9,152.4,127.1,11,7.2,79.3,66.1,13.1,20.2,20.7,60.7,9.3,34.9,1,15.7,17.4,2
2.9,0,9.6,12.2,12.2,12.4,17.5,13.9,76.2,3.9,95.6,22.4,1.7,"17,746.60",439.3,14.4,0.1,78.7,1.9,85.1,766.3,13.5,1.9,16.2,3.2,80,65.1,"1,839.70",3
1.9,0.6,1.7,17.1,17.1,1.8,17.7,4,57.1,1.7,50.4,47.6,1.8,178.2,136.2,12,6.7,87.8,67.1,28.9,53.9,8.3,63.3,5,0.6,1,14.1,33.8,2
2.8,0.1,0.5,1.6,1.6,-0.2,1.1,5.3,134,-1.3,-42,81.1,0.9,360.8,114.3,7.3,2,122.5,38.8,31,85.8,41,40.7,6.9,0.1,1,34.1,49,2
1.7,0.3,0.4,4.5,4.5,0.4,5.4,1.7,51.3,1.1,47.1,67.5,0.6,120.9,108.2,13.1,10.9,92.6,82.9,35.1,68.9,51.1,31.4,6.9,1.5,0,17.9,40.5,3
2.8,0.7,1.7,11,11,1.9,241,5.7,52.5,3.1,47.7,59.5,2.5,225.1,134.7,13.9,6.2,82,49.1,51.7,78.2,19.6,46.1,5.6,50.9,1,17.9,65.9,2
4.2,3.5,1.6,15.9,15.9,1.7,38.8,5,75.4,1,26.7,53.8,1.4,186.4,130.3,12.3,6.6,92.8,64.8,24.5,43,15.3,66.4,5.3,32.7,1,17.2,31,1
2.1,0,4.7,10,10,6.3,25.1,2.8,17.9,12.7,138.7,59.2,0,123.8,130.3,14.4,11.7,53.2,56.1,57,135.9,36.8,20.1,20,0.1,34,40.7,125.4,3
4.3,2.7,1.8,11.6,11.6,2.1,38.3,6.4,62.2,2.3,36,61.1,1.9,211.1,129.6,15.2,7.2,87.1,53.5,29.5,51.8,7.6,66.2,6.2,56.5,1,15.4,37.5,2
3.6,0.4,0.4,3,3,0.5,3,4,63.5,0.8,19.5,68.6,1.5,161.2,114.9,14.3,8.9,94.5,67.3,26.9,50.8,13.3,54.4,6,15,0,17.9,32.8,2
4.7,3,1,9.7,9.7,1.1,10.6,4.6,82.3,0.6,17.3,65.1,0.8,158.1,116,13.4,8.5,95.5,70.1,27.5,45.4,19.3,66.9,3.2,33.5,0,13.8,33.8,1
4.3,100,1.5,13.3,13.3,1.9,24.2,4.7,58.9,1.6,37.5,52.1,1.9,185.3,132.7,14,7.5,89.9,64.4,17.1,32.6,19.9,67.3,5.4,50.4,1,16,22.2,2
3.7,0.2,0.1,0.5,0.5,0.1,0.5,4.6,69.9,1.5,26.2,87.8,0.7,172,106.3,12.1,7,88.9,54.9,31.6,67.4,10,58.3,3.4,1.1,0,21.9,41.2,2
2.3,13.6,2.2,21.4,21.4,2.4,41.7,3.1,52.4,2.4,82.3,48.2,0.6,151.3,131.2,10.5,7,81.8,70.9,31.9,47.3,28.9,56.1,3.7,32.7,2,16.1,38.2,2
1.9,0,5.1,29.1,29.1,5.4,44.9,3.1,45.1,3.8,266.3,20.6,0.1,205.4,225.2,6.1,3,61.6,67.6,41,119.3,7.3,55.4,2.8,0.3,5,51.6,137.3,3
3.1,0,6.9,13.1,13.1,6.9,14.8,7.8,82,1.7,70.5,25.5,0.1,438.5,249.7,10,2.3,85.5,48.7,72.1,208.8,16.6,25.8,4.7,0,4,86.8,136.9,3
0.4,0,10.1,15.2,15.2,10.9,21,19.1,86.8,2.9,26.1,50.5,0,753.7,177.5,22,2.9,88.3,20.8,97.2,278.4,79.1,0,1.5,-,21,121.8,282.1,2
2.2,0,-3.5,-60,-60,-3.3,-27.4,5.1,148.5,-1.7,-26.6,182.3,0.5,164.5,80.1,13,7.9,114.7,55.8,75,106.6,35.2,22.2,1.9,18.6,-1,23.2,83.3,2
0.9,1.5,4.8,6.3,6.3,6,7.9,7.8,93.6,0.5,22.6,28.1,0,"446,338.00",355.3,7.8,0,93.6,0.1,20,130.7,0,77.4,1.4,0.3,16,70.8,108.2,2
3.5,1.1,8.1,13.4,13.4,7.5,28,8.3,87.9,0.9,64.3,14.9,0.5,"1,003.90",441.7,9.5,0.9,91.3,40.2,13.6,"2,064.80",6.3,81,1.3,0.1,186,104.9,73.5,3
4.2,0.2,4,7.8,7.8,4.5,22.9,5.5,45,4.2,85.8,39.8,2.8,432.9,201,10.4,2.4,71.5,33.2,32.6,"3,474.20",13.8,57.5,11.9,0.8,18,79.2,67.1,3
3.5,0,0.9,1.4,1.4,0.5,1.4,6,66.3,3,37.1,90.2,0.4,575,109.4,7.3,1.3,70.6,13.4,42.6,332.5,20.3,46.8,7.2,0,1,35.6,122.8,3
3.2,0,6.5,11.7,11.7,6.4,11.8,6.4,72.7,2.4,112.8,24.2,0.3,"1,507.40",358.4,6.9,0.5,74.1,17.6,62.9,290,4.9,31,0.1,0,7,64.8,143.2,3
3.4,0,7.9,15.9,15.9,14.5,37.4,20.7,71.1,6.3,59.3,36.4,3.9,285.6,180.9,35,12.3,84.8,53.7,33.1,359.4,7.9,50.8,22.4,0.1,9,49.2,180.8,3
3.9,0,3.4,17.2,17.2,3.9,75.3,3.3,58.4,2.3,145.4,28.6,0.1,339.2,234.7,4.6,1.4,66.6,46.1,91.5,114.9,7.1,0.4,1.1,0,45,60.1,783.6,3
0.5,0,1.2,3.4,3.4,1.6,3.5,6.1,87.2,0.6,11.7,71.1,0.5,290.3,124.3,9.8,3.4,94.4,40.4,33.1,127.8,13.7,56.6,19.1,0.6,1,22.2,54.3,2
1.7,1,2.1,16,16,2.4,23.8,3.7,91.3,0.2,19.8,20.4,0.9,222.7,180.7,7.1,3.2,97.7,79.3,31.2,181.7,28.7,59.1,3.9,0,30,21.1,37,1
2.3,0.3,2.4,8.1,8.1,2.6,9.9,5.1,83,0.6,21.2,46.5,0.7,243.9,149,9.5,3.9,93.9,57.4,23.1,163.4,6.3,64.6,9,22.9,3,32.4,33.4,1
0.9,0,-0.7,-3.1,-3.1,-1.5,-2.5,16.3,39.5,25,95.1,63.6,16.5,258.9,141.1,26.5,10.2,51.5,28.1,79.6,225.6,36.4,0,7.9,-,-1,108.9,253.4,4
1.8,0,-16.3,-17.8,-17.8,-14.3,-11.4,3.6,58.1,1.9,64.1,47,1.1,157.9,131.6,11.9,7.5,86.3,72,24.9,299.3,6.6,4.2,70.2,0,-3,78.5,357.7,3
2.3,0,-0.3,-1.3,-1.3,-0.4,-1.2,24.4,112.3,-2.7,-12.2,101.5,0.1,199.6,99.3,48.8,24.5,105.8,52.6,70.7,661.9,12.7,5.7,18.7,1.8,0,13.9,658.6,3
2.2,9,1.4,13.5,1.7,55.3,2,43.5,1.3,131.4,22.2,2,172.4,166.1,9.5,5.5,87.9,84.7,16.5,31.6,33,60.7,3.5,24.6,5,408,16.1,22.2,1
4.5,0.1,3,12.6,3.7,18.8,4.4,74.8,0.9,139.7,10.7,0,196,190.8,12.1,6.2,93.2,90.7,20.4,673.6,47,49.5,1.6,0.3,86,"3,163",104.6,678.4,2
2.6,0.7,0.9,12,0.9,16.7,0.3,8.6,2,307.5,19.1,1.9,130.2,145.2,9.4,7.2,82,91.5,14.9,32.1,30,64.2,3,1,4,496,17.2,18.5,2
0.2,0.1,1.8,12.2,2.1,22.9,2.5,67.1,1.2,241.8,13.6,1.1,324.4,304.6,5.2,1.6,80.9,76,49.8,87,64.3,31.8,3.6,0.1,14,856,18,59.3,1
0.1,0,17.8,18.3,12,10.9,12.7,80.3,2.6,116.3,14.4,0,"9,218,250.00",742.7,14.3,0,84.3,0,74.8,"30,630.40",75.2,23.7,0.7,0,115,"1,292",190.7,"24,159,750.00",1
1.6,0.6,0.9,9.5,1,10.5,2,68.2,0.6,62.2,30.8,1.2,136.9,129.8,12.1,8.8,95.5,90.6,15,39.4,24.1,71.9,3,4.7,4,478,20.7,20.2,2
4.7,0.2,5.3,31.6,6.4,"1,448.00",7.4,73.4,3.4,109.5,30.8,0,236,192.2,13.7,5.8,80.3,65.3,50.1,65,59.1,37.6,0.2,0,163,"3,352",22.7,64.6,2
3.1,3.7,1.7,15.4,1.7,65.8,1.6,39.7,1.3,101.1,33.2,2,151.7,143.7,10.6,7,88.8,84.1,13.1,24.6,24.7,63.3,8.8,25.7,3,194,19.5,17.6,2
4.2,0,4.3,22.3,5.9,90.7,15.1,174.1,-4.4,-159.3,31.9,0,"1,510.70",307.2,16.2,1.1,137.4,27.9,38.2,98.4,53.2,42.8,0.3,0,122,"2,662",31.5,51.6,2
0.1,0.6,1.2,12.2,1.3,51.4,3.7,97,0.8,41.4,47.4,0,193.4,151.2,9.2,4.8,92.4,72.2,44.2,67.9,48.9,47.8,0.9,23.5,4,400,20,55.5,2
2.6,0.3,0.4,5.6,0.6,7.2,1.8,71.2,0.6,74.9,32.2,1.1,159.9,147.7,7.9,4.9,92.7,85.6,24.7,57.2,49.6,49.1,0.8,10.4,1,353,30.8,30.3,2
3.9,1.6,1.9,16.1,2.3,30.5,3.4,51.2,1.9,100,29.2,2.4,197.4,173.5,11.6,5.9,85.8,75.4,23.3,42.8,32.5,65,1.4,30,5,259,21.7,30.8,2
4.2,100,1.2,20.5,1.3,29.5,3.5,214.2,-1.7,-568.7,18.7,0.1,296.2,171.9,5.4,1.8,147.5,85.6,38.1,99.3,39,60.6,0.1,0,156,"15,710",14,40.9,2
1.4,0.8,0.1,0.5,0.1,0.5,1.2,31.8,1,65.7,40.8,2.1,144.3,131.1,10.7,7.4,91.6,83.2,21.5,40.6,34.4,59.3,1.2,7.8,0,698,21.4,27.2,3
3.4,100,1.7,18,1.9,71.9,3.5,78.2,0.5,44.2,27.1,1.4,188.3,162.2,10.4,5.5,95.1,81.9,12.6,26.2,34.1,59.7,2.9,32.8,4,290,15.4,16.7,2
1.7,0.1,4.2,8.1,5.2,10,7.3,86.2,0.5,32.7,19.1,0,"2,151.60",479.7,9.3,0.4,94.6,21.1,22,134,22.2,77.3,0.2,0,68,"1,820",51,43.6,2
1,0.1,-6.2,-47.7,-8.1,-40.8,-3.8,-91.2,0.9,29.3,71.4,9.2,141.8,121,18.6,13.1,95.5,81.6,16.5,28,44.4,49,3.7,0.1,-12,158,13.1,19.4,4
3.5,9.4,1.9,15.1,2.3,158.1,2.6,41.9,1.7,133.2,20.2,2.7,197.5,185.6,10.8,5.5,86.7,81.5,17.5,33.4,32.2,62.1,3.6,30.5,7,385,18.3,23.3,1
1.3,0,13.1,36.6,17,65.5,12.5,68.8,6.4,748.9,4.7,0,"1,157.60",988.2,14,1.2,68.6,58.6,73.4,131.5,98.2,0.6,0.9,11.7,44,331,105.5,132.7,1
2.4,0,5.7,16.2,7.2,36.9,6.8,70,3.5,230.4,15.6,1,355.5,314.2,10.9,3.1,75.8,67,65.8,180.9,65.8,32.5,0.5,0.5,11,204,37.4,114.8,1
1.4,0.4,2,20.1,2.4,33.2,2.8,101.1,-0.1,-82.5,6.2,0.2,"1,274.60",726.4,3.2,0.3,104.6,59.6,18.6,31.5,18.6,81.3,0,0,225,"12,045",28.6,20.9,1
1.6,0,8.2,9.1,10,42.5,17.9,80.7,8.9,74.9,53.6,0.3,510.7,193.1,22.5,4.4,71.7,27.1,88.7,"1,554.60",96.8,0,1.8,-,42,529,129.3,"2,124.90",3
4.3,0,0,0.3,0.5,0.1,0.8,39.2,3.7,274.3,65.6,0,275.1,274.5,1.5,0.5,29.1,29,45.3,687,54.9,41.1,0.5,0,0,762,38.9,50.6,3
5,1.2,4.6,7.6,5.5,8.9,6.2,95.2,1.3,128.1,15.9,0,708.2,416.2,7.2,1,84.5,49.7,8.8,55.7,8.8,87.8,2.7,0.1,70,"1,696",46.1,23.7,2
3.3,5.5,0.7,12.5,0.6,13.3,0.6,75.8,0.2,328.8,10,0,133.9,141.5,2.4,1.8,91,96.1,3,52.7,5.9,92.9,0,0,70,"11,619",18.7,3.4,2
1.2,0.6,1.3,12,1.6,32.1,1.9,70.1,0.2,124.4,7.3,0,296.6,276.1,4.4,1.5,94.6,88.1,10.4,"1,094.40",12.1,86.8,0.9,0,160,"15,715",14.2,12,2
2.8,0.3,2.1,19.2,2.4,22,2.4,46.7,2.6,153.3,33.9,1,149.2,150,10,6.7,79.3,79.7,19.1,45.1,38.5,53.4,4.1,25.6,26,"1,352",12.9,23.5,2
4.1,0,6.9,8.1,9.1,18.1,13.9,108.7,-0.5,-20.3,17.8,0,"102,337.50",646.9,15.3,0,103.1,0.7,39.7,413.4,44.7,54,0.6,0,11,161,53.4,424.4,2
2.2,0,20.9,36.9,25.6,124.6,17.1,60.1,13.6,507.3,9.4,0.1,779.1,639.7,19.8,2.5,59.3,48.7,24,145,24.5,70.9,0.1,0.1,31,149,16.9,92.9,2
2.1,0,4.3,32.1,5.2,80,4.4,74.1,1.9,308.3,10.5,0.1,449.9,403.8,5.8,1.3,75.2,67.5,98.4,116.9,98.3,0.1,1.1,0,480,"11,795",19.5,117,1
1.1,0.1,3,27.3,3.1,40.6,5.5,106.5,-0.7,-56.7,22.4,0.9,185.3,153.2,14.1,7.6,104.9,86.7,23.4,48.4,27.9,62.4,1.5,0.1,65,"2,698",15.2,37.9,1
0.9,1.2,2,16,2.4,23.6,3.2,81.7,-0.4,-269.6,3.7,1.4,236.8,215.7,7.9,3.3,105.2,95.8,5.1,362.2,22.1,72.4,3.6,0,220,"12,766",16.2,6.3,1
4.6,0,-3.1,-11.3,-3.7,-11.1,-3.2,-54.6,4.8,154.4,54.1,6.4,154.2,154.3,9.2,6,65.5,65.5,8,122.2,17.8,74.5,6.1,0.2,-37,970,32.1,12.3,3
4.9,0,27.5,36.4,33.4,247.1,9.9,21.5,49.7,402.4,26.8,0,713.5,439.1,11.8,1.7,19.2,11.8,60.8,"7,695.50",71.8,5.5,1.2,0,124,479,91.9,"1,104.80",2
0.2,0,-0.3,-0.9,-0.3,-0.7,2.4,58.5,0.9,91,25.3,1.5,167,155.5,9.7,5.8,91.1,84.9,13.2,97,18.6,62.3,16.4,0,-4,"1,350",37.8,22.2,3
4,0,30.4,34.7,37.3,66,11.9,23.1,48,333.7,27.9,0,-,416.7,11.9,0,19.9,0,54.2,"1,558.30",54.4,0,4,-,27,91,104.4,-,2
2.9,14.4,2,18.6,2.4,141.8,3.6,79,0.7,47.2,32.5,0.7,191.1,153.8,8.2,4.3,92,74.1,26,42.1,16.6,68.7,3.8,28,4,244,15.2,30.5,2
1.4,9.8,1.4,16,1.5,298,2.2,62.2,1,64.4,42.4,0.5,151,131.1,7.6,5,88.7,77.1,23.3,39.8,16.1,66.6,4.2,20.1,4,315,14.2,27.5,3
5,8.9,1.5,17.5,1.7,148.9,2.4,54.1,1.2,73.8,37.2,1,167.2,143.3,7.9,4.7,86.8,74.4,21.3,38.5,11.9,68,4.9,26.1,4,292,15.5,25.6,2
3.9,0,4.1,4.6,5.1,2.7,13.2,94.7,0.7,8.4,63,0,"4,784.70",156.9,13.5,0.3,94.8,3.1,94.8,"20,300.00",0,0,16.2,-,2,51,207.8,"43,709.00",3
0.3,9.2,2.1,17,2.4,151,2.8,63.7,1.1,76.8,33,0.7,184,155,7.3,4,86.6,72.9,29.8,56.5,21.9,60.3,4,22.9,8,395,17,36.8,2
3.3,0.5,1.1,9.5,1.3,26,2.5,56,1.2,51.4,49.3,1,152.4,126.4,9.9,6.5,89.5,74.3,22,36.6,5.6,72.7,5.2,2.1,1,135,14.2,26.2,3
2.9,0.7,0.9,12.1,1,17.7,2.3,59,0.7,36.9,46.7,1.1,153.3,126.4,9.2,6,93.3,76.9,26.3,55.7,10.6,72,3.5,6,2,251,16.1,32.9,3
2.5,1,0.4,4.4,0.4,9.9,2.7,51.9,1.1,35,61.9,1.5,180.1,123.9,9,5,89.1,61.3,23.6,37.9,9.2,65.9,7.8,5.7,0,115,15.4,27.4,3
2.9,0.1,0.3,2.4,0.3,2.7,3.7,89.9,0,1.4,82.9,0.4,199.9,109.4,8.2,4.1,99.4,54.4,17.7,27.2,0.6,77.9,6,0.6,0,131,14.8,20.8,3
0.8,3.1,1.3,12.7,1.5,48.5,3.7,69.5,0.7,25,53.3,0.9,197.5,132.8,9.2,4.7,92.9,62.5,22.8,36.6,7.7,73.8,3.4,24.9,2,170,16.1,28.1,3
2.1,11.6,1.6,13.4,1.8,118,3.1,68,0.9,45.6,44.6,0.7,191.4,142,7.6,4,89.1,66.1,24.9,44.3,16.4,66.3,6.8,23.5,4,266,16.7,31.3,2
4.3,9.4,1.3,12.9,1.5,83.1,2.2,51,1.2,62.7,43.6,1.1,175.7,140.4,7.2,4.1,86.1,68.8,24.8,44.5,14.5,65.5,6.3,26.5,4,344,14.5,31.6,3
0.4,0.1,2.4,10.3,3.3,14.6,4.2,80.1,1,54.2,35.6,0.1,180.6,147.5,9.4,5.2,90.3,73.7,25.1,"1,099.60",33.1,39.4,3.7,0.3,67,"2,628",70.7,703.8,2
1,0.6,0.4,4.6,0.4,6.7,1.7,60.3,0.4,24.1,51.4,1,155.5,123.3,7.1,4.5,95.2,75.4,24.1,52.5,13.6,67.9,4.4,1.4,1,365,18.1,29.6,3
4.7,0.1,1.6,11.3,2,18.2,2.9,63.4,1.3,77.3,35.6,1,399.1,207.6,4.4,1.1,77.8,40.5,49,98.9,14.8,39.2,4.6,0,11,723,18.2,59.1,2
0.2,0.6,0.7,8.4,0.8,9.3,2.3,75.5,0.4,21,59.5,0.5,144.2,115.7,8.6,6,95.8,76.9,15.5,39.1,5.1,78.9,4.5,4.3,3,391,19.6,19.5,3
3.5,0.2,3.2,19.6,3.9,792.6,7.9,102,-0.2,-5.2,48,0.1,251.3,144.9,13.2,5.3,101.5,58.5,45.2,60.3,17.9,52.8,1.5,0,38,"1,212",19.2,56.8,2
5,3.7,1.7,16.1,1.8,56.7,2.9,57.9,0.9,40.3,47.4,1.6,184.7,136.9,8.7,4.7,90.2,66.8,24.1,41.9,10.6,62.9,9.7,28.9,3,174,19.5,30.9,3
3.6,0.1,1.7,10.9,2.3,41.5,6.4,104.5,-0.3,-7.2,62.3,0,455.9,141.1,8.2,1.8,103.5,32,42.2,93,14.5,56.4,0.2,0,56,"3,042",21.5,52.9,2
0.8,0.7,1.3,12.8,0.7,47.3,4.3,69.1,0.6,14.5,66.2,1.4,255.4,127.1,9.2,3.6,93.9,46.8,33.9,54.3,9.4,61.8,4.6,27.3,4,300,17.6,44,2
2.2,0.4,0.4,5,0.6,4.9,2.7,91.8,0.2,9.9,55.6,0.7,191.5,128,5.7,3,97.3,65,35.3,82.5,19.3,59.2,1.7,11.1,1,293,14.4,39.6,3
4.1,1.9,1.6,15.6,2,24.2,4.1,68,1,34.6,47,1.2,218.7,145.1,9.4,4.3,90.5,60,22.1,41.2,7.4,72.7,4.4,32.3,3,203,19.9,28.1,3
2.9,100,0.9,12.8,1.1,15.3,3.1,168.8,-1.3,-192.9,35.7,0.1,463.1,178.3,4,0.9,147,56.6,30.8,72.1,0.2,68.9,0.2,0,81,"9,731",14,33.6,2
0.7,1.1,0.9,8.9,1.2,9.7,3.2,70.5,0.4,18.1,49.4,1.1,164.4,126.5,10.5,6.4,96.3,74.1,27.9,48.7,8.8,68.4,4.4,11.5,7,704,20.3,34.3,3
4.5,100,1.4,14.4,1.6,47.9,3.7,73.5,0.5,20.2,47.5,1,207,139.8,8.7,4.2,94.8,64,22.4,41.9,16.7,65.7,6,32,3,217,15,28.7,3
2.6,0.1,5,8.1,5.7,9.5,7.9,93.5,0.5,21.6,29.9,0.2,"5,142.90",320.6,8,0.2,93.6,5.8,22.8,330.8,0.7,76.5,0.3,0,65,"1,418",56.1,58.5,2
0.4,0.1,-0.8,-5.5,-1.2,-6.2,1.2,23.6,1.9,47.4,82.2,2.1,136.4,107.1,11.3,8.3,85.5,67.1,36.1,59,17.4,59.9,7.9,0.2,-1,148,14.1,43.7,4
2.9,10.1,2.1,16.5,2.5,151,4,74.7,0.8,42.2,37.8,1,219.2,157.4,8.2,3.7,90.6,65.1,22.5,40.8,15.7,64.5,5.2,31.5,7,344,18.7,28.4,2
4.6,0,6.9,19.9,6.5,26.4,4.3,52.9,3.8,284.8,16.4,0.2,"1,487.80",513.9,4.6,0.3,55.1,19,98.1,142,37.2,0.8,1.7,5.8,18,338,62.8,140.3,1
2.2,0,3.6,10.7,4.5,22.1,5.6,77.6,1.6,60.2,37.3,0,460.6,206.7,7.2,1.6,81.5,36.6,71,180.6,0,27.8,2,3.5,7,182,40.2,117.1,2
1.3,0.4,1.3,11.7,1.4,15.8,1.9,97.4,0.1,24.3,10.7,0.4,"1,621.90",620.8,2,0.1,97.5,37.3,18.2,29.6,0,79.5,0,0,107,"10,588",23.8,20.3,1
2,0,6.7,7.5,8,32.2,16.6,87.2,2.4,22.3,57.1,0.2,651.7,158.7,19.6,3,89,21.7,98,981,30.7,0,0.8,-,32,512,107.1,"1,002.80",3
2.4,0,0.3,1.5,0.6,0.7,1.8,31,3.9,77.4,89.2,0,453.1,111,2.3,0.5,36.6,9,23.4,"1,452.10",21.4,49.4,0.6,0,1,478,32.5,28.2,3
1.8,1.1,4.2,6.5,4.9,7.5,5.8,78.6,1.6,76,28.2,0.4,"4,895.00",340.7,5.9,0.1,78.9,5.5,7.1,45.4,0,89.7,0.6,0.1,52,"1,315",47.8,22.9,2
3.6,3.9,0.7,10.4,0.7,11.8,1.1,102.6,-0.1,-25.1,31.3,0.1,182.8,142.5,2.6,1.4,103.4,80.6,4.2,54.4,0.4,94,0.4,0,52,"7,761",13.6,4.6,2
1.7,0.3,1.6,12.6,1.8,25.7,2.8,86.4,0.2,17.4,30.6,0.4,392.3,210.1,4.2,1.1,96,51.4,21.4,"2,335.50",2.9,77.1,2.6,0.1,128,"8,983",16.7,25.3,2
2.8,0.3,1.7,15.6,2.1,17.2,4.7,64.1,2.1,67.2,43.2,2,213.2,153.6,9.8,4.6,82.1,59.2,27.2,55.7,13.9,62.2,8.2,29.7,22,"1,388",13.4,33.7,3
2.1,0,6.2,7.6,7.6,15.6,10.8,95.1,0.6,15.8,31.1,0.2,"11,988.60",316.1,10.9,0.1,95.1,2.5,19,128.3,4,80.4,1.9,0,9,155,52.8,129.9,3
1,0,9,20.6,10.6,51.1,12.6,89.7,1.4,44.3,23.1,0.2,658.6,296.3,14.9,2.3,91.2,41,5.8,27,0.1,75.1,19.4,0.1,26,298,15.1,11.2,1
2.5,0,3,24.1,3.3,46.1,3,68,1.4,143.8,22.3,0.2,471.8,291.8,3.8,0.8,72.9,45.1,96.4,110.7,0.4,1.9,1.1,0,276,"10,564",15.2,320.4,1
1.1,0.1,4,30.3,4.2,46,5.9,91.1,0.4,18.9,31.8,0.2,204.3,156,11.9,5.8,96.8,73.9,28.1,97.3,8.1,62.4,0.4,0,57,"1,700",18,43.3,2
5,1.1,2.3,18.4,2.5,24.8,3.6,97.5,0.1,16.4,12.5,0.7,232.1,201,6.3,2.7,98.8,85.6,14.8,408.9,17.1,76.9,1.9,0,199,"9,637",17,18.4,1
2.9,0,0.3,1.5,0.4,1.5,3,76.2,0.8,24.3,85.7,0.1,167.5,107,7.7,4.6,90.4,57.8,27.5,337.2,5.8,64.5,5.1,0.3,5,"1,423",26.2,38.2,3
4.1,0,24.9,36.4,21.5,144.1,4.8,11.3,37.5,181.4,48.9,0.1,333.9,195.1,6.8,2,15.4,9,77.6,381.9,30.2,4.6,0.6,0,72,418,102.2,364.8,3
4.5,0,2.3,6.3,2.3,6.3,3,67.4,0.9,48.8,40.5,0.8,186.7,144.7,7.8,4.2,89.7,69.5,19.8,89,2.9,75.7,0.2,0,16,897,31.4,29.3,2
3.2,0,8.7,9.7,11.5,17.8,8.2,24.1,25.8,115,66,0,-,151.4,8.2,0,24.1,0,70.3,"29,439.00",0,0,10.1,-,7,84,104.1,-,3
0.5,13.6,1.991015297,18.80892778,2.395209723,128.9494118,3.3,67.9,0.9,61.6,30.8,0.9,204.5,163.9,7.6,3.7,89.3,71.6,28.9,46.1,19.3,65,4.1,26.9,4,197,14.5,33.8,2
2.2,9.2,1.2,12.6,1.4,204.7,2.5,62.5,1,61.2,41.5,0.9,169.6,139.4,7.3,4.3,87.8,72.1,20.3,34.9,14.5,68.4,4.6,20,3,240,13.1,23.3,3
1.5,8.6,1.4,15,1.6,108.1,2.4,53.1,1.2,65.5,40.5,1.1,172.6,142,7.8,4.5,86.8,71.4,22.4,42.4,13,69.5,5.3,27.8,3,230,14.2,27.1,3
0.9,0,3.1,3.6,3.6,2.1,11,92.3,0.9,10.9,69.5,0,"3,334.20",142.2,11.3,0.3,92.7,4,95,812,0,0,15.3,-,2,55,206.8,826.8,3
4.8,9.4,1.8,15.8,2.1,113.2,2.3,50.5,1.6,99.2,35.1,0.8,178.9,155.1,6.6,3.7,80.9,70.2,31.4,62.1,21.8,59.7,2.6,24.8,5,322,14.3,37.9,2
1.4,0.5,1.5,12.2,1.8,29.2,3.1,59,1.4,58.8,46.1,1,172.5,136.7,9,5.2,86.5,68.5,24.3,40.9,7.2,70.6,5.2,2.8,2,117,13.8,29.2,3
1.3,0.7,0.9,9.9,1,12.2,2.5,59.2,0.9,46.7,45.2,1.3,165.4,133,8.4,5.1,90.4,72.7,23.7,48.3,9,74.3,2.7,5,2,211,13.5,28.5,3
2.7,1,0.5,4.9,0.6,10.8,2.5,38.1,2,53,57,2.2,176.4,129,10.5,6,84.2,61.6,13.4,25,11.3,73.9,10,7.7,0,87,13.1,15.8,3
1,0.1,0.4,2.7,0.4,3,3,69.8,0.8,24.1,73.9,0.7,212.6,117.7,6.6,3.1,89.7,49.7,27.1,43.1,3.5,68.3,4.3,0.7,0,116,16.7,32,3
2.6,3.3,1.2,12.8,1.5,42.7,3,51.1,1.5,50.9,50.5,1.4,191.2,137.5,9,4.7,85.8,61.7,25.9,42.5,7.4,70.7,3.4,27.5,2,155,14.4,31.8,3
2.7,11.9,1.6,13.8,1.8,104.5,2.8,59.5,1.3,61.8,43.8,0.8,194.3,146.4,7.2,3.7,84.7,63.8,26.5,47.4,17.1,65.5,6.5,24.6,3,227,15.2,32.9,2
1.7,10.1,1.2,11.9,1.4,67.5,2.2,50,1.4,68,45.8,1.1,174.8,139.3,7.1,4,83.8,66.8,21.8,39.7,13.1,68.3,7,27.2,3,270,14.2,27.9,3
1.5,0.1,2.9,13.9,3.8,19.2,3.9,73.3,1.3,101,24.9,0.2,150,143,11.8,7.9,89.9,85.8,26.9,270.5,30,41.1,3.5,0.3,88,"2,937",64.3,177.4,2
3.3,0.6,0.1,0.8,0,0.9,0.9,23,1.6,71.5,60.9,1.4,148.9,122.2,6.4,4.3,79.8,65.5,31.9,78,14.5,64.2,4.8,2,0,311,18.3,39.5,3
0.5,0.1,1.4,9.9,1.6,14,2.9,71.6,1,66.2,38.2,0.9,508.9,209.3,3.8,0.7,78.6,32.3,59.9,120.8,19.7,29.5,2.5,0,9,692,18.8,70.7,2
4.2,0.6,0.6,6.8,0.7,8,2.2,71.4,0.4,20.7,63.2,0.5,147.4,114.9,8.3,5.7,95.4,74.4,16,34.9,7.2,77.9,4.5,2.4,1,280,17.7,20.1,3
4.5,0.2,2.4,15.5,3.2,585.1,3.7,50.7,3.5,89.9,52.1,0.3,197.9,145,7.9,4,69.6,51,52.2,66.6,11.8,46.4,1.3,0,25,"1,024",18.2,66.2,2
2,3.6,1.5,15,1.6,42.5,2.8,54.2,1.2,47.7,49.1,1.7,194.6,139.1,8.1,4.2,87.1,62.2,27.9,48.8,12.6,59.9,8.9,29.2,2,149,17.5,35.8,3
0.6,0.1,2.2,13.5,2.5,51.3,4,71.4,1.6,54.5,52.4,0.2,290.3,152.9,6.1,2.1,79.2,41.7,56.7,99,34.8,41.5,0.3,0,69,"3,371",21.6,68.7,2
2.9,0.8,-1.3,-14.4,-1.4,-54.7,1.7,24.6,2.8,57,73.2,3.2,188.9,119.3,8.3,4.4,74.8,47.2,38.2,63.7,9.5,58.1,6.9,38.6,-4,271,20.4,51.6,3
2.3,0.3,0.2,2.3,0.3,3.3,2.3,77,0.4,17.2,73.5,0.5,186.2,115.2,5.6,3,93.7,58,34.7,72,21,61.7,2.1,12.8,0,187,19.8,38,3
4.3,2,1.2,12,1.4,16.4,3.4,60.3,1.2,39.4,53.6,1.2,212.4,137.5,8.5,4,87.6,56.7,24.1,47.4,10,70.1,3.9,34,2,185,17.7,30.4,3
2,100,0.6,7.2,0.6,7.8,2.3,166.3,-0.9,-126.9,52.3,0.1,556.1,153.8,2.8,0.5,148.6,41.1,39.1,75.6,1.4,60.3,0.3,0,41,"8,688",12.9,42.3,3
4.7,1.5,0.6,8.4,0.7,6.1,2.3,60,0.8,45.8,45.2,1.4,171.7,135.2,7.2,4.2,90.2,71,27.6,53.5,4.6,69.1,2.5,10.5,4,766,15,32.1,3
3.3,100,1.3,12.6,1.5,38.2,3.1,55.8,1.1,39.1,50,1.3,206.8,139.9,8.6,4.2,88.8,60.1,24.4,47.3,18.9,62,6.7,35,2,161,14.5,32.8,3
2.6,0,3.9,5.4,4.3,6,7,92.6,0.6,18.4,40.4,0.2,"12,669.50",244.8,7,0.1,92.6,1.8,37,"5,049.80",11.5,62.2,0.5,0,41,"1,196",69.8,107.1,3
1.1,0.2,0.2,1.8,0.3,2.1,2.4,52.4,1.3,40.7,70.7,1.1,153.2,114.3,9.5,6.2,87.7,65.4,33.5,60.2,13.2,63.1,4.6,0.2,0,174,16,40,3
1.1,10.8,1.9,15.2,2.2,120.7,3.1,58.9,1.3,61,41.3,1,213,154.7,7.4,3.5,84.9,61.6,21.1,39.6,16.8,65.5,5.2,31.6,5,294,16.2,26.3,2
5,0,6.5,12.7,6.7,14.2,5.2,58.8,3.6,193.7,21.1,0.3,"5,403.30",454.4,5.3,0.1,59.5,5,96.6,190.3,44.2,1.5,3,3.8,9,175,80.2,184.4,1
3.2,0,3.1,8.5,3.4,15.9,4.5,69.9,1.9,67.3,44.7,0.2,678.6,197.5,5.3,0.8,73.2,21.3,71.3,126.1,4.4,27.6,2,0.6,5,189,46,110.2,2
2.5,0.3,1.9,11.9,2.1,14.3,2.3,85.8,0.4,126.8,11.2,0.2,983.8,524.8,2.6,0.3,87.1,46.4,16.7,68.3,0,80.4,0,0,97,"5,792",15.1,19.9,1
0.6,0,6.8,8,9.1,31.6,6.5,34.5,12.4,129,50.8,0.3,716.2,187.2,7.6,1.1,37.9,9.9,96.9,"2,803.70",4.4,0,0.9,-,32,445,112.5,"2,855.20",3
1.2,0,-9.9,-45,0.5,-28,2.4,26.4,6.8,79.4,92.7,0.2,230.2,106.5,4.3,1.9,38.8,17.9,52.5,370.7,34.5,4.8,0.9,0,-38,294,21.2,74,3
2.7,3.5,1.6,15.9,15.9,1.7,38.8,5,75.4,1,26.7,53.8,1.4,186.4,130.3,12.3,6.6,92.8,64.8,24.5,43,15.3,66.4,5.3,32.7,1,17.2,31,1
0.1,0,4.7,10,10,6.3,25.1,2.8,17.9,12.7,138.7,59.2,0,123.8,130.3,14.4,11.7,53.2,56.1,57,135.9,36.8,20.1,20,0.1,34,40.7,125.4,3
2.1,2.7,1.8,11.6,11.6,2.1,38.3,6.4,62.2,2.3,36,61.1,1.9,211.1,129.6,15.2,7.2,87.1,53.5,29.5,51.8,7.6,66.2,6.2,56.5,1,15.4,37.5,2
0.4,0.4,0.4,3,3,0.5,3,4,63.5,0.8,19.5,68.6,1.5,161.2,114.9,14.3,8.9,94.5,67.3,26.9,50.8,13.3,54.4,6,15,0,17.9,32.8,2
2.3,3,1,9.7,9.7,1.1,10.6,4.6,82.3,0.6,17.3,65.1,0.8,158.1,116,13.4,8.5,95.5,70.1,27.5,45.4,19.3,66.9,3.2,33.5,0,13.8,33.8,1
100,100,1.5,13.3,13.3,1.9,24.2,4.7,58.9,1.6,37.5,52.1,1.9,185.3,132.7,14,7.5,89.9,64.4,17.1,32.6,19.9,67.3,5.4,50.4,1,16,22.2,2
0.1,0.2,0.1,0.5,0.5,0.1,0.5,4.6,69.9,1.5,26.2,87.8,0.7,172,106.3,12.1,7,88.9,54.9,31.6,67.4,10,58.3,3.4,1.1,0,21.9,41.2,2
12.6,13.6,2.2,21.4,21.4,2.4,41.7,3.1,52.4,2.4,82.3,48.2,0.6,151.3,131.2,10.5,7,81.8,70.9,31.9,47.3,28.9,56.1,3.7,32.7,2,16.1,38.2,2
0,0,5.1,29.1,29.1,5.4,44.9,3.1,45.1,3.8,266.3,20.6,0.1,205.4,225.2,6.1,3,61.6,67.6,41,119.3,7.3,55.4,2.8,0.3,5,51.6,137.3,3
0,0,6.9,13.1,13.1,6.9,14.8,7.8,82,1.7,70.5,25.5,0.1,438.5,249.7,10,2.3,85.5,48.7,72.1,208.8,16.6,25.8,4.7,0,4,86.8,136.9,3
0,0,10.1,15.2,15.2,10.9,21,19.1,86.8,2.9,26.1,50.5,0,753.7,177.5,22,2.9,88.3,20.8,97.2,278.4,79.1,0,1.5,-,21,121.8,282.1,2
0.1,0,-3.5,-60,-60,-3.3,-27.4,5.1,148.5,-1.7,-26.6,182.3,0.5,164.5,80.1,13,7.9,114.7,55.8,75,106.6,35.2,22.2,1.9,18.6,-1,23.2,83.3,2
1,1.5,4.8,6.3,6.3,6,7.9,7.8,93.6,0.5,22.6,28.1,0,"446,338.00",355.3,7.8,0,93.6,0.1,20,130.7,0,77.4,1.4,0.3,16,70.8,108.2,2
0.7,1.1,8.1,13.4,13.4,7.5,28,8.3,87.9,0.9,64.3,14.9,0.5,"1,003.90",441.7,9.5,0.9,91.3,40.2,13.6,"2,064.80",6.3,81,1.3,0.1,186,104.9,73.5,3
0.1,0.2,4,7.8,7.8,4.5,22.9,5.5,45,4.2,85.8,39.8,2.8,432.9,201,10.4,2.4,71.5,33.2,32.6,"3,474.20",13.8,57.5,11.9,0.8,18,79.2,67.1,3
0,0,0.9,1.4,1.4,0.5,1.4,6,66.3,3,37.1,90.2,0.4,575,109.4,7.3,1.3,70.6,13.4,42.6,332.5,20.3,46.8,7.2,0,1,35.6,122.8,3
0,0,6.5,11.7,11.7,6.4,11.8,6.4,72.7,2.4,112.8,24.2,0.3,"1,507.40",358.4,6.9,0.5,74.1,17.6,62.9,290,4.9,31,0.1,0,7,64.8,143.2,3
0,0,7.9,15.9,15.9,14.5,37.4,20.7,71.1,6.3,59.3,36.4,3.9,285.6,180.9,35,12.3,84.8,53.7,33.1,359.4,7.9,50.8,22.4,0.1,9,49.2,180.8,3
0.2,0,3.4,17.2,17.2,3.9,75.3,3.3,58.4,2.3,145.4,28.6,0.1,339.2,234.7,4.6,1.4,66.6,46.1,91.5,114.9,7.1,0.4,1.1,0,45,60.1,783.6,3
0,0,1.2,3.4,3.4,1.6,3.5,6.1,87.2,0.6,11.7,71.1,0.5,290.3,124.3,9.8,3.4,94.4,40.4,33.1,127.8,13.7,56.6,19.1,0.6,1,22.2,54.3,2
0.9,1,2.1,16,16,2.4,23.8,3.7,91.3,0.2,19.8,20.4,0.9,222.7,180.7,7.1,3.2,97.7,79.3,31.2,181.7,28.7,59.1,3.9,0,30,21.1,37,1
0.2,0.3,2.4,8.1,8.1,2.6,9.9,5.1,83,0.6,21.2,46.5,0.7,243.9,149,9.5,3.9,93.9,57.4,23.1,163.4,6.3,64.6,9,22.9,3,32.4,33.4,1
0,0,-0.7,-3.1,-3.1,-1.5,-2.5,16.3,39.5,25,95.1,63.6,16.5,258.9,141.1,26.5,10.2,51.5,28.1,79.6,225.6,36.4,0,7.9,-,-1,108.9,253.4,4
0,0,-16.3,-17.8,-17.8,-14.3,-11.4,3.6,58.1,1.9,64.1,47,1.1,157.9,131.6,11.9,7.5,86.3,72,24.9,299.3,6.6,4.2,70.2,0,-3,78.5,357.7,3
0,0,-0.3,-1.3,-1.3,-0.4,-1.2,24.4,112.3,-2.7,-12.2,101.5,0.1,199.6,99.3,48.8,24.5,105.8,52.6,70.7,661.9,12.7,5.7,18.7,1.8,0,13.9,658.6,3
9.5,9,1.4,13.5,1.7,55.3,2,43.5,1.3,131.4,22.2,2,172.4,166.1,9.5,5.5,87.9,84.7,16.5,31.6,33,60.7,3.5,24.6,5,408,16.1,22.2,1
0.1,0.1,3,12.6,3.7,18.8,4.4,74.8,0.9,139.7,10.7,0,196,190.8,12.1,6.2,93.2,90.7,20.4,673.6,47,49.5,1.6,0.3,86,"3,163",104.6,678.4,2
0.7,0.7,0.9,12,0.9,16.7,0.3,8.6,2,307.5,19.1,1.9,130.2,145.2,9.4,7.2,82,91.5,14.9,32.1,30,64.2,3,1,4,496,17.2,18.5,2
0.2,0.1,1.8,12.2,2.1,22.9,2.5,67.1,1.2,241.8,13.6,1.1,324.4,304.6,5.2,1.6,80.9,76,49.8,87,64.3,31.8,3.6,0.1,14,856,18,59.3,1
0,0,17.8,18.3,12,10.9,12.7,80.3,2.6,116.3,14.4,0,"9,218,250.00",742.7,14.3,0,84.3,0,74.8,"30,630.40",75.2,23.7,0.7,0,115,"1,292",190.7,"24,159,750.00",1
0.5,0.6,0.9,9.5,1,10.5,2,68.2,0.6,62.2,30.8,1.2,136.9,129.8,12.1,8.8,95.5,90.6,15,39.4,24.1,71.9,3,4.7,4,478,20.7,20.2,2
0.3,0.2,5.3,31.6,6.4,"1,448.00",7.4,73.4,3.4,109.5,30.8,0,236,192.2,13.7,5.8,80.3,65.3,50.1,65,59.1,37.6,0.2,0,163,"3,352",22.7,64.6,2
3.8,3.7,1.7,15.4,1.7,65.8,1.6,39.7,1.3,101.1,33.2,2,151.7,143.7,10.6,7,88.8,84.1,13.1,24.6,24.7,63.3,8.8,25.7,3,194,19.5,17.6,2
0.1,0,4.3,22.3,5.9,90.7,15.1,174.1,-4.4,-159.3,31.9,0,"1,510.70",307.2,16.2,1.1,137.4,27.9,38.2,98.4,53.2,42.8,0.3,0,122,"2,662",31.5,51.6,2
0.9,0.6,1.2,12.2,1.3,51.4,3.7,97,0.8,41.4,47.4,0,193.4,151.2,9.2,4.8,92.4,72.2,44.2,67.9,48.9,47.8,0.9,23.5,4,400,20,55.5,2
0.4,0.3,0.4,5.6,0.6,7.2,1.8,71.2,0.6,74.9,32.2,1.1,159.9,147.7,7.9,4.9,92.7,85.6,24.7,57.2,49.6,49.1,0.8,10.4,1,353,30.8,30.3,2
1.6,1.6,1.9,16.1,2.3,30.5,3.4,51.2,1.9,100,29.2,2.4,197.4,173.5,11.6,5.9,85.8,75.4,23.3,42.8,32.5,65,1.4,30,5,259,21.7,30.8,2
100,100,1.2,20.5,1.3,29.5,3.5,214.2,-1.7,-568.7,18.7,0.1,296.2,171.9,5.4,1.8,147.5,85.6,38.1,99.3,39,60.6,0.1,0,156,"15,710",14,40.9,2
0.9,0.8,0.1,0.5,0.1,0.5,1.2,31.8,1,65.7,40.8,2.1,144.3,131.1,10.7,7.4,91.6,83.2,21.5,40.6,34.4,59.3,1.2,7.8,0,698,21.4,27.2,3
100,100,1.7,18,1.9,71.9,3.5,78.2,0.5,44.2,27.1,1.4,188.3,162.2,10.4,5.5,95.1,81.9,12.6,26.2,34.1,59.7,2.9,32.8,4,290,15.4,16.7,2
0,0.1,4.2,8.1,5.2,10,7.3,86.2,0.5,32.7,19.1,0,"2,151.60",479.7,9.3,0.4,94.6,21.1,22,134,22.2,77.3,0.2,0,68,"1,820",51,43.6,2
0.1,0.1,-6.2,-47.7,-8.1,-40.8,-3.8,-91.2,0.9,29.3,71.4,9.2,141.8,121,18.6,13.1,95.5,81.6,16.5,28,44.4,49,3.7,0.1,-12,158,13.1,19.4,4
9.8,9.4,1.9,15.1,2.3,158.1,2.6,41.9,1.7,133.2,20.2,2.7,197.5,185.6,10.8,5.5,86.7,81.5,17.5,33.4,32.2,62.1,3.6,30.5,7,385,18.3,23.3,1
0,0,13.1,36.6,17,65.5,12.5,68.8,6.4,748.9,4.7,0,"1,157.60",988.2,14,1.2,68.6,58.6,73.4,131.5,98.2,0.6,0.9,11.7,44,331,105.5,132.7,1
0,0,5.7,16.2,7.2,36.9,6.8,70,3.5,230.4,15.6,1,355.5,314.2,10.9,3.1,75.8,67,65.8,180.9,65.8,32.5,0.5,0.5,11,204,37.4,114.8,1
0.3,0.4,2,20.1,2.4,33.2,2.8,101.1,-0.1,-82.5,6.2,0.2,"1,274.60",726.4,3.2,0.3,104.6,59.6,18.6,31.5,18.6,81.3,0,0,225,"12,045",28.6,20.9,1
0,0,8.2,9.1,10,42.5,17.9,80.7,8.9,74.9,53.6,0.3,510.7,193.1,22.5,4.4,71.7,27.1,88.7,"1,554.60",96.8,0,1.8,-,42,529,129.3,"2,124.90",3
0,0,0,0.3,0.5,0.1,0.8,39.2,3.7,274.3,65.6,0,275.1,274.5,1.5,0.5,29.1,29,45.3,687,54.9,41.1,0.5,0,0,762,38.9,50.6,3
0.9,1.2,4.6,7.6,5.5,8.9,6.2,95.2,1.3,128.1,15.9,0,708.2,416.2,7.2,1,84.5,49.7,8.8,55.7,8.8,87.8,2.7,0.1,70,"1,696",46.1,23.7,2
3.8,5.5,0.7,12.5,0.6,13.3,0.6,75.8,0.2,328.8,10,0,133.9,141.5,2.4,1.8,91,96.1,3,52.7,5.9,92.9,0,0,70,"11,619",18.7,3.4,2
0.4,0.6,1.3,12,1.6,32.1,1.9,70.1,0.2,124.4,7.3,0,296.6,276.1,4.4,1.5,94.6,88.1,10.4,"1,094.40",12.1,86.8,0.9,0,160,"15,715",14.2,12,2
0.4,0.3,2.1,19.2,2.4,22,2.4,46.7,2.6,153.3,33.9,1,149.2,150,10,6.7,79.3,79.7,19.1,45.1,38.5,53.4,4.1,25.6,26,"1,352",12.9,23.5,2
0,0,6.9,8.1,9.1,18.1,13.9,108.7,-0.5,-20.3,17.8,0,"102,337.50",646.9,15.3,0,103.1,0.7,39.7,413.4,44.7,54,0.6,0,11,161,53.4,424.4,2
0,0,20.9,36.9,25.6,124.6,17.1,60.1,13.6,507.3,9.4,0.1,779.1,639.7,19.8,2.5,59.3,48.7,24,145,24.5,70.9,0.1,0.1,31,149,16.9,92.9,2
0.3,0,4.3,32.1,5.2,80,4.4,74.1,1.9,308.3,10.5,0.1,449.9,403.8,5.8,1.3,75.2,67.5,98.4,116.9,98.3,0.1,1.1,0,480,"11,795",19.5,117,1
0.1,0.1,3,27.3,3.1,40.6,5.5,106.5,-0.7,-56.7,22.4,0.9,185.3,153.2,14.1,7.6,104.9,86.7,23.4,48.4,27.9,62.4,1.5,0.1,65,"2,698",15.2,37.9,1
1,1.2,2,16,2.4,23.6,3.2,81.7,-0.4,-269.6,3.7,1.4,236.8,215.7,7.9,3.3,105.2,95.8,5.1,362.2,22.1,72.4,3.6,0,220,"12,766",16.2,6.3,1
0,0,-3.1,-11.3,-3.7,-11.1,-3.2,-54.6,4.8,154.4,54.1,6.4,154.2,154.3,9.2,6,65.5,65.5,8,122.2,17.8,74.5,6.1,0.2,-37,970,32.1,12.3,3
0,0,27.5,36.4,33.4,247.1,9.9,21.5,49.7,402.4,26.8,0,713.5,439.1,11.8,1.7,19.2,11.8,60.8,"7,695.50",71.8,5.5,1.2,0,124,479,91.9,"1,104.80",2
0,0,-0.3,-0.9,-0.3,-0.7,2.4,58.5,0.9,91,25.3,1.5,167,155.5,9.7,5.8,91.1,84.9,13.2,97,18.6,62.3,16.4,0,-4,"1,350",37.8,22.2,3
0,0,30.4,34.7,37.3,66,11.9,23.1,48,333.7,27.9,0,-,416.7,11.9,0,19.9,0,54.2,"1,558.30",54.4,0,4,-,27,91,104.4,-,2
14,14.4,2,18.6,2.4,141.8,3.6,79,0.7,47.2,32.5,0.7,191.1,153.8,8.2,4.3,92,74.1,26,42.1,16.6,68.7,3.8,28,4,244,15.2,30.5,2
9.9,9.8,1.4,16,1.5,298,2.2,62.2,1,64.4,42.4,0.5,151,131.1,7.6,5,88.7,77.1,23.3,39.8,16.1,66.6,4.2,20.1,4,315,14.2,27.5,3
8.7,8.9,1.5,17.5,1.7,148.9,2.4,54.1,1.2,73.8,37.2,1,167.2,143.3,7.9,4.7,86.8,74.4,21.3,38.5,11.9,68,4.9,26.1,4,292,15.5,25.6,2
0,0,4.1,4.6,5.1,2.7,13.2,94.7,0.7,8.4,63,0,"4,784.70",156.9,13.5,0.3,94.8,3.1,94.8,"20,300.00",0,0,16.2,-,2,51,207.8,"43,709.00",3
10.2,9.2,2.1,17,2.4,151,2.8,63.7,1.1,76.8,33,0.7,184,155,7.3,4,86.6,72.9,29.8,56.5,21.9,60.3,4,22.9,8,395,17,36.8,2
0.5,0.5,1.1,9.5,1.3,26,2.5,56,1.2,51.4,49.3,1,152.4,126.4,9.9,6.5,89.5,74.3,22,36.6,5.6,72.7,5.2,2.1,1,135,14.2,26.2,3
0.6,0.7,0.9,12.1,1,17.7,2.3,59,0.7,36.9,46.7,1.1,153.3,126.4,9.2,6,93.3,76.9,26.3,55.7,10.6,72,3.5,6,2,251,16.1,32.9,3
1,1,0.4,4.4,0.4,9.9,2.7,51.9,1.1,35,61.9,1.5,180.1,123.9,9,5,89.1,61.3,23.6,37.9,9.2,65.9,7.8,5.7,0,115,15.4,27.4,3
0.1,0.1,0.3,2.4,0.3,2.7,3.7,89.9,0,1.4,82.9,0.4,199.9,109.4,8.2,4.1,99.4,54.4,17.7,27.2,0.6,77.9,6,0.6,0,131,14.8,20.8,3
2.8,3.1,1.3,12.7,1.5,48.5,3.7,69.5,0.7,25,53.3,0.9,197.5,132.8,9.2,4.7,92.9,62.5,22.8,36.6,7.7,73.8,3.4,24.9,2,170,16.1,28.1,3
11.7,11.6,1.6,13.4,1.8,118,3.1,68,0.9,45.6,44.6,0.7,191.4,142,7.6,4,89.1,66.1,24.9,44.3,16.4,66.3,6.8,23.5,4,266,16.7,31.3,2
9.6,9.4,1.3,12.9,1.5,83.1,2.2,51,1.2,62.7,43.6,1.1,175.7,140.4,7.2,4.1,86.1,68.8,24.8,44.5,14.5,65.5,6.3,26.5,4,344,14.5,31.6,3
0.1,0.1,2.4,10.3,3.3,14.6,4.2,80.1,1,54.2,35.6,0.1,180.6,147.5,9.4,5.2,90.3,73.7,25.1,"1,099.60",33.1,39.4,3.7,0.3,67,"2,628",70.7,703.8,2
0.6,0.6,0.4,4.6,0.4,6.7,1.7,60.3,0.4,24.1,51.4,1,155.5,123.3,7.1,4.5,95.2,75.4,24.1,52.5,13.6,67.9,4.4,1.4,1,365,18.1,29.6,3
0.2,0.1,1.6,11.3,2,18.2,2.9,63.4,1.3,77.3,35.6,1,399.1,207.6,4.4,1.1,77.8,40.5,49,98.9,14.8,39.2,4.6,0,11,723,18.2,59.1,2
0.5,0.6,0.7,8.4,0.8,9.3,2.3,75.5,0.4,21,59.5,0.5,144.2,115.7,8.6,6,95.8,76.9,15.5,39.1,5.1,78.9,4.5,4.3,3,391,19.6,19.5,3
0.3,0.2,3.2,19.6,3.9,792.6,7.9,102,-0.2,-5.2,48,0.1,251.3,144.9,13.2,5.3,101.5,58.5,45.2,60.3,17.9,52.8,1.5,0,38,"1,212",19.2,56.8,2
3.9,3.7,1.7,16.1,1.8,56.7,2.9,57.9,0.9,40.3,47.4,1.6,184.7,136.9,8.7,4.7,90.2,66.8,24.1,41.9,10.6,62.9,9.7,28.9,3,174,19.5,30.9,3
0.1,0.1,1.7,10.9,2.3,41.5,6.4,104.5,-0.3,-7.2,62.3,0,455.9,141.1,8.2,1.8,103.5,32,42.2,93,14.5,56.4,0.2,0,56,"3,042",21.5,52.9,2
0.8,0.7,1.3,12.8,0.7,47.3,4.3,69.1,0.6,14.5,66.2,1.4,255.4,127.1,9.2,3.6,93.9,46.8,33.9,54.3,9.4,61.8,4.6,27.3,4,300,17.6,44,2
0.4,0.4,0.4,5,0.6,4.9,2.7,91.8,0.2,9.9,55.6,0.7,191.5,128,5.7,3,97.3,65,35.3,82.5,19.3,59.2,1.7,11.1,1,293,14.4,39.6,3
1.7,1.9,1.6,15.6,2,24.2,4.1,68,1,34.6,47,1.2,218.7,145.1,9.4,4.3,90.5,60,22.1,41.2,7.4,72.7,4.4,32.3,3,203,19.9,28.1,3
100,100,0.9,12.8,1.1,15.3,3.1,168.8,-1.3,-192.9,35.7,0.1,463.1,178.3,4,0.9,147,56.6,30.8,72.1,0.2,68.9,0.2,0,81,"9,731",14,33.6,2
1.1,1.1,0.9,8.9,1.2,9.7,3.2,70.5,0.4,18.1,49.4,1.1,164.4,126.5,10.5,6.4,96.3,74.1,27.9,48.7,8.8,68.4,4.4,11.5,7,704,20.3,34.3,3
100,100,1.4,14.4,1.6,47.9,3.7,73.5,0.5,20.2,47.5,1,207,139.8,8.7,4.2,94.8,64,22.4,41.9,16.7,65.7,6,32,3,217,15,28.7,3
0,0.1,5,8.1,5.7,9.5,7.9,93.5,0.5,21.6,29.9,0.2,"5,142.90",320.6,8,0.2,93.6,5.8,22.8,330.8,0.7,76.5,0.3,0,65,"1,418",56.1,58.5,2
0.2,0.1,-0.8,-5.5,-1.2,-6.2,1.2,23.6,1.9,47.4,82.2,2.1,136.4,107.1,11.3,8.3,85.5,67.1,36.1,59,17.4,59.9,7.9,0.2,-1,148,14.1,43.7,4
10.5,10.1,2.1,16.5,2.5,151,4,74.7,0.8,42.2,37.8,1,219.2,157.4,8.2,3.7,90.6,65.1,22.5,40.8,15.7,64.5,5.2,31.5,7,344,18.7,28.4,2
0,0,6.9,19.9,6.5,26.4,4.3,52.9,3.8,284.8,16.4,0.2,"1,487.80",513.9,4.6,0.3,55.1,19,98.1,142,37.2,0.8,1.7,5.8,18,338,62.8,140.3,1
0,0,3.6,10.7,4.5,22.1,5.6,77.6,1.6,60.2,37.3,0,460.6,206.7,7.2,1.6,81.5,36.6,71,180.6,0,27.8,2,3.5,7,182,40.2,117.1,2
0.3,0.4,1.3,11.7,1.4,15.8,1.9,97.4,0.1,24.3,10.7,0.4,"1,621.90",620.8,2,0.1,97.5,37.3,18.2,29.6,0,79.5,0,0,107,"10,588",23.8,20.3,1
0,0,6.7,7.5,8,32.2,16.6,87.2,2.4,22.3,57.1,0.2,651.7,158.7,19.6,3,89,21.7,98,981,30.7,0,0.8,-,32,512,107.1,"1,002.80",3
0,0,0.3,1.5,0.6,0.7,1.8,31,3.9,77.4,89.2,0,453.1,111,2.3,0.5,36.6,9,23.4,"1,452.10",21.4,49.4,0.6,0,1,478,32.5,28.2,3
0.8,1.1,4.2,6.5,4.9,7.5,5.8,78.6,1.6,76,28.2,0.4,"4,895.00",340.7,5.9,0.1,78.9,5.5,7.1,45.4,0,89.7,0.6,0.1,52,"1,315",47.8,22.9,2
2.8,3.9,0.7,10.4,0.7,11.8,1.1,102.6,-0.1,-25.1,31.3,0.1,182.8,142.5,2.6,1.4,103.4,80.6,4.2,54.4,0.4,94,0.4,0,52,"7,761",13.6,4.6,2
0.3,0.3,1.6,12.6,1.8,25.7,2.8,86.4,0.2,17.4,30.6,0.4,392.3,210.1,4.2,1.1,96,51.4,21.4,"2,335.50",2.9,77.1,2.6,0.1,128,"8,983",16.7,25.3,2
0.4,0.3,1.7,15.6,2.1,17.2,4.7,64.1,2.1,67.2,43.2,2,213.2,153.6,9.8,4.6,82.1,59.2,27.2,55.7,13.9,62.2,8.2,29.7,22,"1,388",13.4,33.7,3
0,0,6.2,7.6,7.6,15.6,10.8,95.1,0.6,15.8,31.1,0.2,"11,988.60",316.1,10.9,0.1,95.1,2.5,19,128.3,4,80.4,1.9,0,9,155,52.8,129.9,3
0,0,9,20.6,10.6,51.1,12.6,89.7,1.4,44.3,23.1,0.2,658.6,296.3,14.9,2.3,91.2,41,5.8,27,0.1,75.1,19.4,0.1,26,298,15.1,11.2,1
0.3,0,3,24.1,3.3,46.1,3,68,1.4,143.8,22.3,0.2,471.8,291.8,3.8,0.8,72.9,45.1,96.4,110.7,0.4,1.9,1.1,0,276,"10,564",15.2,320.4,1
0.1,0.1,4,30.3,4.2,46,5.9,91.1,0.4,18.9,31.8,0.2,204.3,156,11.9,5.8,96.8,73.9,28.1,97.3,8.1,62.4,0.4,0,57,"1,700",18,43.3,2
0.9,1.1,2.3,18.4,2.5,24.8,3.6,97.5,0.1,16.4,12.5,0.7,232.1,201,6.3,2.7,98.8,85.6,14.8,408.9,17.1,76.9,1.9,0,199,"9,637",17,18.4,1
0,0,0.3,1.5,0.4,1.5,3,76.2,0.8,24.3,85.7,0.1,167.5,107,7.7,4.6,90.4,57.8,27.5,337.2,5.8,64.5,5.1,0.3,5,"1,423",26.2,38.2,3
0,0,24.9,36.4,21.5,144.1,4.8,11.3,37.5,181.4,48.9,0.1,333.9,195.1,6.8,2,15.4,9,77.6,381.9,30.2,4.6,0.6,0,72,418,102.2,364.8,3
0,0,2.3,6.3,2.3,6.3,3,67.4,0.9,48.8,40.5,0.8,186.7,144.7,7.8,4.2,89.7,69.5,19.8,89,2.9,75.7,0.2,0,16,897,31.4,29.3,2
0,0,8.7,9.7,11.5,17.8,8.2,24.1,25.8,115,66,0,-,151.4,8.2,0,24.1,0,70.3,"29,439.00",0,0,10.1,-,7,84,104.1,-,3
13.8,13.6,1.991015297,18.80892778,2.395209723,128.9494118,3.3,67.9,0.9,61.6,30.8,0.9,204.5,163.9,7.6,3.7,89.3,71.6,28.9,46.1,19.3,65,4.1,26.9,4,197,14.5,33.8,2
8.9,9.2,1.2,12.6,1.4,204.7,2.5,62.5,1,61.2,41.5,0.9,169.6,139.4,7.3,4.3,87.8,72.1,20.3,34.9,14.5,68.4,4.6,20,3,240,13.1,23.3,3
8.2,8.6,1.4,15,1.6,108.1,2.4,53.1,1.2,65.5,40.5,1.1,172.6,142,7.8,4.5,86.8,71.4,22.4,42.4,13,69.5,5.3,27.8,3,230,14.2,27.1,3
0,0,3.1,3.6,3.6,2.1,11,92.3,0.9,10.9,69.5,0,"3,334.20",142.2,11.3,0.3,92.7,4,95,812,0,0,15.3,-,2,55,206.8,826.8,3
10.4,9.4,1.8,15.8,2.1,113.2,2.3,50.5,1.6,99.2,35.1,0.8,178.9,155.1,6.6,3.7,80.9,70.2,31.4,62.1,21.8,59.7,2.6,24.8,5,322,14.3,37.9,2
0.5,0.5,1.5,12.2,1.8,29.2,3.1,59,1.4,58.8,46.1,1,172.5,136.7,9,5.2,86.5,68.5,24.3,40.9,7.2,70.6,5.2,2.8,2,117,13.8,29.2,3
0.6,0.7,0.9,9.9,1,12.2,2.5,59.2,0.9,46.7,45.2,1.3,165.4,133,8.4,5.1,90.4,72.7,23.7,48.3,9,74.3,2.7,5,2,211,13.5,28.5,3
0.9,1,0.5,4.9,0.6,10.8,2.5,38.1,2,53,57,2.2,176.4,129,10.5,6,84.2,61.6,13.4,25,11.3,73.9,10,7.7,0,87,13.1,15.8,3
0.1,0.1,0.4,2.7,0.4,3,3,69.8,0.8,24.1,73.9,0.7,212.6,117.7,6.6,3.1,89.7,49.7,27.1,43.1,3.5,68.3,4.3,0.7,0,116,16.7,32,3
3.1,3.3,1.2,12.8,1.5,42.7,3,51.1,1.5,50.9,50.5,1.4,191.2,137.5,9,4.7,85.8,61.7,25.9,42.5,7.4,70.7,3.4,27.5,2,155,14.4,31.8,3
12,11.9,1.6,13.8,1.8,104.5,2.8,59.5,1.3,61.8,43.8,0.8,194.3,146.4,7.2,3.7,84.7,63.8,26.5,47.4,17.1,65.5,6.5,24.6,3,227,15.2,32.9,2
9.7,10.1,1.2,11.9,1.4,67.5,2.2,50,1.4,68,45.8,1.1,174.8,139.3,7.1,4,83.8,66.8,21.8,39.7,13.1,68.3,7,27.2,3,270,14.2,27.9,3
0.1,0.1,2.9,13.9,3.8,19.2,3.9,73.3,1.3,101,24.9,0.2,150,143,11.8,7.9,89.9,85.8,26.9,270.5,30,41.1,3.5,0.3,88,"2,937",64.3,177.4,2
0.6,0.6,0.1,0.8,0,0.9,0.9,23,1.6,71.5,60.9,1.4,148.9,122.2,6.4,4.3,79.8,65.5,31.9,78,14.5,64.2,4.8,2,0,311,18.3,39.5,3
0.2,0.1,1.4,9.9,1.6,14,2.9,71.6,1,66.2,38.2,0.9,508.9,209.3,3.8,0.7,78.6,32.3,59.9,120.8,19.7,29.5,2.5,0,9,692,18.8,70.7,2
0.5,0.6,0.6,6.8,0.7,8,2.2,71.4,0.4,20.7,63.2,0.5,147.4,114.9,8.3,5.7,95.4,74.4,16,34.9,7.2,77.9,4.5,2.4,1,280,17.7,20.1,3
0.3,0.2,2.4,15.5,3.2,585.1,3.7,50.7,3.5,89.9,52.1,0.3,197.9,145,7.9,4,69.6,51,52.2,66.6,11.8,46.4,1.3,0,25,"1,024",18.2,66.2,2
4,3.6,1.5,15,1.6,42.5,2.8,54.2,1.2,47.7,49.1,1.7,194.6,139.1,8.1,4.2,87.1,62.2,27.9,48.8,12.6,59.9,8.9,29.2,2,149,17.5,35.8,3
0.1,0.1,2.2,13.5,2.5,51.3,4,71.4,1.6,54.5,52.4,0.2,290.3,152.9,6.1,2.1,79.2,41.7,56.7,99,34.8,41.5,0.3,0,69,"3,371",21.6,68.7,2
0.9,0.8,-1.3,-14.4,-1.4,-54.7,1.7,24.6,2.8,57,73.2,3.2,188.9,119.3,8.3,4.4,74.8,47.2,38.2,63.7,9.5,58.1,6.9,38.6,-4,271,20.4,51.6,3
0.3,0.3,0.2,2.3,0.3,3.3,2.3,77,0.4,17.2,73.5,0.5,186.2,115.2,5.6,3,93.7,58,34.7,72,21,61.7,2.1,12.8,0,187,19.8,38,3
1.9,2,1.2,12,1.4,16.4,3.4,60.3,1.2,39.4,53.6,1.2,212.4,137.5,8.5,4,87.6,56.7,24.1,47.4,10,70.1,3.9,34,2,185,17.7,30.4,3
100,100,0.6,7.2,0.6,7.8,2.3,166.3,-0.9,-126.9,52.3,0.1,556.1,153.8,2.8,0.5,148.6,41.1,39.1,75.6,1.4,60.3,0.3,0,41,"8,688",12.9,42.3,3
1.5,1.5,0.6,8.4,0.7,6.1,2.3,60,0.8,45.8,45.2,1.4,171.7,135.2,7.2,4.2,90.2,71,27.6,53.5,4.6,69.1,2.5,10.5,4,766,15,32.1,3
100,100,1.3,12.6,1.5,38.2,3.1,55.8,1.1,39.1,50,1.3,206.8,139.9,8.6,4.2,88.8,60.1,24.4,47.3,18.9,62,6.7,35,2,161,14.5,32.8,3
0,0,3.9,5.4,4.3,6,7,92.6,0.6,18.4,40.4,0.2,"12,669.50",244.8,7,0.1,92.6,1.8,37,"5,049.80",11.5,62.2,0.5,0,41,"1,196",69.8,107.1,3
0.2,0.2,0.2,1.8,0.3,2.1,2.4,52.4,1.3,40.7,70.7,1.1,153.2,114.3,9.5,6.2,87.7,65.4,33.5,60.2,13.2,63.1,4.6,0.2,0,174,16,40,3
10.9,10.8,1.9,15.2,2.2,120.7,3.1,58.9,1.3,61,41.3,1,213,154.7,7.4,3.5,84.9,61.6,21.1,39.6,16.8,65.5,5.2,31.6,5,294,16.2,26.3,2
0,0,6.5,12.7,6.7,14.2,5.2,58.8,3.6,193.7,21.1,0.3,"5,403.30",454.4,5.3,0.1,59.5,5,96.6,190.3,44.2,1.5,3,3.8,9,175,80.2,184.4,1
0,0,3.1,8.5,3.4,15.9,4.5,69.9,1.9,67.3,44.7,0.2,678.6,197.5,5.3,0.8,73.2,21.3,71.3,126.1,4.4,27.6,2,0.6,5,189,46,110.2,2
0.2,0.3,1.9,11.9,2.1,14.3,2.3,85.8,0.4,126.8,11.2,0.2,983.8,524.8,2.6,0.3,87.1,46.4,16.7,68.3,0,80.4,0,0,97,"5,792",15.1,19.9,1
0,0,6.8,8,9.1,31.6,6.5,34.5,12.4,129,50.8,0.3,716.2,187.2,7.6,1.1,37.9,9.9,96.9,"2,803.70",4.4,0,0.9,-,32,445,112.5,"2,855.20",3
0,0,-9.9,-45,0.5,-28,2.4,26.4,6.8,79.4,92.7,0.2,230.2,106.5,4.3,1.9,38.8,17.9,52.5,370.7,34.5,4.8,0.9,0,-38,294,21.2,74,3
0.8,0.9,4.1,6.2,5.1,7,5.5,74.4,1.9,90,28.5,0.3,"214,461.60",350.7,5.5,0,74.4,0.1,21.7,130.5,0,74.3,0.6,0.2,43,"1,150",49.6,67.1,2
2.6,3.6,0.7,8.4,0.6,11.4,1.2,125,-0.3,-79.6,33.8,0,209.6,144.2,2.4,1.1,112.5,77.4,5,646.9,1,90.2,0.4,0,140,"22,759",13.4,5.7,3
0.3,0.3,1.2,9.6,1.3,44.5,2.3,81.8,0.4,37.3,42.6,0.3,406.9,182,3.1,0.8,87.5,39.2,20.9,"2,802.40",3,77,3.2,0.1,71,"7,043",13.4,25.3,3
0.4,0.3,1.3,11.1,1.5,11.9,3.5,65.8,1.6,47.3,61.8,0.5,181.8,125.7,8.4,4.6,84.3,58.3,29.1,70.8,11.9,61.7,7.2,28.3,16,"1,363",12.7,36.5,3
0,0,7,8.4,8.3,16.1,10.5,87.3,1.5,44,28.9,0.2,"6,792.20",335.1,10.6,0.2,87.4,4.3,21,118.9,4.7,78.8,1.7,0,10,148,51.9,120,2
0,0,5.3,14.8,7.1,30.7,9.5,85.4,1,29.5,30.7,0.7,577.4,239.4,12.3,2.1,92.4,38.3,8.2,28.5,0.6,68.3,23.7,0.1,15,268,15.3,14.9,2
0.3,0,2.8,21.6,3.3,35.3,3,66.4,1.5,141.3,23.8,0.2,580.3,302.9,3.7,0.6,70.5,36.8,96.7,112.8,0.6,1.2,1.3,0,212,"8,006",22.8,316.7,1
0,0,3.9,26.4,3.9,82.2,7.1,107.3,-0.5,-23.1,31.8,0.5,247.7,165.2,11.9,4.8,104.3,69.6,22.9,100.3,4.1,62.2,0.3,0.6,37,"1,174",17.3,38.3,2
0.9,1,2.1,17.6,2.5,23.2,3.2,100.4,0,-4,15,0.3,229.7,191.9,5.7,2.5,100.3,83.8,18.9,411.3,20.1,72.2,1.9,0,159,"8,001",14.3,22.5,2
0.1,0.1,0.8,4.3,1.5,4.3,2.6,45.1,2.3,69.1,58.7,0.8,189.1,132.9,7.2,3.8,75.7,53.2,17.6,348.3,4.6,74.8,5.4,5.5,14,"1,681",17.9,22.9,3
0,0,-4.6,-7,-6.8,-17.3,4.4,19.8,18,61.5,130.5,0,168.1,80.9,10.9,6.5,37.8,18.2,72.8,"10,701.40",22.4,11.1,5.6,0,-9,159,80,641.3,3
0,0,3.4,5.9,3.5,5.5,2.7,58.1,1.2,61,42,1,190.7,146.8,7.3,3.8,85.9,66.1,19.5,93.6,4.1,79.1,0.3,0,14,510,53.8,40,2
0,0,7.4,8.3,9.5,14.7,6.5,21,24.5,113.9,69.3,0,-,144.2,6.5,0,21,0,70.8,"13,669.10",0,0,10.8,-,6,81,108.2,-,3
13.5,12.8,1.875731777,17.18347967,2.168617898,103.2494,3.2,73,0.9,51.6,39.5,0.5,191.1,147.7,7.3,3.8,89.1,68.9,31.6,51.2,21.4,61.7,3.7,26.9,3,167,15.1,36.8,2
8.4,8.7,1.3,12.9,1.5,185.2,2.6,63,1.1,56.9,45.6,0.7,170.8,136.2,7.3,4.3,87.3,69.6,19.9,37.6,15,67.5,4.8,21.1,2,198,13.8,23.1,3
8.2,8.5,1.1,12.2,1.4,77.2,2.4,58.5,1.2,59,47.4,0.8,167.4,134.1,7.5,4.5,86.5,69.3,24.3,44.4,13.8,67.7,5.1,29.6,2,199,14.5,29.2,3
0,0,3.1,3.7,3.7,2.1,11,94.7,0.6,7.6,67.8,0,"3,197.40",145.5,11.3,0.4,95,4.3,94.1,775.6,0,0,16,-,2,53,211.3,791.1,3
10.5,9.7,1.4,11.6,1.6,74.9,2.4,53.8,1.3,71.8,40.7,1,192.8,150.7,6.5,3.4,83.4,65.2,33,61.3,23.6,60.4,2.5,27.9,3,260,14.6,39.4,2
0.5,0.5,1.4,11.1,1.6,24,3,61.4,1.1,44.9,50.4,0.9,177.9,133.1,8.7,4.9,88.6,66.3,33.3,62.4,13.8,62.1,5.5,4.5,1,103,14.5,40.1,3
0.5,0.6,0.8,10.1,1,9.6,2.9,72.7,0.5,23.4,53.2,0.9,180.4,128.9,8,4.4,94.1,67.2,20.3,44.8,6.5,77,3.2,5.6,1,167,13.6,23.9,3
1.1,1.1,0.5,4.2,0.3,8.9,2.9,51.8,1.3,36.7,62.3,1.8,186.1,124.8,9.4,5,88,59,19.5,35,12.9,68.5,9,9.8,0,81,13.7,23.4,3
0.1,0.1,0.3,2,0.4,2.2,3.7,81.3,0.5,14.2,83.8,0.4,199.4,109.4,8.1,4.1,93.7,51.4,25.3,67.2,5.3,67,5.9,0.9,0,93,19.9,31.1,3
3.2,3.6,1.3,13.7,1.1,40,3.2,60,1.1,36.4,55.5,1.3,197.7,132.5,8.6,4.4,88.9,59.5,22.3,37.7,7.3,73.9,3,28.2,2,135,13.9,27.4,3
12.3,12.2,1.2,10.1,1.4,68.5,2.7,62.2,1.2,50.3,52,0.7,188,135.3,7,3.7,85.8,61.8,27.4,53.1,16.7,64.5,6.4,26.1,2,200,15.6,34.1,3
9.9,10.2,0.9,8.8,1.1,42.8,2.4,55.4,1.1,52.2,51.4,1.1,181,134.3,6.9,3.8,85.9,63.7,24.1,46.5,14.5,67.5,6.6,29.4,2,220,13.8,30.8,3
0.1,0.1,0.8,3.5,1,4.6,2.4,84.7,0.3,30.6,39.2,0.7,167.2,135.8,6.2,3.7,94.8,77,25,89.9,28.5,44.6,3.4,0.2,21,"3,069",61,90,3
0.6,0.6,0.5,6.1,0.6,9.6,2.6,49.5,1.5,46.8,58.3,1.6,191.5,130.2,8.1,4.3,84.8,57.7,25.5,64.9,6.4,71.1,5.3,2.8,1,223,15.5,30.8,3
0.2,0.1,1.8,12.4,2.2,15.9,2.5,62,1.4,81.7,42.1,0.2,458.6,195.8,3.4,0.7,70.9,30.3,56.5,116.5,12.2,33.8,2.6,0.1,10,575,18.6,67.8,2
0.5,0.6,0.5,5.4,0.6,5.8,2.4,67,0.6,25.4,62.9,0.8,160.7,118.4,7.9,4.9,93.3,68.8,19,42,7.3,76.7,5.1,1.7,1,191,16,22.9,3
0.4,0.3,2.2,14.1,2.6,507.4,5.3,85.7,0.8,25.1,54.9,0.1,250.8,140.2,8.8,3.5,91.2,51,50.8,64.4,13.4,44.1,1.1,0,21,"1,046",17.6,62.2,2
8.1,9.9,2.1,17.9,17.9,2.7,31.2,3.4,39.5,3.3,91.4,41.4,2.4,207.5,159.1,10.4,5,76.1,58.3,14.3,23.4,22.1,58.6,10.5,37.5,2,17.8,19.7,2
0.1,0,6.6,8.4,8.4,8.8,11.8,4.1,27.1,10.4,258.6,26.6,2.3,"8,075.30",371.6,4.7,0.1,31.4,1.4,85.5,809,45.6,1.5,14.4,7.2,55,45,"2,197.40",3
0.5,0.7,1.7,15.2,15.2,2.1,20.5,4.6,56.2,1.5,52.5,36.2,3.1,203.2,155.6,13,6.4,89.4,68.4,8.6,15.8,14.2,75.1,7.3,0.2,1,12.8,10.3,2
0.1,0.1,2.8,9.3,9.3,3.3,10.4,5.2,79.3,1.4,46,45,0.4,526.6,186.6,6.5,1.2,82.5,29.2,31.7,79.7,47.6,36.2,6.6,0.1,4,31.6,46,3
0.5,0.3,0.6,6.2,6.2,0.7,5.8,1.3,29,1.9,77.5,53.2,1.4,131.7,119.6,11.2,8.5,85.5,77.7,33.6,64.7,40.4,32.8,8.7,1.8,1,26,41.5,3
0.6,0.5,1.5,9.2,9.2,2,225,3.9,31.7,5,73.8,54.8,3.6,228.5,144.7,13.1,5.7,72.4,45.8,54.2,82.2,26.2,42.8,8.9,49.1,2,19.9,69.3,2
2.7,3.7,2.6,22.8,22.8,3.1,74.3,6,62.8,1.8,46,40.4,2.5,281.7,170,12,4.3,87.2,52.6,24.1,45.3,15.4,66.8,7.3,32.3,1,19,31.1,2
0.2,0,8.2,28.2,28.2,7,78.3,0.9,7.6,10.3,256.5,36,0.1,142.2,218.3,2.9,2,21.7,33.4,87.6,115.1,58,3.6,6.2,0.2,106,49.7,114.9,3
1.7,2.3,1.7,10.3,10.3,2.2,37.8,5.2,43.3,3.4,52.9,53.6,3.4,270.4,148.5,13.7,5.1,80,44,31.6,52.9,14.1,63.2,10.1,54,1,17.3,42,2
0.3,0.4,0.5,2.8,2.8,0.8,3.1,3.7,45.8,2.1,44.2,58.7,2.6,205.2,132,11.7,5.7,84.8,54.5,20.1,39.6,10.7,73.9,8.5,13,0,20.8,26.8,2
1.9,2.9,1.2,10.5,10.5,1.8,10.7,6.8,92.3,-0.5,-11.8,58,1.3,228.7,129.8,13.9,6.1,103.7,58.9,24.2,40,15.9,72.2,4.7,35.9,1,15.6,29.8,1
100,100,2.3,20.1,20.1,2,41.3,5.2,60.2,1.1,27,45.6,2.7,236.8,149.6,13.2,5.6,92.5,58.5,36.1,66,26,59.8,7.3,66.7,1,18,47.4,1
0.1,0.2,0.2,1.1,1.1,0.3,1.4,4.2,53.3,2.2,39.3,71.4,2,205.9,120.6,11,5.3,83.3,48.8,31,53.5,15.6,63.1,4.3,1.2,0,19.3,39.8,3
13.2,13.1,3,26,26,3.6,70.5,3.7,48.6,2.7,112.1,32.3,1.5,194.8,168,9.9,5.1,78.4,67.6,42.9,66.4,34.5,47.2,4.3,33.8,4,21.2,52.4,2
0,0.1,5.1,28.4,28.4,5.8,34.1,4,55.6,3.2,228.4,19.5,0,262.4,250.1,6.5,2.5,66.9,63.8,40.1,103.5,7.6,57.5,2.3,0.1,6,49.1,108.1,3
0,0,4.4,9,9,5.9,11.3,7.6,79.6,1.3,44.4,31.3,0.7,687.3,249.3,9.6,1.4,87.9,31.9,80.6,243,14,17.6,8.1,3.2,3,94.3,185.7,3
0,0,10.2,14.2,14.2,14.4,22.6,14.3,46.1,16.7,107.9,50,1.1,"1,337.50",193.2,15.4,1.2,48,6.9,94.9,"1,484.10",40.3,0,1.5,-,23,116.4,"2,344.10",3
0,0,-3.9,-53.3,-53.3,-4.4,-24.3,8.4,133.1,-3.4,-36.8,146.5,1.5,348.4,77.7,13.6,3.9,133.3,29.7,52.5,87.9,30.5,43.5,4.7,44.7,-1,10.2,58,3
1,1.6,4.6,6,6,5.9,7.4,7.2,88,1,42.8,28,0,"58,059,400.00",357.4,7.2,0,88,0,20.2,158,0,77.1,1.5,0.2,18,66.4,111.4,3
0.8,1,6,10.4,10.4,5.3,17.1,5.2,74.2,1.1,118.6,12.8,0.9,863.4,464.9,6.8,0.8,86.3,46.5,34.5,"12,739.00",7.5,60.2,1.7,0.1,171,125.7,123,3
0.2,0.2,2.2,5.2,5.2,2.4,16,4.1,54.4,2.7,65.7,55.4,0.9,379.6,157,6.5,1.7,70.3,29.1,25.2,"2,877.80",16.2,62.3,12.1,0.6,26,70,43.5,3
0.1,0.1,2.2,5.7,5.7,2,6,5.4,66.3,2.5,46.2,66.6,0.7,511.3,140,7,1.4,73.7,20.2,40.1,102.6,21.7,51.5,6.6,0.2,2,21.3,62.6,3
0,0,6,8.9,8.9,9.2,11.5,10.7,84.5,2,62.9,24.6,0.4,"3,802.20",380.4,11,0.3,84.9,8.5,1.8,1.8,2.8,90.5,0.4,0,7,55.4,17.5,3
0,0,3,4.2,4.2,2.9,5.3,5.2,33.8,3.8,67.6,37,6.7,962.8,237.7,12.8,1.3,77,19,13.5,59.1,12.1,76.3,20.2,0.3,3,42.8,40.5,3
0.2,0,2.6,13.6,13.6,3.1,62.5,2.5,50.5,2.4,138.2,35.6,0.1,340.2,213.4,3.5,1,59.3,37.2,93.3,120.9,5.3,0.5,1.2,0,38,51.8,"1,543.70",3
0,0,1.5,4.6,4.6,1.7,5.2,4.3,63.1,2.1,46.7,65.6,0.6,252.4,131,7.9,3.1,79,41,36.1,130.6,14,54.1,13.9,0.3,1,24.7,54.6,3
0.9,1,2.7,19.5,19.5,3,29.1,3.7,82.4,0.8,96.8,17.9,0.6,204.6,184.7,7.2,3.5,90.3,81.6,34,164.7,35.8,55.3,4.2,0,44,24.9,41.8,2
0.2,0.3,1.6,5.8,5.8,2.1,7.9,4.9,70.9,1.5,48,45.9,1.6,237,152.7,9.3,3.9,86,55.4,12.3,124,7.6,75.5,11.9,20.3,7,29,17.8,2
0,0,5.2,17.5,17.5,4.8,15.3,5.9,35.5,10.6,92,70.1,0.2,496,137.8,7.3,1.5,40.8,11.3,76.9,134.7,10,0,2.7,-,8,72.1,118.2,3
0,0,-13.3,-17.4,-17.4,-12.3,-11.4,4.1,56.7,2,73.6,37.2,1.5,200.1,157.2,10.5,5.2,84.1,66.1,7.3,317.1,1.1,0.6,91.7,0,-3,60.2,607.2,3
0,0,14.1,20.3,20.3,17.9,23.8,5.6,15.2,31.3,164.8,51.5,0,"1,318.60",192,6.1,0.5,16.2,2.4,80.1,"1,187.20",0,0.1,15.6,0,10,19.8,-,3
14.8,8.4,2.3,29.3,29.3,2.6,85.4,3.7,77.4,0.8,51.2,34.6,0.5,144.3,129.7,12.8,8.9,93.8,84.3,21.9,30.7,56,29.5,2,43.1,2,20.1,24.3,2
7.2,7,2.2,23.5,23.5,2.5,81.5,3.7,69.6,1.1,57.7,37.1,0.9,145.6,130,13.3,9.1,92.1,82.3,14.9,24.1,35.9,50.6,5.2,21.2,2,14.5,16.7,2
7.4,8.3,1.6,13.8,13.8,1.8,30.1,3,55.3,1.7,67.8,46,1.2,144.5,126.9,12.3,8.5,87.8,77.1,30.4,64.4,22,58.4,5.8,28.3,1,14.3,35.6,2
0,0,5.7,6.8,6.8,5.6,3.5,13.6,94.7,0.8,9.5,55.2,0.9,"1,167.10",169.9,14.9,1.3,95.2,13.9,93.2,719.8,78,0,49.4,-,3,186.4,684.3,2
12.1,12.1,2.2,15.6,15.6,2.4,56.8,2.9,46.1,2.2,87.2,40.5,1.3,156.1,138.2,11.3,7.3,83.6,74,21.4,33.2,31.6,51.8,3.4,32.4,2,18.2,25.6,2
0.5,0.5,2.7,19.8,19.8,3.2,21.2,5.8,74.3,1.5,37.6,50.8,0.7,183.1,133.2,14,7.6,90.3,65.7,17.8,31.2,21.7,57.9,4,24.4,1,18.5,22,2
0.2,0.2,0.2,2.3,2.3,0.1,1.4,3.9,85.3,0.6,13.4,91.6,0.3,173.7,104,9.4,5.4,94.4,56.5,22.7,48.4,3.2,73.3,1.7,64.6,0,22.3,27.8,2
1.1,1.3,2,15.7,15.7,2.3,36.1,6.6,68,1.9,35.3,55,2.1,190.2,131.2,16.4,8.6,89.7,61.9,18.2,29,28.8,59.7,6.4,16.1,1,14.7,22.2,2
0.1,0.1,1.3,8.2,8.2,1.4,12.5,3,56.9,1.7,53.2,60.3,0.7,170.6,125.4,8.6,5,83.6,61.5,70.3,86.8,12.8,24.5,5.9,1.5,0,34.5,86.6,3
2.1,2.3,1.2,14.1,14.1,1.3,14.9,4.1,58.8,2.2,46.1,68.2,0.9,155.8,116.6,13.3,8.6,85.9,64.3,31.6,49.7,14.8,57.7,3.6,19.5,0,17.7,39.1,2
13.8,13,1.7,15.1,15.1,1.8,54.8,2.6,41.1,2.7,92.7,45.2,1.7,151.9,134.8,10.9,7.2,80.2,71.2,41.3,77.4,25.8,48.8,7.4,29.7,1,15.2,49.4,2
9,10.5,1.8,17.7,17.7,2.1,24,3.2,48,2.9,77.6,55.6,0.9,152.4,127.1,11,7.2,79.3,66.1,13.1,20.2,20.7,60.7,9.3,34.9,1,15.7,17.4,2
0.1,0,9.6,12.2,12.2,12.4,17.5,13.9,76.2,3.9,95.6,22.4,1.7,"17,746.60",439.3,14.4,0.1,78.7,1.9,85.1,766.3,13.5,1.9,16.2,3.2,80,65.1,"1,839.70",3
0.5,0.6,1.7,17.1,17.1,1.8,17.7,4,57.1,1.7,50.4,47.6,1.8,178.2,136.2,12,6.7,87.8,67.1,28.9,53.9,8.3,63.3,5,0.6,1,14.1,33.8,2
0.1,0.1,0.5,1.6,1.6,-0.2,1.1,5.3,134,-1.3,-42,81.1,0.9,360.8,114.3,7.3,2,122.5,38.8,31,85.8,41,40.7,6.9,0.1,1,34.1,49,2
0.5,0.3,0.4,4.5,4.5,0.4,5.4,1.7,51.3,1.1,47.1,67.5,0.6,120.9,108.2,13.1,10.9,92.6,82.9,35.1,68.9,51.1,31.4,6.9,1.5,0,17.9,40.5,3
0.8,0.7,1.7,11,11,1.9,241,5.7,52.5,3.1,47.7,59.5,2.5,225.1,134.7,13.9,6.2,82,49.1,51.7,78.2,19.6,46.1,5.6,50.9,1,17.9,65.9,2
2.7,3.5,1.6,15.9,15.9,1.7,38.8,5,75.4,1,26.7,53.8,1.4,186.4,130.3,12.3,6.6,92.8,64.8,24.5,43,15.3,66.4,5.3,32.7,1,17.2,31,1
0.1,0,4.7,10,10,6.3,25.1,2.8,17.9,12.7,138.7,59.2,0,123.8,130.3,14.4,11.7,53.2,56.1,57,135.9,36.8,20.1,20,0.1,34,40.7,125.4,3
2.1,2.7,1.8,11.6,11.6,2.1,38.3,6.4,62.2,2.3,36,61.1,1.9,211.1,129.6,15.2,7.2,87.1,53.5,29.5,51.8,7.6,66.2,6.2,56.5,1,15.4,37.5,2
0.4,0.4,0.4,3,3,0.5,3,4,63.5,0.8,19.5,68.6,1.5,161.2,114.9,14.3,8.9,94.5,67.3,26.9,50.8,13.3,54.4,6,15,0,17.9,32.8,2
2.3,3,1,9.7,9.7,1.1,10.6,4.6,82.3,0.6,17.3,65.1,0.8,158.1,116,13.4,8.5,95.5,70.1,27.5,45.4,19.3,66.9,3.2,33.5,0,13.8,33.8,1
100,100,1.5,13.3,13.3,1.9,24.2,4.7,58.9,1.6,37.5,52.1,1.9,185.3,132.7,14,7.5,89.9,64.4,17.1,32.6,19.9,67.3,5.4,50.4,1,16,22.2,2
0.1,0.2,0.1,0.5,0.5,0.1,0.5,4.6,69.9,1.5,26.2,87.8,0.7,172,106.3,12.1,7,88.9,54.9,31.6,67.4,10,58.3,3.4,1.1,0,21.9,41.2,2
12.6,13.6,2.2,21.4,21.4,2.4,41.7,3.1,52.4,2.4,82.3,48.2,0.6,151.3,131.2,10.5,7,81.8,70.9,31.9,47.3,28.9,56.1,3.7,32.7,2,16.1,38.2,2
0,0,5.1,29.1,29.1,5.4,44.9,3.1,45.1,3.8,266.3,20.6,0.1,205.4,225.2,6.1,3,61.6,67.6,41,119.3,7.3,55.4,2.8,0.3,5,51.6,137.3,3
0,0,6.9,13.1,13.1,6.9,14.8,7.8,82,1.7,70.5,25.5,0.1,438.5,249.7,10,2.3,85.5,48.7,72.1,208.8,16.6,25.8,4.7,0,4,86.8,136.9,3
0,0,10.1,15.2,15.2,10.9,21,19.1,86.8,2.9,26.1,50.5,0,753.7,177.5,22,2.9,88.3,20.8,97.2,278.4,79.1,0,1.5,-,21,121.8,282.1,2
0.1,0,-3.5,-60,-60,-3.3,-27.4,5.1,148.5,-1.7,-26.6,182.3,0.5,164.5,80.1,13,7.9,114.7,55.8,75,106.6,35.2,22.2,1.9,18.6,-1,23.2,83.3,2
1,1.5,4.8,6.3,6.3,6,7.9,7.8,93.6,0.5,22.6,28.1,0,"446,338.00",355.3,7.8,0,93.6,0.1,20,130.7,0,77.4,1.4,0.3,16,70.8,108.2,2
0.7,1.1,8.1,13.4,13.4,7.5,28,8.3,87.9,0.9,64.3,14.9,0.5,"1,003.90",441.7,9.5,0.9,91.3,40.2,13.6,"2,064.80",6.3,81,1.3,0.1,186,104.9,73.5,3
0.1,0.2,4,7.8,7.8,4.5,22.9,5.5,45,4.2,85.8,39.8,2.8,432.9,201,10.4,2.4,71.5,33.2,32.6,"3,474.20",13.8,57.5,11.9,0.8,18,79.2,67.1,3
0,0,0.9,1.4,1.4,0.5,1.4,6,66.3,3,37.1,90.2,0.4,575,109.4,7.3,1.3,70.6,13.4,42.6,332.5,20.3,46.8,7.2,0,1,35.6,122.8,3
0,0,6.5,11.7,11.7,6.4,11.8,6.4,72.7,2.4,112.8,24.2,0.3,"1,507.40",358.4,6.9,0.5,74.1,17.6,62.9,290,4.9,31,0.1,0,7,64.8,143.2,3
0,0,7.9,15.9,15.9,14.5,37.4,20.7,71.1,6.3,59.3,36.4,3.9,285.6,180.9,35,12.3,84.8,53.7,33.1,359.4,7.9,50.8,22.4,0.1,9,49.2,180.8,3
0.2,0,3.4,17.2,17.2,3.9,75.3,3.3,58.4,2.3,145.4,28.6,0.1,339.2,234.7,4.6,1.4,66.6,46.1,91.5,114.9,7.1,0.4,1.1,0,45,60.1,783.6,3
0,0,1.2,3.4,3.4,1.6,3.5,6.1,87.2,0.6,11.7,71.1,0.5,290.3,124.3,9.8,3.4,94.4,40.4,33.1,127.8,13.7,56.6,19.1,0.6,1,22.2,54.3,2
0.9,1,2.1,16,16,2.4,23.8,3.7,91.3,0.2,19.8,20.4,0.9,222.7,180.7,7.1,3.2,97.7,79.3,31.2,181.7,28.7,59.1,3.9,0,30,21.1,37,1
0.2,0.3,2.4,8.1,8.1,2.6,9.9,5.1,83,0.6,21.2,46.5,0.7,243.9,149,9.5,3.9,93.9,57.4,23.1,163.4,6.3,64.6,9,22.9,3,32.4,33.4,1
0,0,-0.7,-3.1,-3.1,-1.5,-2.5,16.3,39.5,25,95.1,63.6,16.5,258.9,141.1,26.5,10.2,51.5,28.1,79.6,225.6,36.4,0,7.9,-,-1,108.9,253.4,4
0,0,-16.3,-17.8,-17.8,-14.3,-11.4,3.6,58.1,1.9,64.1,47,1.1,157.9,131.6,11.9,7.5,86.3,72,24.9,299.3,6.6,4.2,70.2,0,-3,78.5,357.7,3
0,0,-0.3,-1.3,-1.3,-0.4,-1.2,24.4,112.3,-2.7,-12.2,101.5,0.1,199.6,99.3,48.8,24.5,105.8,52.6,70.7,661.9,12.7,5.7,18.7,1.8,0,13.9,658.6,3
9.5,9,1.4,13.5,1.7,55.3,2,43.5,1.3,131.4,22.2,2,172.4,166.1,9.5,5.5,87.9,84.7,16.5,31.6,33,60.7,3.5,24.6,5,408,16.1,22.2,1
0.1,0.1,3,12.6,3.7,18.8,4.4,74.8,0.9,139.7,10.7,0,196,190.8,12.1,6.2,93.2,90.7,20.4,673.6,47,49.5,1.6,0.3,86,"3,163",104.6,678.4,2
0.7,0.7,0.9,12,0.9,16.7,0.3,8.6,2,307.5,19.1,1.9,130.2,145.2,9.4,7.2,82,91.5,14.9,32.1,30,64.2,3,1,4,496,17.2,18.5,2
0.2,0.1,1.8,12.2,2.1,22.9,2.5,67.1,1.2,241.8,13.6,1.1,324.4,304.6,5.2,1.6,80.9,76,49.8,87,64.3,31.8,3.6,0.1,14,856,18,59.3,1
0,0,17.8,18.3,12,10.9,12.7,80.3,2.6,116.3,14.4,0,"9,218,250.00",742.7,14.3,0,84.3,0,74.8,"30,630.40",75.2,23.7,0.7,0,115,"1,292",190.7,"24,159,750.00",1
0.5,0.6,0.9,9.5,1,10.5,2,68.2,0.6,62.2,30.8,1.2,136.9,129.8,12.1,8.8,95.5,90.6,15,39.4,24.1,71.9,3,4.7,4,478,20.7,20.2,2
0.3,0.2,5.3,31.6,6.4,"1,448.00",7.4,73.4,3.4,109.5,30.8,0,236,192.2,13.7,5.8,80.3,65.3,50.1,65,59.1,37.6,0.2,0,163,"3,352",22.7,64.6,2
3.8,3.7,1.7,15.4,1.7,65.8,1.6,39.7,1.3,101.1,33.2,2,151.7,143.7,10.6,7,88.8,84.1,13.1,24.6,24.7,63.3,8.8,25.7,3,194,19.5,17.6,2
0.1,0,4.3,22.3,5.9,90.7,15.1,174.1,-4.4,-159.3,31.9,0,"1,510.70",307.2,16.2,1.1,137.4,27.9,38.2,98.4,53.2,42.8,0.3,0,122,"2,662",31.5,51.6,2
0.9,0.6,1.2,12.2,1.3,51.4,3.7,97,0.8,41.4,47.4,0,193.4,151.2,9.2,4.8,92.4,72.2,44.2,67.9,48.9,47.8,0.9,23.5,4,400,20,55.5,2
0.7,0.1,0,0,0,0,2.4,75.1,0.7,22.6,94.7,0.2,201.4,103.1,5,2.5,88,45,47,99.9,9,47.6,4.1,1.5,0,59,19.8,57.1,3
2.1,3.8,1.1,10.6,1.3,24.3,3.2,61.2,1.5,48.4,60.9,0.7,196.4,129.2,7.5,3.8,83,54.6,23.9,41.6,11.3,71.4,3.6,31.9,1,98,14.2,29.7,3
0.8,13.3,1.6,13.7,1.8,70.3,2.8,56.6,1.7,73.2,48.2,0.7,197.8,145.2,6.4,3.2,78.8,57.8,26.2,46,18.1,64.3,5.7,28.3,2,161,14.4,32.8,3
2.3,9.5,2.4,18.7,1.7,73.7,2.4,48.4,1.8,81.1,45.3,1,202,151,6.2,3.1,77.3,57.8,26.5,52.3,14.6,64.5,5.7,34.9,3,157,16,35.2,3
2.2,0,4.5,5.9,4.9,7.9,4.8,46.7,4.5,113.8,38,1.5,"84,047.40",263.2,5.9,0,56.8,0.2,46.5,"2,347.40",56.7,0.2,12.3,53.1,36,815,36.4,"2,570.90",2
2.4,0.6,0.8,13.1,0.9,18.2,2.6,52.6,0.9,39.8,48.2,1.6,209.1,142.3,7.6,3.6,89,60.6,19.7,36,19.4,61.8,4.1,5.6,1,142,14.7,23.4,3
1.2,0.1,1.6,11.3,1.8,20.7,2.4,63.4,1.4,85.5,42.6,0.3,424.1,192.3,3.1,0.7,69.6,31.6,48,125.7,8.2,43.2,2.8,0,7,479,14.7,56.8,2
1.6,0.5,-0.7,-6.7,-0.7,-7.2,1.6,46.9,1,36.5,78.2,1.5,167.9,111.9,6.1,3.6,86.1,57.4,24.7,55.2,16.2,67.2,3.9,1.7,-1,114,15,30.5,3
2,0.2,1.3,8.6,0.6,269.2,5.2,109.2,-0.5,-12.6,86.6,0.1,416.1,111,7,1.7,108.1,28.8,66.6,102.9,17.7,29.8,1.9,0,11,809,25.2,83.9,3
0.5,3.8,0.9,9.1,1,63.4,3.2,55.3,1.5,49.3,53.5,1.6,225,141.3,7.6,3.4,83.4,52.4,25.6,45.6,12.2,65,5.9,37,1,86,12.8,32.5,3
2.2,0.1,0.1,0.4,0.2,1.5,5.6,126.6,-1.2,-30.9,86.3,0.4,592.8,112.2,6.7,1.1,121.2,22.9,57.5,85.5,34.6,38.3,1.3,0,2,"2,360",24.8,73.2,3
0.1,1.9,0.1,1,0.2,4.6,2.5,49.6,1.5,43.3,69.4,1.4,234.5,125.2,6.2,2.7,80.2,42.8,45.1,78.3,11.5,52.7,4.1,48.8,0,115,14.9,55.7,3
0.6,0.3,1.2,7.5,1.2,10.4,2.3,41.7,2,67.9,51.7,1.5,192.4,139.6,7.6,3.9,79.4,57.6,24.1,39.5,10.5,73.3,5.5,13.1,1,87,17.4,29.7,3
0.1,2.4,0.6,5.4,0.7,6.3,3.5,72.9,0.7,20.7,67.4,0.9,239.5,125.2,7.2,3,91.4,47.8,23.3,46.6,10.6,73.3,3,36.2,1,101,12.6,27.7,3
2.5,100,1.3,1.6,0.9,0.8,4.9,101.5,-0.1,-1.8,81.9,0,"1,126,933.30",122,4.9,0,101.5,0,88.3,571.7,0,1.9,9.3,0,4,692,204.2,516.2,3
2.5,1.1,-1.4,-14.9,-0.9,-9.2,0.8,68.2,0.3,19.8,137.3,0.5,125.9,91.1,4.2,3.3,92.9,67.2,27.5,51.5,6.5,70.4,1.2,6.6,-4,435,15.6,32.2,3
2.7,100,1.2,9.8,1.4,27.2,3.5,53.1,1.7,50.1,53.2,1.6,226.2,142,8.6,3.8,83.1,52.2,24.1,46.6,18.4,64.7,6.5,53.9,1,98,17,32.2,3
2.2,1.9,0.1,1,0.2,4.6,2.5,49.6,1.5,43.3,69.4,1.4,234.5,125.2,6.2,2.7,80.2,42.8,45.1,78.3,11.5,52.7,4.1,48.8,0,115,14.9,55.7,3
0.2,0.3,1.2,7.5,1.2,10.4,2.3,41.7,2,67.9,51.7,1.5,192.4,139.6,7.6,3.9,79.4,57.6,24.1,39.5,10.5,73.3,5.5,13.1,1,87,17.4,29.7,3
2,2.4,0.6,5.4,0.7,6.3,3.5,72.9,0.7,20.7,67.4,0.9,239.5,125.2,7.2,3,91.4,47.8,23.3,46.6,10.6,73.3,3,36.2,1,101,12.6,27.7,3
100,100,1.3,1.6,0.9,0.8,4.9,101.5,-0.1,-1.8,81.9,0,"1,126,933.30",122,4.9,0,101.5,0,88.3,571.7,0,1.9,9.3,0,4,692,204.2,516.2,3
1,1.1,-1.4,-14.9,-0.9,-9.2,0.8,68.2,0.3,19.8,137.3,0.5,125.9,91.1,4.2,3.3,92.9,67.2,27.5,51.5,6.5,70.4,1.2,6.6,-4,435,15.6,32.2,3
100,100,1.2,9.8,1.4,27.2,3.5,53.1,1.7,50.1,53.2,1.6,226.2,142,8.6,3.8,83.1,52.2,24.1,46.6,18.4,64.7,6.5,53.9,1,98,17,32.2,3
0.3,0.3,0.4,3.2,0.5,2.9,2.5,60.3,1.3,42.1,72.7,0.7,175.2,116.6,6.8,3.9,84.1,55.9,30.5,49.5,14.7,64.9,3.1,2.6,1,152,15.9,36.3,3
12,11.7,1.7,13.7,2,71.6,2.8,56.3,1.7,81.4,43,0.8,199.5,152.6,6.5,3.2,78.8,60.3,28.4,57.2,19.1,60.3,3.7,36.2,3,197,14.4,34.7,3
0,0,1.9,3.7,2.5,4.4,4,70.7,1.6,53.6,53.9,0.1,"2,074.10",180.1,4.3,0.2,72.1,6.3,90.1,237,44.8,6.9,5,1.4,2,112,67.8,219.5,3
0,0,3.1,5.5,3.6,8.5,4.7,68.3,2.2,66.5,47.6,0.1,792.9,191.1,5.4,0.7,71.2,17.2,49.8,353.5,3.4,47.5,6.4,1.5,3,93,60.8,111.3,3
0,0,6.9,8.9,9.3,26,10.9,52.7,9.8,86.6,54.6,0.1,774.1,172.7,12.5,1.6,56.2,12.5,97.6,"2,575.70",2.8,0,1.5,-,26,330,104.8,"3,609.30",3
0.1,0,0.7,5.3,1.2,4.5,4.1,135.5,-1.1,-62.7,56.7,0.1,918.2,159.2,4.6,0.5,130.5,22.6,57.9,120,25.7,5.2,29.1,0,0,79,16.5,66.3,3
0.9,1.1,2.4,3.4,3,3.8,4.7,79.1,1.2,55.4,37.8,0.7,"4,568,880.00",264.5,4.7,0,79.1,0,20,130.4,0,77.2,1.1,0.2,17,774,59.9,75,3
1.5,2.3,1.2,6.5,1,11.2,1.5,89.8,0.2,27.2,33.1,0.1,275.5,178.8,2.4,0.9,94.1,61.1,4.9,504.6,1.8,92.8,0.6,0,246,"24,810",26.2,6.1,2
0.2,0.3,1.1,6.2,1.3,22.9,3,85.3,0.4,20.7,55,0.3,428.2,154.9,4.1,1,91,32.9,18.6,283,7.1,77.6,5.9,0.2,37,"3,556",21.4,22.9,3
0.3,0.4,2.2,15.5,2.6,13.5,4.7,63.8,1.9,62.7,40.6,1.8,216.1,156.7,10.1,4.7,84.5,61.3,22.3,43.3,12.8,70.9,6.2,42.4,12,638,13.2,27.9,3
0,0,4.2,5.5,4.7,8.6,6.4,83.1,1.3,42.8,39.4,0,"54,556.30",253.2,6.5,0,83.2,0.4,27,101.7,3,72,2.3,0,5,135,46.9,101.7,3
0,0,4.2,6.1,5,10.1,7.9,67.1,3.5,61.4,48.4,1.1,885.7,189.8,9.3,1.1,72.7,15.6,1.4,5.8,0.4,94.7,7.5,0,5,131,22.1,5,3
0.3,0,1.8,17.7,1.8,19.5,1.6,57.6,1.2,125.4,33.8,0.1,375.8,221,2.2,0.6,64.9,38.2,90.1,102.3,4.3,5,0.4,0,82,"5,596",25.8,224.9,2
0,0,-0.2,-0.6,-0.2,-1.2,3,77.2,0.8,21.2,99.6,0.3,172.7,100.2,7.3,4.2,89.9,52.1,40.9,91.9,20.7,50.7,0.5,0.1,-1,433,14.2,52,3
0.8,0.9,2.8,17.9,3.1,25.1,3.6,88.2,0.3,49.2,14,0.4,421.4,300.1,4.9,1.2,94.7,67.4,26,176.6,23.3,71,2.6,0,109,"4,304",18.2,31.6,1
0.1,0.1,1.1,4.7,1.3,6.9,2.2,52,1.7,77.3,52.8,0.7,164.2,132.5,6.3,3.8,78.8,63.6,20,116.5,12.7,65.1,14.3,11.4,23,"2,243",21.1,27.2,3
0,0,0.2,2.3,0.8,4.8,8.7,68.1,4.1,34.1,93.6,0,227.1,104.3,15.6,6.9,79.2,36.4,61.6,"3,624.20",27.2,9,1.2,0,2,356,43.3,97.5,3
0,0,-26.2,-27.9,-24,-11.4,2.9,59.1,1.5,64.6,45.6,0.9,212.2,150.2,6.6,3.1,81.9,58,39.5,"2,479.20",0.6,53.3,0.3,0,-9,50,256.7,"6,144.10",4
0,0,3.5,3.9,4,6.1,4.3,17.4,20.3,98.7,83.7,0,-,119.5,4.3,0,17.4,0,73.2,"13,684.90",0,0,12.3,100,2,73,136.3,-,3
12.5,9.3,1.6,17.5,2.2,106,3.7,74.9,0.8,43.4,34.8,1.1,187.2,149.4,9.1,4.9,92.3,73.7,37.4,57,40.2,43.9,2.5,40.4,2,108,19,43.6,2
8.3,8.6,2.6,24.8,3.1,207.6,3.8,64.8,1.7,87.6,33.2,0.8,199.1,163.8,8.3,4.2,83,68.3,22.7,39.8,21.2,60.9,4.6,26.6,3,132,16.2,27,2
8.1,8.9,1.5,13.8,1.8,58.4,3.2,60.3,1.4,64.8,40.7,1.3,187.4,147.4,8.4,4.5,85.7,67.4,27.2,49.5,17.7,65.1,5,35.6,2,141,16.1,33.3,2
0,0,-1,-1.2,-1,-0.6,9,96.2,0.3,3.3,110.4,0,"2,482.70",90.9,9.4,0.4,96.5,3.5,94.3,727.7,0.2,0,18.6,-,-1,50,162.3,730.8,3
12,11.4,2,14.9,2.4,73.7,2.9,58.2,1.7,90,37.1,0.7,185.4,154.6,7.2,3.9,81.2,67.8,39.7,71.2,29.6,56.2,1.7,38.6,3,162,18.6,48.9,2
0.5,0.5,2.8,16.6,3.3,27.7,5.6,69.6,1.5,43.1,43,1.2,217.3,150.6,12.1,5.5,89,61.7,27.9,45.8,13.7,66.4,5.1,17,2,69,19.6,37.6,2
0.3,0.4,1.4,14.8,1.5,10.7,3.1,66.7,1.2,51,53.1,0.6,164.1,128.1,8.6,5.2,87.3,68.1,16.3,38.2,3.9,82.6,1.5,7.3,2,139,14.3,19.2,3
1.1,1.3,1.7,14.6,2.1,24,4,46.1,2.9,68.3,48.9,2.3,193.3,142.5,11.9,6.2,80.5,59.3,19.6,35.7,14.9,68.7,6.3,14.5,1,53,14.5,24,3
0.1,0.1,0.2,1,0.2,1,2.7,64,1.4,37.1,86.6,0.4,183.3,108,6.3,3.4,82.3,48.5,51.8,68.6,7.6,41.4,5.1,2,0,50,31.2,65.4,3
3.4,3.9,1.2,10.8,1.5,22,3.9,71.1,1.3,37.8,62.1,0.6,188.1,125.5,9,4.8,87.4,58.3,26.9,52.5,11.2,68.2,3.6,31.5,1,86,15.2,34.1,3
13.5,13.9,2,16.3,2.3,73.6,3,54.3,2.2,86.7,45.7,0.7,179.4,144.6,7.6,4.3,77.5,62.5,25.7,46.2,22,61.1,6.7,28.2,3,140,16.3,33.2,3
9.4,9.9,1.7,13.4,2,44,3,55,1.8,75,44.4,1.1,192,147.5,7.7,4,80.7,62,26.4,51.5,17.6,62,7.3,36.9,2,132,16.3,36.8,2
0.1,0,4.6,6,5.6,8.1,5.7,58,3.8,98.8,39.4,0.3,"40,831.90",253.4,6,0,61.2,0.4,55.4,"3,276.30",39.4,0.2,11.3,57.3,37,806,38.3,"3,594.90",2
0.6,0.7,0.9,12.9,1.1,16.2,2.9,45.4,1.2,47,38.6,2.8,195,149.2,10.8,5.5,90.3,69.1,18.6,29.9,23.2,65.3,4,3.9,1,126,14.3,22,3
0.2,0.1,2,15.3,2.7,24.5,3.2,66.7,1.5,78.4,40.3,0.2,404.4,195.2,4.3,1.1,74.2,35.8,65.2,141.6,12,26.8,2.7,0.1,8,393,22.8,78.4,2
0.3,0.4,0,-0.2,0.1,-0.2,3.3,58.7,1.7,46.2,63.2,1.9,156.2,119.5,11.1,7.1,87.1,66.6,26.2,58.6,10.2,65.4,7.1,1.8,0,74,16.5,32.7,3
0.6,0.4,1.2,9.2,1.5,264.5,5.5,58,3.3,46,75.7,0.8,265.3,121.1,9.9,3.7,75,34.2,55,80.5,13.2,40.3,3.6,40.3,2,201,18.5,68.9,2
3.4,3.7,2,18.1,2.2,113.5,3.9,56.2,2,65,45.4,1.5,209.7,149.8,9.3,4.4,82.1,58.6,30.5,56.2,17.2,63.8,5.9,35.6,1,72,14.6,39,3
0.1,0,5.9,22.3,10.1,77.1,19.3,115.3,-2.6,-39.3,39,0.1,587.4,197.5,23.2,4,112.4,37.8,63.5,163.1,47.7,29.4,2.9,0,104,"1,297",49.4,113.3,2
1.9,2,0.7,6.2,0.9,27.7,4.6,70,1.2,26.5,69.3,1.1,224.4,122.7,9.8,4.4,88.9,48.6,37.1,67.1,15.4,61,4,55.5,1,75,17.1,47.1,3
0.3,0.3,0.7,4.9,0.9,6.4,3.1,63.9,0.8,28.5,58.8,1.1,180.2,125.3,9.2,5.1,91.8,63.8,22,37.2,9,72.4,6.7,13.4,1,84,16.5,27.2,3
1.9,2.5,1.1,9.3,1.4,9,4.9,73.2,1.3,30.6,63.6,1,227.1,128.6,9.6,4.2,88.1,49.9,21.7,37,10,75,3.4,37.1,1,79,14.3,26.4,3
0.3,0.2,-1.1,-7.6,-0.5,-3.7,0.9,51.2,0.8,47.9,102,0.5,352.7,98.4,1.2,0.3,59.4,16.6,50,197.5,2.3,47.7,1.6,0.3,-,-,36.4,63.1,3
100,100,1.8,13.9,2.1,35.2,4,55.5,1.9,58.6,45.7,1.8,206.6,147.4,10.3,5,84.1,60,28.3,51.3,15.4,67,7,62.3,2,93,18.8,37.3,3
0.2,0.3,0.5,3.6,0.6,4.2,3,61.3,1.2,36.2,66.9,1,171.6,119.2,8.9,5.2,88.2,61.3,27.6,51.9,11.8,68,2.7,1.9,0,110,15.2,32.9,3
12.3,11.9,2,15.8,2.4,73.1,3.1,57.3,1.8,82.6,41,0.7,182.3,148.6,7.9,4.3,81.3,66.3,38,64.5,24,57.3,3.8,36.1,3,172,18.2,47.4,2
0,0,1.3,15,7.7,16.3,8.2,71.5,3.2,88.2,32.2,0,177.6,154.5,18.7,10.5,85.2,74.2,90.1,222.2,18.1,7.3,4.1,1.7,9,136,55.2,175.4,2
0,0,2.4,4.1,3.2,6,6.6,89.2,0.4,10.1,48.6,0.6,877.1,184.6,7.9,0.9,95.6,20.1,55.3,474,5.7,42.2,8.2,2.2,2,74,59.6,158.2,3
0,0,3.6,18.9,14.2,48.3,26.6,111.2,-2.7,-32,35,1.3,652.5,218,31.4,4.8,109.3,36.5,98.8,310.9,32.9,0,0.6,-,48,429,117.5,311,2
0,0.1,0.9,6.9,1.9,5.5,12.1,86.7,-1,-12.1,60,3.7,483.8,145.4,18.9,3.9,105.7,31.8,28,166.7,7.8,66.6,8.7,93,0,37,17.8,37.4,3
1,1.2,2.4,3.3,3.1,3.8,5.1,89.3,0.6,26.6,40.1,0.3,"2,815,943.50",249.3,5.1,0,89.3,0,27.7,178.9,0.1,70.8,1.1,0.2,15,665,62.5,113,3
1.2,1.7,1.8,6,1.4,11.1,2.6,93.3,0.2,19.9,33.3,0.4,322.3,188.6,3.7,1.2,95.3,55.8,11.3,80,5.4,86.3,0.9,0,111,"7,734",25.1,15.6,2
0.2,0.3,1.5,7.9,1.9,27.3,3.7,75.6,0.9,37.5,49.5,0.5,311.3,157.3,5.8,1.9,86.6,43.8,17,232,4.3,78.5,6,0.2,44,"2,870",25.2,21.9,3
0.3,0.3,2.7,22.2,3,35.7,3.8,60.6,2.3,85.4,41.8,0.7,176,146,9.5,5.4,80.6,66.9,31.4,68.4,16.4,67.2,1.2,27.2,10,440,12.3,37.4,3
0,0,3,3.7,3.7,5.5,6.5,67.4,0.5,14.8,34.1,2.7,"22,621.70",290.8,9.2,0,95,1.2,21.5,129.2,1.6,77.4,2.9,0,3,113,56.3,129.2,3
0,0,4.7,7.9,6.9,12.2,12.1,89.2,1,16.2,46.1,0.5,558.7,181.3,15.3,2.7,93.8,30.4,0.4,1.8,0,93.6,9.3,0,6,111,42.7,1.8,3
0.3,0,1.8,17.3,1.9,91.9,2.1,60.9,1.3,106.2,36.8,0.2,647.1,231.8,2.4,0.4,64.8,23.2,96.4,107.6,0.1,2.9,0.5,0,55,"3,672",14.9,334.2,2
0,0,1.5,3.9,1.7,7.2,4.5,64.1,2.5,51.3,69.8,0.4,242.1,126.3,7.7,3.2,75.4,39.3,33.9,77.9,26.1,60.6,0.8,0.3,2,124,19,67.5,3
0.8,0.9,3.1,19.7,3.7,27.9,4.2,87.9,0.6,81.3,14.8,0.3,371,280.2,5.7,1.5,90.9,68.7,29.9,219.5,28.2,66.9,2.9,0,102,"3,430",20.4,37.7,1
0.1,0.1,1.2,4.9,1.6,6.9,2.5,51.6,1.5,62.3,49.4,0.9,167.9,133.4,8.3,4.9,84.7,67.3,20.2,239.8,14,62.9,16.2,12.8,23,"1,804",26.3,30.1,3
0.1,0,2.7,43,2.3,72.7,4.1,100.8,0,-1.9,40.7,0.1,294,164,6.3,2.1,100.5,56.1,92.8,195.9,74.7,1.4,0.2,0,36,"1,900",27.9,101,2
0,0,-7.2,-9.4,-7.7,-4,3.5,61.7,1.6,66.5,43.1,1,194.1,147.9,8.3,4.3,83.7,63.8,53.1,"2,302.90",8.2,3.9,41.8,0,-1,19,130.9,656.5,3
0,0,-6.2,-6.9,-7.3,-11.1,6.5,51,6.3,31.2,157.3,0,"55,900.00",63.6,6.5,0,51,0.1,91.5,"46,379.30",0,0,11,100,-4,68,122.3,-,3
13.8,10.8,1.3,15.8,1.7,84,3.1,81.4,0.6,36.9,42.2,0.5,161.9,132.4,8.5,5.3,93.4,76.3,33.5,44.6,44,44.5,1.7,42.5,1,110,15.6,37.6,2
7.9,8.5,2.5,25.4,2.9,163.6,3.6,64.6,1.7,91.5,34.2,0.8,191.3,160.1,8,4.2,82.2,68.8,19.9,31.7,25.6,61.7,4.1,26.5,3,118,14.3,22.8,2
7.7,8.6,1.5,13.7,1.8,49.1,2.8,56.2,1.7,78.7,43.9,1,180.2,144.7,7.3,4,81,65,25.5,44.3,21.6,64.3,4.7,36.8,2,131,13.4,30.1,3
0,0,-0.7,-0.9,-0.7,-0.5,8,92.8,0.6,6.6,108.5,0,"2,088.30",92.5,8.4,0.4,93.2,4.1,94.2,718.1,0.2,0,18.6,-,0,51,151,732,3
11.5,10.6,1.9,13.6,2.2,59.9,2.8,60.7,1.6,85.9,40,0.5,178.2,148.4,6.8,3.8,81.3,67.7,41.6,73.3,32.7,52.6,2.4,35.8,3,144,17,50.1,2
0.5,0.6,1.7,10.7,1.9,14.2,4.7,81,0.8,26.1,55.6,0.7,212,133.6,9.4,4.4,91.8,57.8,20.4,38.7,16.9,64.6,4.9,21,1,66,17,25.7,3
0.2,0.3,0.3,3,0.3,1.6,2.7,74.5,0.8,31.7,71.2,0.7,171.9,116.1,6.8,3.9,89.1,60.2,13.4,28.2,2.8,84.7,1.6,12.8,0,118,17.2,15.9,3
1.2,1.3,0.9,8.2,1.1,11.8,2.9,48.4,2.2,57,62.3,1.2,170.3,124.5,9.5,5.6,81.5,59.6,32.3,55.5,26.5,59.1,6.4,14.7,0,53,13.2,37.7,3
0.1,0,0.1,0.4,0.1,0.9,2.6,68.5,1.1,32.3,90.8,0.3,185.1,105.3,5.7,3.1,83.9,47.7,64.5,85.8,8.9,29.4,6.3,2,0,45,32.1,79.8,3
3.3,3.9,0.7,6.9,0.7,9.4,3.5,73.9,1.1,30.3,76.9,0.3,189.4,114.2,7.6,4,87.4,52.7,28.3,45.6,15.6,67.3,4.2,29.8,0,75,14.2,34.9,3
13.9,13.8,1.8,15.3,2,59.3,2.5,48.6,2.2,103.5,42.6,0.9,172,147.7,6.7,3.9,75.2,64.5,28.6,47.3,27,56.7,6.3,27.5,2,135,14.1,34.9,3
9.3,10.2,1.9,16.9,2.2,42.7,2.6,49,2.3,93.4,46.2,0.7,186.1,147.9,6.6,3.6,74,58.8,19.6,36.9,18.9,62.7,5.8,34.2,2,119,14.7,25.2,3
0.1,0,4.5,6.1,5.3,8,3.6,32.8,6.8,169.3,36.8,1.7,"9,356.30",270.1,4.2,0,38,1.1,75.1,701.5,45.2,0.2,11.5,45.9,37,823,56.4,"2,684.20",2
0.6,0.7,0.5,6,0.6,9.4,2.8,63.7,0.9,34.5,55.8,1.3,182.4,128.8,8,4.4,90.3,63.7,17.1,30.7,20.5,67.3,4.6,2.4,0,102,13.5,20.6,3
0.3,0.1,2.3,14.6,2,20,2.1,55.1,1.7,117,38.3,0.3,392.7,208.1,2.8,0.7,62.3,33,61.7,88.6,11.9,29.2,2.3,0,8,502,23.5,71.1,2
0.4,0.4,0.8,6.9,0.9,6.6,2,47.9,2,68.7,70,0.4,134.8,113.7,8.6,6.3,80.7,68.1,41.7,76.7,29.1,47.3,6.3,2.1,1,83,16.9,50.3,3
0.6,0.4,0.1,0.6,0.1,16.3,4.6,78,1,19.6,89.8,0.5,246.4,107,8.1,3.3,88.8,38.5,58.5,82.9,17.4,37.1,4.8,42,0,195,16.9,72.3,3
3.1,3.4,2.7,24.6,1.8,122,3.9,60.6,1.7,49.9,53.4,1.2,221,140.8,8.5,3.9,83.4,53.2,29.8,58.7,16.6,62.3,5.2,38.5,1,61,15.6,38.5,3
0.2,0.1,1.2,8,1.8,23.8,7.1,136.5,-1.9,-61.5,59.6,0.2,384.9,137.6,9.6,2.5,124.7,44.6,72.3,102.2,53.8,23.7,1.9,0,32,"2,242",31,92.1,3
2.1,2.1,1.2,8.8,1.3,36.9,4.2,65.7,1.9,43.6,68.6,0.7,222.6,125,8.1,3.6,81,45.5,39,105.5,12.8,57.3,3.6,45.1,1,73,16.1,48,3
0.3,0.4,0.7,4.4,0.8,5.2,2.6,62,1.2,43.6,65.9,0.7,169.5,120.2,7.3,4.3,85.8,60.9,22.4,40.6,10.6,71.8,5.8,13.4,1,79,15.9,27.6,3
1.8,2.3,0.4,3.6,0.6,3.7,4.4,84.2,0.6,14.3,76.4,0.7,211.1,115.1,8.8,4.2,93.9,51.2,22.4,39.8,11.6,73,3.4,35.7,0,65,14.2,26.9,3
100,100,2,15.6,15.6,2.4,34.8,4.5,68.7,1.7,49.3,52.5,0.7,196.3,136.7,9.8,5,85.4,59.5,29,61.4,20.6,65.5,6,61.6,2,17.2,38.7,2
0.2,0.2,0.2,1.3,1.3,0.3,1.2,2.9,59.5,1.6,41,82,0.6,169.9,110.2,7.7,4.6,82.7,53.7,29.3,55.2,15.3,66.7,2.4,1.6,0,17.5,35.9,3
12.6,12.6,2.3,18,18,2.7,73.1,3,55.2,2.2,101.3,40.4,0.6,180.9,152.6,7.1,4,76.3,64.4,36.2,63.5,24.1,57.2,3.5,33.1,3,16.9,44.3,2
0.3,0.1,2.2,45.5,45.5,2.1,109.1,1.6,62.9,0.9,284.7,12.3,0.2,153.8,165.9,4.8,3.1,84.2,90.8,83.2,456.2,3.1,16.5,0.5,0,20,31.8,88.8,3
0,0,3.3,6.1,6.1,4.2,8.6,4.5,57.5,2.7,93.2,37.1,0.7,635.8,227.5,6.1,1,69.2,24.8,59.8,429.4,3.5,38.6,7.2,0.2,3,66.6,150.8,3
0.2,0,2.6,18.3,18.3,2.2,38.7,2.5,55,2,141.3,31.9,0.9,470.5,246,3.2,0.7,60.8,31.8,99.8,112.1,91.3,0,0.1,-,39,65.9,113.4,3
0.1,0.1,1.4,11.9,11.9,0.7,8.7,9.3,131.9,-3.4,-73.4,65.6,1.8,517.7,134,13,2.5,135.6,35.1,52.6,112.5,8.5,43.3,4.9,91.7,1,17.2,61.1,1
1,1.2,2.3,3.1,3.1,2.9,3.6,4.8,91.4,0.5,19.5,44,0,"1,891,713.80",227.4,4.8,0,91.4,0,30.2,199.8,0,68.3,1,0.2,13,64.9,122.7,2
0.8,1.2,2.9,6.3,6.3,2.4,11.5,2.7,67.9,1.3,163.9,19.1,0.8,641.2,354.1,3.2,0.5,72.2,39.9,10.7,189.8,9.1,83.5,1.3,0,115,95.9,18.6,3
0.2,0.3,1.1,4.6,4.6,1.2,14.9,3.1,78,0.7,31.2,54.8,0.6,338.7,150.5,4.6,1.4,87.3,38.8,29.2,132.1,25,66.5,5.5,0.3,24,58.3,36.8,2
0.2,0.3,2.5,18.7,18.7,2.9,21.8,3.4,41.6,4.6,142,39.9,2,196.9,171,7.1,3.6,60.8,52.8,32.8,58.9,18.6,65.7,1.1,33.2,7,13.9,39.3,2
0,0,3.7,4.6,4.6,4.6,6.7,7.7,89.1,0.9,24.6,44.4,0.2,"6,050.30",220.9,7.8,0.1,89.2,3.3,4.9,27.5,4.1,92.5,0.2,0,4,52,27.5,2
0,0,3.2,5.6,5.6,3.4,8.2,6.7,80.8,1.2,30.2,49.7,0.7,399,164.4,9.3,2.3,88.3,36.4,1.8,4.2,0.3,95.6,7.1,0,4,34.1,3.9,2
0.2,0,1.8,11.5,11.5,1.8,58.1,1.3,35.7,2.2,156.4,40.2,0.3,309.6,203.4,2,0.6,46.6,30.6,93.6,109.8,2.2,3.5,0.8,0,35,26.3,490,3
0,0,3.2,10.8,10.8,3.8,14.4,2.3,21,8,140.7,51.1,1.6,202.4,162.3,6.2,3.1,43.6,34.9,27.9,76,18.4,64,13,0.3,3,17.2,45.5,2
0.8,1,2.9,19.4,19.4,3.4,31.9,3.8,85.8,0.6,80.6,15.6,0.4,344.9,264.6,5.4,1.6,90.7,69.6,27.6,194.6,27,67.3,3,0,64,19.1,33.7,2
0.2,0.2,0.1,0.3,0.3,0.1,0.5,2.4,75.8,0.6,22.9,84.8,0.3,158.7,106.9,6.8,4.3,91.8,61.8,17.7,307.7,11,67.8,16,15.8,2,24,25,2
0.1,0,0.7,6.4,6.4,0.7,8.3,2,45.5,2.4,64.4,84.6,0,533.8,116.2,2.5,0.5,50.7,11,88,110,39.8,1.1,0.5,0,4,32.5,99,3
0,0,-26.2,-33.8,-33.8,-21.4,-13.7,3.1,61.3,1.7,71.6,45.9,0.7,183.8,142.9,7.4,4,81.7,63.5,39.8,295.6,32.4,0.1,59.6,100,-5,96.5,147,3
0,0,11.4,12.9,12.9,13.6,20.1,6.1,21.6,22.3,149.8,52.3,0,"460,200.00",191.1,6.1,0,21.6,0,86.5,"3,698.60",0,0.1,10.5,100,8,28.9,"17,900.30",3
15.7,11.3,2.7,31.2,31.2,3,148.5,3.5,76,1,67,32.8,0.1,176.1,149.7,8.2,4.7,89.2,75.8,36.3,49.6,50.5,38,1.6,40.6,3,19.2,40.8,2
7.6,8.7,3,30.5,30.5,3.4,160.8,3.9,64.4,1.7,85.1,33.5,0.6,201,163.8,8.7,4.3,83.3,67.9,18.2,28,27.7,60.7,4.9,25.6,3,15.9,21,2
7.7,8.8,1.7,14.5,14.5,2,46.3,2.8,50.1,1.9,82.6,41,1.3,186.6,150.3,8,4.3,80.8,65.1,29.5,52.7,24.5,60.7,5.9,33.2,2,14.4,35.1,2
0,0,1.1,1.2,1.2,1,0.7,6.4,63.1,3.7,41.1,89.7,0,"1,150.60",110.8,7,0.6,65.2,6.3,93.9,726.7,2,0,18.8,-,1,150.6,731.7,3
11.8,10.4,2.7,18,18,3.2,71.4,3.5,60.4,2,92.4,37.1,0.5,198.1,160.4,7.6,3.9,79.5,64.3,45.2,79.3,44.1,46.7,2.8,37.3,3,20.6,56,2
0.5,0.6,2.9,17.7,17.7,3.3,20.4,5.4,72.9,1.7,45.4,50.5,0.4,251.2,148.8,9.5,3.8,84.8,50.2,13,23.2,17.7,67.4,4.7,22.6,1,18.8,17,2
0.1,0.1,-1.5,-12.8,-12.8,-1.7,-7.2,3.4,92.7,0,-0.5,139.2,0.3,185.9,84.7,7.9,4.3,100.3,45.7,25,41.4,10.7,70.9,3.5,49,-1,15,30,2
1.2,1.4,1.7,12.8,12.8,1.9,22.7,4.1,54.7,2.5,58.9,57.6,1.3,208.8,135.8,9.5,4.5,78.9,51.3,25.4,38.2,27.2,61.6,7.1,18.4,1,14,30.7,2
0.1,0.1,0.3,2.2,2.2,0.3,4.2,2.4,75.3,0.6,24,84.1,0.2,214.9,110.4,4.8,2.2,88.1,45.2,54.9,70.3,8.5,40.3,5.4,1.1,0,24.7,65.9,2
2,2.3,1.8,17.3,17.3,1.5,27.3,3.4,52.1,2.5,60.4,63.3,0.9,205.4,130.1,7.9,3.8,75.9,48,33.3,52.6,20.2,61.8,3.1,26.1,1,14.4,40.4,2
13.7,12.6,2.4,19.6,19.6,2.7,66.3,2.9,48.3,2.5,103.3,40.6,0.9,187.8,155.7,7.4,4,74.8,62,33.2,55.7,34.7,48.7,8,30.3,3,17.5,41.1,2
8.8,10.3,2.8,22.2,22.2,3,47.4,2.6,36.6,3.4,116.2,40.9,1.3,222,170.5,6.9,3.1,66.8,51.3,16.2,26.3,21.7,62.1,7.2,33.9,2,16.1,21.4,2
0.1,0,0.3,0.3,0.3,0.2,0.4,3.7,25.2,9.7,249,26.7,10.5,"18,705.80",372.5,4.9,0,33.6,0.7,85.2,857.2,26.2,0.4,13.3,27.9,2,50.6,"2,420.30",4
0.4,0.6,0.7,6.2,6.2,0.8,9.2,3.2,46.5,2.9,61.9,68.8,1.3,198.8,124.6,7.9,4,73.1,45.8,10.8,20.2,13.4,76.2,5.3,0.8,1,15,13.6,3
0.1,0.1,2.2,8,8,2.6,9.9,3.7,58.5,2.6,75.9,54.7,0.3,892.4,172.9,4.2,0.5,61.3,11.9,30.7,76.7,34.5,43.5,5.8,0,4,27.7,43.8,3
0.4,0.3,0.4,3.4,3.4,0.5,4,2,52,1.5,50.6,76.6,0.5,132.7,108.9,9.7,7.3,86.5,71,29.9,44.8,35.6,39.1,7.5,2.4,0,20.3,36.8,3
0.7,0.5,1.6,9.7,9.7,1.8,257.5,4.9,63.4,2.4,47.1,65.9,0.9,290.7,133.4,8.2,2.8,77.2,35.4,60.1,90.5,18,36.6,5.5,40,2,19.5,73.8,3
2.9,3.6,1.9,15.9,15.9,2.1,63.9,4.4,60.7,1.5,44.5,47.7,1.7,280.6,157.3,8.9,3.2,85.2,47.8,25.3,50.5,17.2,66.7,6.1,33.1,1,16.4,32.3,2
0.3,0,-0.2,-1.5,-1.5,-0.2,-4.5,2.4,58.8,1.7,39.8,103.5,0,336.8,97.3,3.4,1,67,19.3,91.3,105.8,11.8,5.5,1.6,0.1,-6,50.7,106.6,4
1.8,1.9,1.5,9.3,9.3,1.7,37.2,5.2,62.9,2.1,38.8,65.5,1.1,297.8,133.4,9.2,3.1,81.6,36.5,40.6,76.7,20.1,54.5,6.9,51.2,1,16.5,51,2
0.3,0.4,0.6,3,3,0.8,3.4,3.2,61.5,1.5,41.5,69.3,0.9,208,122.7,7.2,3.5,82.7,48.8,22.2,36.4,12.4,72.7,7.2,14.2,0,19.4,28.5,2
1.8,2.4,0.7,5.5,5.5,0.8,5.9,5.6,100.7,-0.4,-10.3,74.8,0.6,251.4,117.3,10,4,104.5,48.7,25.9,48.8,16.3,70.4,4.1,37.4,0,14.6,31.5,2
100,100,2.7,20.7,20.7,3,41.5,5.4,74.8,1.4,37.5,49.7,0.7,246.6,147.8,10,4,88,52.8,30.1,55.6,23.4,65.3,6.8,63.8,2,16.7,39.5,2
0.2,0.2,0.2,1.1,1.1,0.3,1.4,2.9,41.5,3.6,63.5,79.9,1.1,184.5,114.6,7.6,4.1,67.9,42.2,28.3,45.7,17.8,66.4,3.6,1.7,0,14,34.6,3
12.9,12.7,2.7,21.1,21.1,3.2,74.9,3.5,57.6,2.3,92.8,40.1,0.5,200.2,158.3,7.7,3.8,77.1,60.9,39.6,65.4,31.6,52.3,4,33.2,4,19.6,48.9,2
0.2,0.2,2.4,30.4,30.4,1.8,49.2,1.2,52.1,1.1,252.7,18.9,0,212.4,224.1,2.2,1.1,67.3,71.1,38.5,124.6,29.6,61,0.5,0,9,28.9,139.9,3
0,0,1.6,3,3,2,4,3.7,56,1.3,46.7,42.9,1.8,645.1,199.1,6.3,1,82.5,25.5,70,220,6.9,28.1,7.5,4.1,1,77.5,167.1,3
0.1,0,4.7,11.7,11.7,3.8,21.3,6.9,92.7,0.5,14.8,49.2,0,"2,405.40",195.5,7.2,0.3,93,7.6,99.6,137.8,90.7,0,0.3,-,21,106.9,139.2,2
0.1,0.1,0.8,7,7,0.1,3,9.2,132,-3,-51.8,82.4,1.1,653.7,116.3,11.7,1.8,133.9,23.8,44.2,170.3,12.8,52,4.1,80.4,0,20,53.5,2
1,1.3,2.7,3.5,3.5,3.4,4.1,4.8,87.6,0.7,32.7,37.9,0,"952,046.90",263.7,4.8,0,87.6,0,29.3,193.5,0,68.9,1.2,0.2,13,73.1,134.1,3
0.7,0.8,4,7,7,4.1,12.8,4.3,78.6,0.8,82,18.7,0.3,"1,167.50",405.2,5,0.4,85.8,29.8,19.3,"5,372.40",19.4,66.1,2,0.1,128,142.8,75.2,3
0.2,0.2,1.5,4.2,4.2,1.8,13.2,3.9,68.3,1.8,48.7,63.9,0.3,466.9,143.7,5,1.1,73.8,22.7,18.7,282.7,14,73.8,8.4,0.4,21,75.2,28.5,3
0.2,0.1,3.4,18.2,18.2,2.6,21.5,2.3,31.9,4.7,126.8,50.9,0.9,218.8,160.8,4.7,2.2,50.3,37,49.3,87.7,27.4,48.8,1.6,13.5,6,12.6,59.1,3
0,0,3.3,4,4,4.1,5.5,7.3,96.8,0.2,7,45.3,0.1,"31,550.00",219.8,7.3,0,96.8,0.7,12.5,12.5,2.2,85.1,0.3,0,3,62.5,85.8,2
0,0,4.5,6.8,6.8,5.1,9.4,7.2,64.3,3.4,61.3,49,0.6,584.6,180.4,9.5,1.6,73.7,22.7,4.4,25.4,3.3,86,19.1,0.2,5,41.5,14.8,3
0.2,0,1.9,9.7,9.7,2.3,46.7,2,44.1,2.5,123.5,45,0.2,404.2,192.2,2.6,0.6,51.5,24.5,96.1,125.7,1.7,1.4,1.1,0,28,36.9,823.7,3
0,0,0.2,0.6,0.6,-0.1,0.7,1.7,36,2.3,56.8,87.5,0.7,188.7,108.6,4.9,2.6,68.3,39.3,38.5,71.6,10,54.9,13,0.3,0,18.6,53.3,3
0.8,0.9,2.9,18.4,18.4,3.4,30.2,3.7,81.2,0.7,92.8,17.6,0.3,320.1,248.1,5.5,1.7,88.2,68.3,30.7,171.1,31.7,60.3,4.1,0,53,22.7,38.1,2
0.2,0.2,1.5,5.4,5.4,1.9,7.3,2.5,41.2,2.6,81.8,51.6,1.1,185.9,140.7,7.7,4.2,74.8,56.6,19,231.4,8.9,69.3,12.1,22,12,30.3,28.7,2
0,0,5.4,26.7,26.7,4.9,29.3,5.9,43.8,7.6,90.2,62.3,0.2,423,149.7,7.7,1.8,50.5,17.9,79.3,129.6,16.4,0,1.4,-,15,55.9,102.4,3
0,0,-18.4,-24.8,-24.8,-25.9,-13.2,3.5,58.9,2,76.5,42.7,0.7,204.2,153.4,7.9,3.9,80.2,60.2,5.6,131,3.4,0,93.9,-,-4,76.5,163.8,3
0,0,8.7,10.1,10.1,11.2,14.1,5.5,19,23.5,140.7,57.6,1.1,-,173.6,5.5,0,19,0,87.2,"5,199.10",0,0.2,12.4,100,6,16.6,-,3
15.6,9.6,3.1,39.6,39.6,3.5,140.4,4.6,82.5,0.7,46.2,27.3,0.5,174.6,150.3,11.4,6.5,94.2,81.1,32.7,44.3,57,29.5,1.9,45.6,3,23.2,36.7,2
7.6,8.5,2.9,32.5,32.5,3.3,130.5,4.4,69.3,1.2,62.7,30.9,1.1,183.8,154.3,11.2,6.1,90.1,75.6,15.4,24.2,35.2,53.5,5.3,22.5,2,16,17.7,2
8.1,9.1,2.1,19.2,19.2,2.4,50,3.6,57.5,1.5,63.9,37.8,1.5,192.5,151.9,9.9,5.1,86.7,68.5,37.3,69,28.6,53.4,6.1,29.4,2,15.4,43.8,2
0,0,1.6,1.9,1.9,1.6,1,9.5,88.5,0.8,9.1,81,0.4,"1,197.20",121.2,10.8,0.9,93.2,9.4,93.6,698.1,80.6,0,24.5,-,1,185.9,695.9,2
11.9,10.4,3,21.5,21.5,3.5,90.9,3.8,54.6,2.1,91.7,33.1,1.2,200.7,165.4,9.6,4.8,82,67.6,39,63.3,47.6,41.7,3.7,37.8,3,22.5,48,2
0.5,0.6,3.3,21.1,21.1,3.9,29.4,6,67.8,1.9,49.4,43.1,1.1,233.9,155.8,12.1,5.2,86.6,57.7,16.2,27,21.1,63.5,4.8,21.7,1,20,20.8,2
0.1,0.2,-1.6,-13.2,-13.2,-2,-8.8,2.7,88,-0.1,-1.3,149.8,0.4,162.7,84.1,8.2,5,100.8,52.1,28.7,62.7,3.7,67.9,2.9,56.9,-1,19.2,34.5,2
1.1,1.3,1.8,13.7,13.7,2.2,30.5,5.9,61.5,1.6,33.5,49.6,2.6,231.3,144.6,14.1,6.1,89.8,56.2,25.2,38.8,34.6,54.8,7.8,21.3,1,16.3,31.2,2
0.1,0.1,0.1,0.8,0.8,0.1,1.5,2.2,67.9,0.9,34.6,82.1,0.5,176.5,110.2,5.3,3,85.3,53.3,73.1,91.4,8.9,22.7,5.2,1.7,0,28.8,86.5,3
1.9,2.4,1.4,13.7,13.7,1.7,19.1,4.2,55.4,2.2,47.6,61.8,1.2,196,128.2,10.9,5.5,83.1,54.3,29.6,42.9,18.3,59.7,5,24.4,1,17.7,36.7,2
14.2,12.7,2.3,20.7,20.7,2.6,77,3,42.8,2.7,113.5,34,2,191.3,165.2,9,4.7,76.9,66.4,38.6,66.4,34.8,42.7,8.6,30.5,2,18.3,47,2
8.1,9.9,2.1,17.9,17.9,2.7,31.2,3.4,39.5,3.3,91.4,41.4,2.4,207.5,159.1,10.4,5,76.1,58.3,14.3,23.4,22.1,58.6,10.5,37.5,2,17.8,19.7,2
0.1,0,6.6,8.4,8.4,8.8,11.8,4.1,27.1,10.4,258.6,26.6,2.3,"8,075.30",371.6,4.7,0.1,31.4,1.4,85.5,809,45.6,1.5,14.4,7.2,55,45,"2,197.40",3
0.5,0.7,1.7,15.2,15.2,2.1,20.5,4.6,56.2,1.5,52.5,36.2,3.1,203.2,155.6,13,6.4,89.4,68.4,8.6,15.8,14.2,75.1,7.3,0.2,1,12.8,10.3,2
0.1,0.1,2.8,9.3,9.3,3.3,10.4,5.2,79.3,1.4,46,45,0.4,526.6,186.6,6.5,1.2,82.5,29.2,31.7,79.7,47.6,36.2,6.6,0.1,4,31.6,46,3
0.5,0.3,0.6,6.2,6.2,0.7,5.8,1.3,29,1.9,77.5,53.2,1.4,131.7,119.6,11.2,8.5,85.5,77.7,33.6,64.7,40.4,32.8,8.7,1.8,1,26,41.5,3
0.6,0.5,1.5,9.2,9.2,2,225,3.9,31.7,5,73.8,54.8,3.6,228.5,144.7,13.1,5.7,72.4,45.8,54.2,82.2,26.2,42.8,8.9,49.1,2,19.9,69.3,2
2.7,3.7,2.6,22.8,22.8,3.1,74.3,6,62.8,1.8,46,40.4,2.5,281.7,170,12,4.3,87.2,52.6,24.1,45.3,15.4,66.8,7.3,32.3,1,19,31.1,2
0.2,0,8.2,28.2,28.2,7,78.3,0.9,7.6,10.3,256.5,36,0.1,142.2,218.3,2.9,2,21.7,33.4,87.6,115.1,58,3.6,6.2,0.2,106,49.7,114.9,3
1.7,2.3,1.7,10.3,10.3,2.2,37.8,5.2,43.3,3.4,52.9,53.6,3.4,270.4,148.5,13.7,5.1,80,44,31.6,52.9,14.1,63.2,10.1,54,1,17.3,42,2
0.3,0.4,0.5,2.8,2.8,0.8,3.1,3.7,45.8,2.1,44.2,58.7,2.6,205.2,132,11.7,5.7,84.8,54.5,20.1,39.6,10.7,73.9,8.5,13,0,20.8,26.8,2
1.9,2.9,1.2,10.5,10.5,1.8,10.7,6.8,92.3,-0.5,-11.8,58,1.3,228.7,129.8,13.9,6.1,103.7,58.9,24.2,40,15.9,72.2,4.7,35.9,1,15.6,29.8,1
100,100,2.3,20.1,20.1,2,41.3,5.2,60.2,1.1,27,45.6,2.7,236.8,149.6,13.2,5.6,92.5,58.5,36.1,66,26,59.8,7.3,66.7,1,18,47.4,1
0.1,0.2,0.2,1.1,1.1,0.3,1.4,4.2,53.3,2.2,39.3,71.4,2,205.9,120.6,11,5.3,83.3,48.8,31,53.5,15.6,63.1,4.3,1.2,0,19.3,39.8,3
13.2,13.1,3,26,26,3.6,70.5,3.7,48.6,2.7,112.1,32.3,1.5,194.8,168,9.9,5.1,78.4,67.6,42.9,66.4,34.5,47.2,4.3,33.8,4,21.2,52.4,2
0,0.1,5.1,28.4,28.4,5.8,34.1,4,55.6,3.2,228.4,19.5,0,262.4,250.1,6.5,2.5,66.9,63.8,40.1,103.5,7.6,57.5,2.3,0.1,6,49.1,108.1,3
0,0,4.4,9,9,5.9,11.3,7.6,79.6,1.3,44.4,31.3,0.7,687.3,249.3,9.6,1.4,87.9,31.9,80.6,243,14,17.6,8.1,3.2,3,94.3,185.7,3
0,0,10.2,14.2,14.2,14.4,22.6,14.3,46.1,16.7,107.9,50,1.1,"1,337.50",193.2,15.4,1.2,48,6.9,94.9,"1,484.10",40.3,0,1.5,-,23,116.4,"2,344.10",3
0,0,-3.9,-53.3,-53.3,-4.4,-24.3,8.4,133.1,-3.4,-36.8,146.5,1.5,348.4,77.7,13.6,3.9,133.3,29.7,52.5,87.9,30.5,43.5,4.7,44.7,-1,10.2,58,3
1,1.6,4.6,6,6,5.9,7.4,7.2,88,1,42.8,28,0,"58,059,400.00",357.4,7.2,0,88,0,20.2,158,0,77.1,1.5,0.2,18,66.4,111.4,3
0.8,1,6,10.4,10.4,5.3,17.1,5.2,74.2,1.1,118.6,12.8,0.9,863.4,464.9,6.8,0.8,86.3,46.5,34.5,"12,739.00",7.5,60.2,1.7,0.1,171,125.7,123,3
0.2,0.2,2.2,5.2,5.2,2.4,16,4.1,54.4,2.7,65.7,55.4,0.9,379.6,157,6.5,1.7,70.3,29.1,25.2,"2,877.80",16.2,62.3,12.1,0.6,26,70,43.5,3
0.1,0.1,2.2,5.7,5.7,2,6,5.4,66.3,2.5,46.2,66.6,0.7,511.3,140,7,1.4,73.7,20.2,40.1,102.6,21.7,51.5,6.6,0.2,2,21.3,62.6,3
0,0,6,8.9,8.9,9.2,11.5,10.7,84.5,2,62.9,24.6,0.4,"3,802.20",380.4,11,0.3,84.9,8.5,1.8,1.8,2.8,90.5,0.4,0,7,55.4,17.5,3
0,0,3,4.2,4.2,2.9,5.3,5.2,33.8,3.8,67.6,37,6.7,962.8,237.7,12.8,1.3,77,19,13.5,59.1,12.1,76.3,20.2,0.3,3,42.8,40.5,3
0.2,0,2.6,13.6,13.6,3.1,62.5,2.5,50.5,2.4,138.2,35.6,0.1,340.2,213.4,3.5,1,59.3,37.2,93.3,120.9,5.3,0.5,1.2,0,38,51.8,"1,543.70",3
0,0,1.5,4.6,4.6,1.7,5.2,4.3,63.1,2.1,46.7,65.6,0.6,252.4,131,7.9,3.1,79,41,36.1,130.6,14,54.1,13.9,0.3,1,24.7,54.6,3
0.9,1,2.7,19.5,19.5,3,29.1,3.7,82.4,0.8,96.8,17.9,0.6,204.6,184.7,7.2,3.5,90.3,81.6,34,164.7,35.8,55.3,4.2,0,44,24.9,41.8,2
0.2,0.3,1.6,5.8,5.8,2.1,7.9,4.9,70.9,1.5,48,45.9,1.6,237,152.7,9.3,3.9,86,55.4,12.3,124,7.6,75.5,11.9,20.3,7,29,17.8,2
0,0,5.2,17.5,17.5,4.8,15.3,5.9,35.5,10.6,92,70.1,0.2,496,137.8,7.3,1.5,40.8,11.3,76.9,134.7,10,0,2.7,-,8,72.1,118.2,3
0,0,-13.3,-17.4,-17.4,-12.3,-11.4,4.1,56.7,2,73.6,37.2,1.5,200.1,157.2,10.5,5.2,84.1,66.1,7.3,317.1,1.1,0.6,91.7,0,-3,60.2,607.2,3
0,0,14.1,20.3,20.3,17.9,23.8,5.6,15.2,31.3,164.8,51.5,0,"1,318.60",192,6.1,0.5,16.2,2.4,80.1,"1,187.20",0,0.1,15.6,0,10,19.8,-,3
14.8,8.4,2.3,29.3,29.3,2.6,85.4,3.7,77.4,0.8,51.2,34.6,0.5,144.3,129.7,12.8,8.9,93.8,84.3,21.9,30.7,56,29.5,2,43.1,2,20.1,24.3,2
7.2,7,2.2,23.5,23.5,2.5,81.5,3.7,69.6,1.1,57.7,37.1,0.9,145.6,130,13.3,9.1,92.1,82.3,14.9,24.1,35.9,50.6,5.2,21.2,2,14.5,16.7,2
7.4,8.3,1.6,13.8,13.8,1.8,30.1,3,55.3,1.7,67.8,46,1.2,144.5,126.9,12.3,8.5,87.8,77.1,30.4,64.4,22,58.4,5.8,28.3,1,14.3,35.6,2
0,0,5.7,6.8,6.8,5.6,3.5,13.6,94.7,0.8,9.5,55.2,0.9,"1,167.10",169.9,14.9,1.3,95.2,13.9,93.2,719.8,78,0,49.4,-,3,186.4,684.3,2
12.1,12.1,2.2,15.6,15.6,2.4,56.8,2.9,46.1,2.2,87.2,40.5,1.3,156.1,138.2,11.3,7.3,83.6,74,21.4,33.2,31.6,51.8,3.4,32.4,2,18.2,25.6,2
0.5,0.5,2.7,19.8,19.8,3.2,21.2,5.8,74.3,1.5,37.6,50.8,0.7,183.1,133.2,14,7.6,90.3,65.7,17.8,31.2,21.7,57.9,4,24.4,1,18.5,22,2
0.2,0.2,0.2,2.3,2.3,0.1,1.4,3.9,85.3,0.6,13.4,91.6,0.3,173.7,104,9.4,5.4,94.4,56.5,22.7,48.4,3.2,73.3,1.7,64.6,0,22.3,27.8,2
1.1,1.3,2,15.7,15.7,2.3,36.1,6.6,68,1.9,35.3,55,2.1,190.2,131.2,16.4,8.6,89.7,61.9,18.2,29,28.8,59.7,6.4,16.1,1,14.7,22.2,2
0.1,0.1,1.3,8.2,8.2,1.4,12.5,3,56.9,1.7,53.2,60.3,0.7,170.6,125.4,8.6,5,83.6,61.5,70.3,86.8,12.8,24.5,5.9,1.5,0,34.5,86.6,3
2.1,2.3,1.2,14.1,14.1,1.3,14.9,4.1,58.8,2.2,46.1,68.2,0.9,155.8,116.6,13.3,8.6,85.9,64.3,31.6,49.7,14.8,57.7,3.6,19.5,0,17.7,39.1,2
13.8,13,1.7,15.1,15.1,1.8,54.8,2.6,41.1,2.7,92.7,45.2,1.7,151.9,134.8,10.9,7.2,80.2,71.2,41.3,77.4,25.8,48.8,7.4,29.7,1,15.2,49.4,2
9,10.5,1.8,17.7,17.7,2.1,24,3.2,48,2.9,77.6,55.6,0.9,152.4,127.1,11,7.2,79.3,66.1,13.1,20.2,20.7,60.7,9.3,34.9,1,15.7,17.4,2
0.1,0,9.6,12.2,12.2,12.4,17.5,13.9,76.2,3.9,95.6,22.4,1.7,"17,746.60",439.3,14.4,0.1,78.7,1.9,85.1,766.3,13.5,1.9,16.2,3.2,80,65.1,"1,839.70",3
0.5,0.6,1.7,17.1,17.1,1.8,17.7,4,57.1,1.7,50.4,47.6,1.8,178.2,136.2,12,6.7,87.8,67.1,28.9,53.9,8.3,63.3,5,0.6,1,14.1,33.8,2
0.1,0.1,0.5,1.6,1.6,-0.2,1.1,5.3,134,-1.3,-42,81.1,0.9,360.8,114.3,7.3,2,122.5,38.8,31,85.8,41,40.7,6.9,0.1,1,34.1,49,2
0.5,0.3,0.4,4.5,4.5,0.4,5.4,1.7,51.3,1.1,47.1,67.5,0.6,120.9,108.2,13.1,10.9,92.6,82.9,35.1,68.9,51.1,31.4,6.9,1.5,0,17.9,40.5,3
0.8,0.7,1.7,11,11,1.9,241,5.7,52.5,3.1,47.7,59.5,2.5,225.1,134.7,13.9,6.2,82,49.1,51.7,78.2,19.6,46.1,5.6,50.9,1,17.9,65.9,2
2.7,3.5,1.6,15.9,15.9,1.7,38.8,5,75.4,1,26.7,53.8,1.4,186.4,130.3,12.3,6.6,92.8,64.8,24.5,43,15.3,66.4,5.3,32.7,1,17.2,31,1
0.1,0,4.7,10,10,6.3,25.1,2.8,17.9,12.7,138.7,59.2,0,123.8,130.3,14.4,11.7,53.2,56.1,57,135.9,36.8,20.1,20,0.1,34,40.7,125.4,3
2.1,2.7,1.8,11.6,11.6,2.1,38.3,6.4,62.2,2.3,36,61.1,1.9,211.1,129.6,15.2,7.2,87.1,53.5,29.5,51.8,7.6,66.2,6.2,56.5,1,15.4,37.5,2
0.4,0.4,0.4,3,3,0.5,3,4,63.5,0.8,19.5,68.6,1.5,161.2,114.9,14.3,8.9,94.5,67.3,26.9,50.8,13.3,54.4,6,15,0,17.9,32.8,2
2.3,3,1,9.7,9.7,1.1,10.6,4.6,82.3,0.6,17.3,65.1,0.8,158.1,116,13.4,8.5,95.5,70.1,27.5,45.4,19.3,66.9,3.2,33.5,0,13.8,33.8,1
100,100,1.5,13.3,13.3,1.9,24.2,4.7,58.9,1.6,37.5,52.1,1.9,185.3,132.7,14,7.5,89.9,64.4,17.1,32.6,19.9,67.3,5.4,50.4,1,16,22.2,2
0.1,0.2,0.1,0.5,0.5,0.1,0.5,4.6,69.9,1.5,26.2,87.8,0.7,172,106.3,12.1,7,88.9,54.9,31.6,67.4,10,58.3,3.4,1.1,0,21.9,41.2,2
12.6,13.6,2.2,21.4,21.4,2.4,41.7,3.1,52.4,2.4,82.3,48.2,0.6,151.3,131.2,10.5,7,81.8,70.9,31.9,47.3,28.9,56.1,3.7,32.7,2,16.1,38.2,2
0,0,5.1,29.1,29.1,5.4,44.9,3.1,45.1,3.8,266.3,20.6,0.1,205.4,225.2,6.1,3,61.6,67.6,41,119.3,7.3,55.4,2.8,0.3,5,51.6,137.3,3
0,0,6.9,13.1,13.1,6.9,14.8,7.8,82,1.7,70.5,25.5,0.1,438.5,249.7,10,2.3,85.5,48.7,72.1,208.8,16.6,25.8,4.7,0,4,86.8,136.9,3
0,0,10.1,15.2,15.2,10.9,21,19.1,86.8,2.9,26.1,50.5,0,753.7,177.5,22,2.9,88.3,20.8,97.2,278.4,79.1,0,1.5,-,21,121.8,282.1,2
0.1,0,-3.5,-60,-60,-3.3,-27.4,5.1,148.5,-1.7,-26.6,182.3,0.5,164.5,80.1,13,7.9,114.7,55.8,75,106.6,35.2,22.2,1.9,18.6,-1,23.2,83.3,2
1,1.5,4.8,6.3,6.3,6,7.9,7.8,93.6,0.5,22.6,28.1,0,"446,338.00",355.3,7.8,0,93.6,0.1,20,130.7,0,77.4,1.4,0.3,16,70.8,108.2,2
0.7,1.1,8.1,13.4,13.4,7.5,28,8.3,87.9,0.9,64.3,14.9,0.5,"1,003.90",441.7,9.5,0.9,91.3,40.2,13.6,"2,064.80",6.3,81,1.3,0.1,186,104.9,73.5,3
0.1,0.2,4,7.8,7.8,4.5,22.9,5.5,45,4.2,85.8,39.8,2.8,432.9,201,10.4,2.4,71.5,33.2,32.6,"3,474.20",13.8,57.5,11.9,0.8,18,79.2,67.1,3
0,0,0.9,1.4,1.4,0.5,1.4,6,66.3,3,37.1,90.2,0.4,575,109.4,7.3,1.3,70.6,13.4,42.6,332.5,20.3,46.8,7.2,0,1,35.6,122.8,3
0,0,6.5,11.7,11.7,6.4,11.8,6.4,72.7,2.4,112.8,24.2,0.3,"1,507.40",358.4,6.9,0.5,74.1,17.6,62.9,290,4.9,31,0.1,0,7,64.8,143.2,3
0,0,7.9,15.9,15.9,14.5,37.4,20.7,71.1,6.3,59.3,36.4,3.9,285.6,180.9,35,12.3,84.8,53.7,33.1,359.4,7.9,50.8,22.4,0.1,9,49.2,180.8,3
0.2,0,3.4,17.2,17.2,3.9,75.3,3.3,58.4,2.3,145.4,28.6,0.1,339.2,234.7,4.6,1.4,66.6,46.1,91.5,114.9,7.1,0.4,1.1,0,45,60.1,783.6,3
0,0,1.2,3.4,3.4,1.6,3.5,6.1,87.2,0.6,11.7,71.1,0.5,290.3,124.3,9.8,3.4,94.4,40.4,33.1,127.8,13.7,56.6,19.1,0.6,1,22.2,54.3,2
0.9,1,2.1,16,16,2.4,23.8,3.7,91.3,0.2,19.8,20.4,0.9,222.7,180.7,7.1,3.2,97.7,79.3,31.2,181.7,28.7,59.1,3.9,0,30,21.1,37,1
0.2,0.3,2.4,8.1,8.1,2.6,9.9,5.1,83,0.6,21.2,46.5,0.7,243.9,149,9.5,3.9,93.9,57.4,23.1,163.4,6.3,64.6,9,22.9,3,32.4,33.4,1
0,0,-0.7,-3.1,-3.1,-1.5,-2.5,16.3,39.5,25,95.1,63.6,16.5,258.9,141.1,26.5,10.2,51.5,28.1,79.6,225.6,36.4,0,7.9,-,-1,108.9,253.4,4
0,0,-16.3,-17.8,-17.8,-14.3,-11.4,3.6,58.1,1.9,64.1,47,1.1,157.9,131.6,11.9,7.5,86.3,72,24.9,299.3,6.6,4.2,70.2,0,-3,78.5,357.7,3
0,0,-0.3,-1.3,-1.3,-0.4,-1.2,24.4,112.3,-2.7,-12.2,101.5,0.1,199.6,99.3,48.8,24.5,105.8,52.6,70.7,661.9,12.7,5.7,18.7,1.8,0,13.9,658.6,3
9.5,9,1.4,13.5,1.7,55.3,2,43.5,1.3,131.4,22.2,2,172.4,166.1,9.5,5.5,87.9,84.7,16.5,31.6,33,60.7,3.5,24.6,5,408,16.1,22.2,1
0.1,0.1,3,12.6,3.7,18.8,4.4,74.8,0.9,139.7,10.7,0,196,190.8,12.1,6.2,93.2,90.7,20.4,673.6,47,49.5,1.6,0.3,86,"3,163",104.6,678.4,2
0.7,0.7,0.9,12,0.9,16.7,0.3,8.6,2,307.5,19.1,1.9,130.2,145.2,9.4,7.2,82,91.5,14.9,32.1,30,64.2,3,1,4,496,17.2,18.5,2
0.2,0.1,1.8,12.2,2.1,22.9,2.5,67.1,1.2,241.8,13.6,1.1,324.4,304.6,5.2,1.6,80.9,76,49.8,87,64.3,31.8,3.6,0.1,14,856,18,59.3,1
0,0,17.8,18.3,12,10.9,12.7,80.3,2.6,116.3,14.4,0,"9,218,250.00",742.7,14.3,0,84.3,0,74.8,"30,630.40",75.2,23.7,0.7,0,115,"1,292",190.7,"24,159,750.00",1
0.5,0.6,0.9,9.5,1,10.5,2,68.2,0.6,62.2,30.8,1.2,136.9,129.8,12.1,8.8,95.5,90.6,15,39.4,24.1,71.9,3,4.7,4,478,20.7,20.2,2
0.3,0.2,5.3,31.6,6.4,"1,448.00",7.4,73.4,3.4,109.5,30.8,0,236,192.2,13.7,5.8,80.3,65.3,50.1,65,59.1,37.6,0.2,0,163,"3,352",22.7,64.6,2
3.8,3.7,1.7,15.4,1.7,65.8,1.6,39.7,1.3,101.1,33.2,2,151.7,143.7,10.6,7,88.8,84.1,13.1,24.6,24.7,63.3,8.8,25.7,3,194,19.5,17.6,2
0.1,0,4.3,22.3,5.9,90.7,15.1,174.1,-4.4,-159.3,31.9,0,"1,510.70",307.2,16.2,1.1,137.4,27.9,38.2,98.4,53.2,42.8,0.3,0,122,"2,662",31.5,51.6,2
0.9,0.6,1.2,12.2,1.3,51.4,3.7,97,0.8,41.4,47.4,0,193.4,151.2,9.2,4.8,92.4,72.2,44.2,67.9,48.9,47.8,0.9,23.5,4,400,20,55.5,2
0.4,0.3,0.4,5.6,0.6,7.2,1.8,71.2,0.6,74.9,32.2,1.1,159.9,147.7,7.9,4.9,92.7,85.6,24.7,57.2,49.6,49.1,0.8,10.4,1,353,30.8,30.3,2
1.6,1.6,1.9,16.1,2.3,30.5,3.4,51.2,1.9,100,29.2,2.4,197.4,173.5,11.6,5.9,85.8,75.4,23.3,42.8,32.5,65,1.4,30,5,259,21.7,30.8,2
100,100,1.2,20.5,1.3,29.5,3.5,214.2,-1.7,-568.7,18.7,0.1,296.2,171.9,5.4,1.8,147.5,85.6,38.1,99.3,39,60.6,0.1,0,156,"15,710",14,40.9,2
0.9,0.8,0.1,0.5,0.1,0.5,1.2,31.8,1,65.7,40.8,2.1,144.3,131.1,10.7,7.4,91.6,83.2,21.5,40.6,34.4,59.3,1.2,7.8,0,698,21.4,27.2,3
100,100,1.7,18,1.9,71.9,3.5,78.2,0.5,44.2,27.1,1.4,188.3,162.2,10.4,5.5,95.1,81.9,12.6,26.2,34.1,59.7,2.9,32.8,4,290,15.4,16.7,2
0,0.1,4.2,8.1,5.2,10,7.3,86.2,0.5,32.7,19.1,0,"2,151.60",479.7,9.3,0.4,94.6,21.1,22,134,22.2,77.3,0.2,0,68,"1,820",51,43.6,2
0.1,0.1,-6.2,-47.7,-8.1,-40.8,-3.8,-91.2,0.9,29.3,71.4,9.2,141.8,121,18.6,13.1,95.5,81.6,16.5,28,44.4,49,3.7,0.1,-12,158,13.1,19.4,4
9.8,9.4,1.9,15.1,2.3,158.1,2.6,41.9,1.7,133.2,20.2,2.7,197.5,185.6,10.8,5.5,86.7,81.5,17.5,33.4,32.2,62.1,3.6,30.5,7,385,18.3,23.3,1
0,0,13.1,36.6,17,65.5,12.5,68.8,6.4,748.9,4.7,0,"1,157.60",988.2,14,1.2,68.6,58.6,73.4,131.5,98.2,0.6,0.9,11.7,44,331,105.5,132.7,1
0,0,5.7,16.2,7.2,36.9,6.8,70,3.5,230.4,15.6,1,355.5,314.2,10.9,3.1,75.8,67,65.8,180.9,65.8,32.5,0.5,0.5,11,204,37.4,114.8,1
0.3,0.4,2,20.1,2.4,33.2,2.8,101.1,-0.1,-82.5,6.2,0.2,"1,274.60",726.4,3.2,0.3,104.6,59.6,18.6,31.5,18.6,81.3,0,0,225,"12,045",28.6,20.9,1
0,0,8.2,9.1,10,42.5,17.9,80.7,8.9,74.9,53.6,0.3,510.7,193.1,22.5,4.4,71.7,27.1,88.7,"1,554.60",96.8,0,1.8,-,42,529,129.3,"2,124.90",3
0,0,0,0.3,0.5,0.1,0.8,39.2,3.7,274.3,65.6,0,275.1,274.5,1.5,0.5,29.1,29,45.3,687,54.9,41.1,0.5,0,0,762,38.9,50.6,3
0.9,1.2,4.6,7.6,5.5,8.9,6.2,95.2,1.3,128.1,15.9,0,708.2,416.2,7.2,1,84.5,49.7,8.8,55.7,8.8,87.8,2.7,0.1,70,"1,696",46.1,23.7,2
3.8,5.5,0.7,12.5,0.6,13.3,0.6,75.8,0.2,328.8,10,0,133.9,141.5,2.4,1.8,91,96.1,3,52.7,5.9,92.9,0,0,70,"11,619",18.7,3.4,2
0.4,0.6,1.3,12,1.6,32.1,1.9,70.1,0.2,124.4,7.3,0,296.6,276.1,4.4,1.5,94.6,88.1,10.4,"1,094.40",12.1,86.8,0.9,0,160,"15,715",14.2,12,2
0.4,0.3,2.1,19.2,2.4,22,2.4,46.7,2.6,153.3,33.9,1,149.2,150,10,6.7,79.3,79.7,19.1,45.1,38.5,53.4,4.1,25.6,26,"1,352",12.9,23.5,2
0,0,6.9,8.1,9.1,18.1,13.9,108.7,-0.5,-20.3,17.8,0,"102,337.50",646.9,15.3,0,103.1,0.7,39.7,413.4,44.7,54,0.6,0,11,161,53.4,424.4,2
0,0,20.9,36.9,25.6,124.6,17.1,60.1,13.6,507.3,9.4,0.1,779.1,639.7,19.8,2.5,59.3,48.7,24,145,24.5,70.9,0.1,0.1,31,149,16.9,92.9,2
0.3,0,4.3,32.1,5.2,80,4.4,74.1,1.9,308.3,10.5,0.1,449.9,403.8,5.8,1.3,75.2,67.5,98.4,116.9,98.3,0.1,1.1,0,480,"11,795",19.5,117,1
0.1,0.1,3,27.3,3.1,40.6,5.5,106.5,-0.7,-56.7,22.4,0.9,185.3,153.2,14.1,7.6,104.9,86.7,23.4,48.4,27.9,62.4,1.5,0.1,65,"2,698",15.2,37.9,1
1,1.2,2,16,2.4,23.6,3.2,81.7,-0.4,-269.6,3.7,1.4,236.8,215.7,7.9,3.3,105.2,95.8,5.1,362.2,22.1,72.4,3.6,0,220,"12,766",16.2,6.3,1
0,0,-3.1,-11.3,-3.7,-11.1,-3.2,-54.6,4.8,154.4,54.1,6.4,154.2,154.3,9.2,6,65.5,65.5,8,122.2,17.8,74.5,6.1,0.2,-37,970,32.1,12.3,3
0,0,27.5,36.4,33.4,247.1,9.9,21.5,49.7,402.4,26.8,0,713.5,439.1,11.8,1.7,19.2,11.8,60.8,"7,695.50",71.8,5.5,1.2,0,124,479,91.9,"1,104.80",2
0,0,-0.3,-0.9,-0.3,-0.7,2.4,58.5,0.9,91,25.3,1.5,167,155.5,9.7,5.8,91.1,84.9,13.2,97,18.6,62.3,16.4,0,-4,"1,350",37.8,22.2,3
0,0,30.4,34.7,37.3,66,11.9,23.1,48,333.7,27.9,0,-,416.7,11.9,0,19.9,0,54.2,"1,558.30",54.4,0,4,-,27,91,104.4,-,2
14,14.4,2,18.6,2.4,141.8,3.6,79,0.7,47.2,32.5,0.7,191.1,153.8,8.2,4.3,92,74.1,26,42.1,16.6,68.7,3.8,28,4,244,15.2,30.5,2
9.9,9.8,1.4,16,1.5,298,2.2,62.2,1,64.4,42.4,0.5,151,131.1,7.6,5,88.7,77.1,23.3,39.8,16.1,66.6,4.2,20.1,4,315,14.2,27.5,3
8.7,8.9,1.5,17.5,1.7,148.9,2.4,54.1,1.2,73.8,37.2,1,167.2,143.3,7.9,4.7,86.8,74.4,21.3,38.5,11.9,68,4.9,26.1,4,292,15.5,25.6,2
0,0,4.1,4.6,5.1,2.7,13.2,94.7,0.7,8.4,63,0,"4,784.70",156.9,13.5,0.3,94.8,3.1,94.8,"20,300.00",0,0,16.2,-,2,51,207.8,"43,709.00",3
10.2,9.2,2.1,17,2.4,151,2.8,63.7,1.1,76.8,33,0.7,184,155,7.3,4,86.6,72.9,29.8,56.5,21.9,60.3,4,22.9,8,395,17,36.8,2
0.5,0.5,1.1,9.5,1.3,26,2.5,56,1.2,51.4,49.3,1,152.4,126.4,9.9,6.5,89.5,74.3,22,36.6,5.6,72.7,5.2,2.1,1,135,14.2,26.2,3
0.6,0.7,0.9,12.1,1,17.7,2.3,59,0.7,36.9,46.7,1.1,153.3,126.4,9.2,6,93.3,76.9,26.3,55.7,10.6,72,3.5,6,2,251,16.1,32.9,3
1,1,0.4,4.4,0.4,9.9,2.7,51.9,1.1,35,61.9,1.5,180.1,123.9,9,5,89.1,61.3,23.6,37.9,9.2,65.9,7.8,5.7,0,115,15.4,27.4,3
0.1,0.1,0.3,2.4,0.3,2.7,3.7,89.9,0,1.4,82.9,0.4,199.9,109.4,8.2,4.1,99.4,54.4,17.7,27.2,0.6,77.9,6,0.6,0,131,14.8,20.8,3
2.8,3.1,1.3,12.7,1.5,48.5,3.7,69.5,0.7,25,53.3,0.9,197.5,132.8,9.2,4.7,92.9,62.5,22.8,36.6,7.7,73.8,3.4,24.9,2,170,16.1,28.1,3
11.7,11.6,1.6,13.4,1.8,118,3.1,68,0.9,45.6,44.6,0.7,191.4,142,7.6,4,89.1,66.1,24.9,44.3,16.4,66.3,6.8,23.5,4,266,16.7,31.3,2
9.6,9.4,1.3,12.9,1.5,83.1,2.2,51,1.2,62.7,43.6,1.1,175.7,140.4,7.2,4.1,86.1,68.8,24.8,44.5,14.5,65.5,6.3,26.5,4,344,14.5,31.6,3
0.1,0.1,2.4,10.3,3.3,14.6,4.2,80.1,1,54.2,35.6,0.1,180.6,147.5,9.4,5.2,90.3,73.7,25.1,"1,099.60",33.1,39.4,3.7,0.3,67,"2,628",70.7,703.8,2
0.6,0.6,0.4,4.6,0.4,6.7,1.7,60.3,0.4,24.1,51.4,1,155.5,123.3,7.1,4.5,95.2,75.4,24.1,52.5,13.6,67.9,4.4,1.4,1,365,18.1,29.6,3
0.2,0.1,1.6,11.3,2,18.2,2.9,63.4,1.3,77.3,35.6,1,399.1,207.6,4.4,1.1,77.8,40.5,49,98.9,14.8,39.2,4.6,0,11,723,18.2,59.1,2
0.5,0.6,0.7,8.4,0.8,9.3,2.3,75.5,0.4,21,59.5,0.5,144.2,115.7,8.6,6,95.8,76.9,15.5,39.1,5.1,78.9,4.5,4.3,3,391,19.6,19.5,3
0.3,0.2,3.2,19.6,3.9,792.6,7.9,102,-0.2,-5.2,48,0.1,251.3,144.9,13.2,5.3,101.5,58.5,45.2,60.3,17.9,52.8,1.5,0,38,"1,212",19.2,56.8,2
3.9,3.7,1.7,16.1,1.8,56.7,2.9,57.9,0.9,40.3,47.4,1.6,184.7,136.9,8.7,4.7,90.2,66.8,24.1,41.9,10.6,62.9,9.7,28.9,3,174,19.5,30.9,3
0.1,0.1,1.7,10.9,2.3,41.5,6.4,104.5,-0.3,-7.2,62.3,0,455.9,141.1,8.2,1.8,103.5,32,42.2,93,14.5,56.4,0.2,0,56,"3,042",21.5,52.9,2
0.8,0.7,1.3,12.8,0.7,47.3,4.3,69.1,0.6,14.5,66.2,1.4,255.4,127.1,9.2,3.6,93.9,46.8,33.9,54.3,9.4,61.8,4.6,27.3,4,300,17.6,44,2
0.4,0.4,0.4,5,0.6,4.9,2.7,91.8,0.2,9.9,55.6,0.7,191.5,128,5.7,3,97.3,65,35.3,82.5,19.3,59.2,1.7,11.1,1,293,14.4,39.6,3
1.7,1.9,1.6,15.6,2,24.2,4.1,68,1,34.6,47,1.2,218.7,145.1,9.4,4.3,90.5,60,22.1,41.2,7.4,72.7,4.4,32.3,3,203,19.9,28.1,3
100,100,0.9,12.8,1.1,15.3,3.1,168.8,-1.3,-192.9,35.7,0.1,463.1,178.3,4,0.9,147,56.6,30.8,72.1,0.2,68.9,0.2,0,81,"9,731",14,33.6,2
1.1,1.1,0.9,8.9,1.2,9.7,3.2,70.5,0.4,18.1,49.4,1.1,164.4,126.5,10.5,6.4,96.3,74.1,27.9,48.7,8.8,68.4,4.4,11.5,7,704,20.3,34.3,3
100,100,1.4,14.4,1.6,47.9,3.7,73.5,0.5,20.2,47.5,1,207,139.8,8.7,4.2,94.8,64,22.4,41.9,16.7,65.7,6,32,3,217,15,28.7,3
0,0.1,5,8.1,5.7,9.5,7.9,93.5,0.5,21.6,29.9,0.2,"5,142.90",320.6,8,0.2,93.6,5.8,22.8,330.8,0.7,76.5,0.3,0,65,"1,418",56.1,58.5,2
0.2,0.1,-0.8,-5.5,-1.2,-6.2,1.2,23.6,1.9,47.4,82.2,2.1,136.4,107.1,11.3,8.3,85.5,67.1,36.1,59,17.4,59.9,7.9,0.2,-1,148,14.1,43.7,4
10.5,10.1,2.1,16.5,2.5,151,4,74.7,0.8,42.2,37.8,1,219.2,157.4,8.2,3.7,90.6,65.1,22.5,40.8,15.7,64.5,5.2,31.5,7,344,18.7,28.4,2
0,0,6.9,19.9,6.5,26.4,4.3,52.9,3.8,284.8,16.4,0.2,"1,487.80",513.9,4.6,0.3,55.1,19,98.1,142,37.2,0.8,1.7,5.8,18,338,62.8,140.3,1
0,0,3.6,10.7,4.5,22.1,5.6,77.6,1.6,60.2,37.3,0,460.6,206.7,7.2,1.6,81.5,36.6,71,180.6,0,27.8,2,3.5,7,182,40.2,117.1,2
0.3,0.4,1.3,11.7,1.4,15.8,1.9,97.4,0.1,24.3,10.7,0.4,"1,621.90",620.8,2,0.1,97.5,37.3,18.2,29.6,0,79.5,0,0,107,"10,588",23.8,20.3,1
0,0,6.7,7.5,8,32.2,16.6,87.2,2.4,22.3,57.1,0.2,651.7,158.7,19.6,3,89,21.7,98,981,30.7,0,0.8,-,32,512,107.1,"1,002.80",3
0,0,0.3,1.5,0.6,0.7,1.8,31,3.9,77.4,89.2,0,453.1,111,2.3,0.5,36.6,9,23.4,"1,452.10",21.4,49.4,0.6,0,1,478,32.5,28.2,3
0.8,1.1,4.2,6.5,4.9,7.5,5.8,78.6,1.6,76,28.2,0.4,"4,895.00",340.7,5.9,0.1,78.9,5.5,7.1,45.4,0,89.7,0.6,0.1,52,"1,315",47.8,22.9,2
2.8,3.9,0.7,10.4,0.7,11.8,1.1,102.6,-0.1,-25.1,31.3,0.1,182.8,142.5,2.6,1.4,103.4,80.6,4.2,54.4,0.4,94,0.4,0,52,"7,761",13.6,4.6,2
0.3,0.3,1.6,12.6,1.8,25.7,2.8,86.4,0.2,17.4,30.6,0.4,392.3,210.1,4.2,1.1,96,51.4,21.4,"2,335.50",2.9,77.1,2.6,0.1,128,"8,983",16.7,25.3,2
0.4,0.3,1.7,15.6,2.1,17.2,4.7,64.1,2.1,67.2,43.2,2,213.2,153.6,9.8,4.6,82.1,59.2,27.2,55.7,13.9,62.2,8.2,29.7,22,"1,388",13.4,33.7,3
0,0,6.2,7.6,7.6,15.6,10.8,95.1,0.6,15.8,31.1,0.2,"11,988.60",316.1,10.9,0.1,95.1,2.5,19,128.3,4,80.4,1.9,0,9,155,52.8,129.9,3
0,0,9,20.6,10.6,51.1,12.6,89.7,1.4,44.3,23.1,0.2,658.6,296.3,14.9,2.3,91.2,41,5.8,27,0.1,75.1,19.4,0.1,26,298,15.1,11.2,1
0.3,0,3,24.1,3.3,46.1,3,68,1.4,143.8,22.3,0.2,471.8,291.8,3.8,0.8,72.9,45.1,96.4,110.7,0.4,1.9,1.1,0,276,"10,564",15.2,320.4,1
0.1,0.1,4,30.3,4.2,46,5.9,91.1,0.4,18.9,31.8,0.2,204.3,156,11.9,5.8,96.8,73.9,28.1,97.3,8.1,62.4,0.4,0,57,"1,700",18,43.3,2
0.9,1.1,2.3,18.4,2.5,24.8,3.6,97.5,0.1,16.4,12.5,0.7,232.1,201,6.3,2.7,98.8,85.6,14.8,408.9,17.1,76.9,1.9,0,199,"9,637",17,18.4,1
0,0,0.3,1.5,0.4,1.5,3,76.2,0.8,24.3,85.7,0.1,167.5,107,7.7,4.6,90.4,57.8,27.5,337.2,5.8,64.5,5.1,0.3,5,"1,423",26.2,38.2,3
0,0,24.9,36.4,21.5,144.1,4.8,11.3,37.5,181.4,48.9,0.1,333.9,195.1,6.8,2,15.4,9,77.6,381.9,30.2,4.6,0.6,0,72,418,102.2,364.8,3
0,0,2.3,6.3,2.3,6.3,3,67.4,0.9,48.8,40.5,0.8,186.7,144.7,7.8,4.2,89.7,69.5,19.8,89,2.9,75.7,0.2,0,16,897,31.4,29.3,2
0,0,8.7,9.7,11.5,17.8,8.2,24.1,25.8,115,66,0,-,151.4,8.2,0,24.1,0,70.3,"29,439.00",0,0,10.1,-,7,84,104.1,-,3
13.8,13.6,1.991015297,18.80892778,2.395209723,128.9494118,3.3,67.9,0.9,61.6,30.8,0.9,204.5,163.9,7.6,3.7,89.3,71.6,28.9,46.1,19.3,65,4.1,26.9,4,197,14.5,33.8,2
8.9,9.2,1.2,12.6,1.4,204.7,2.5,62.5,1,61.2,41.5,0.9,169.6,139.4,7.3,4.3,87.8,72.1,20.3,34.9,14.5,68.4,4.6,20,3,240,13.1,23.3,3
8.2,8.6,1.4,15,1.6,108.1,2.4,53.1,1.2,65.5,40.5,1.1,172.6,142,7.8,4.5,86.8,71.4,22.4,42.4,13,69.5,5.3,27.8,3,230,14.2,27.1,3
0,0,3.1,3.6,3.6,2.1,11,92.3,0.9,10.9,69.5,0,"3,334.20",142.2,11.3,0.3,92.7,4,95,812,0,0,15.3,-,2,55,206.8,826.8,3
10.4,9.4,1.8,15.8,2.1,113.2,2.3,50.5,1.6,99.2,35.1,0.8,178.9,155.1,6.6,3.7,80.9,70.2,31.4,62.1,21.8,59.7,2.6,24.8,5,322,14.3,37.9,2
0.5,0.5,1.5,12.2,1.8,29.2,3.1,59,1.4,58.8,46.1,1,172.5,136.7,9,5.2,86.5,68.5,24.3,40.9,7.2,70.6,5.2,2.8,2,117,13.8,29.2,3
0.6,0.7,0.9,9.9,1,12.2,2.5,59.2,0.9,46.7,45.2,1.3,165.4,133,8.4,5.1,90.4,72.7,23.7,48.3,9,74.3,2.7,5,2,211,13.5,28.5,3
0.9,1,0.5,4.9,0.6,10.8,2.5,38.1,2,53,57,2.2,176.4,129,10.5,6,84.2,61.6,13.4,25,11.3,73.9,10,7.7,0,87,13.1,15.8,3
0.1,0.1,0.4,2.7,0.4,3,3,69.8,0.8,24.1,73.9,0.7,212.6,117.7,6.6,3.1,89.7,49.7,27.1,43.1,3.5,68.3,4.3,0.7,0,116,16.7,32,3
3.1,3.3,1.2,12.8,1.5,42.7,3,51.1,1.5,50.9,50.5,1.4,191.2,137.5,9,4.7,85.8,61.7,25.9,42.5,7.4,70.7,3.4,27.5,2,155,14.4,31.8,3
12,11.9,1.6,13.8,1.8,104.5,2.8,59.5,1.3,61.8,43.8,0.8,194.3,146.4,7.2,3.7,84.7,63.8,26.5,47.4,17.1,65.5,6.5,24.6,3,227,15.2,32.9,2
9.7,10.1,1.2,11.9,1.4,67.5,2.2,50,1.4,68,45.8,1.1,174.8,139.3,7.1,4,83.8,66.8,21.8,39.7,13.1,68.3,7,27.2,3,270,14.2,27.9,3
0.1,0.1,2.9,13.9,3.8,19.2,3.9,73.3,1.3,101,24.9,0.2,150,143,11.8,7.9,89.9,85.8,26.9,270.5,30,41.1,3.5,0.3,88,"2,937",64.3,177.4,2
0.6,0.6,0.1,0.8,0,0.9,0.9,23,1.6,71.5,60.9,1.4,148.9,122.2,6.4,4.3,79.8,65.5,31.9,78,14.5,64.2,4.8,2,0,311,18.3,39.5,3
0.2,0.1,1.4,9.9,1.6,14,2.9,71.6,1,66.2,38.2,0.9,508.9,209.3,3.8,0.7,78.6,32.3,59.9,120.8,19.7,29.5,2.5,0,9,692,18.8,70.7,2
0.5,0.6,0.6,6.8,0.7,8,2.2,71.4,0.4,20.7,63.2,0.5,147.4,114.9,8.3,5.7,95.4,74.4,16,34.9,7.2,77.9,4.5,2.4,1,280,17.7,20.1,3
0.3,0.2,2.4,15.5,3.2,585.1,3.7,50.7,3.5,89.9,52.1,0.3,197.9,145,7.9,4,69.6,51,52.2,66.6,11.8,46.4,1.3,0,25,"1,024",18.2,66.2,2
4,3.6,1.5,15,1.6,42.5,2.8,54.2,1.2,47.7,49.1,1.7,194.6,139.1,8.1,4.2,87.1,62.2,27.9,48.8,12.6,59.9,8.9,29.2,2,149,17.5,35.8,3
0.1,0.1,2.2,13.5,2.5,51.3,4,71.4,1.6,54.5,52.4,0.2,290.3,152.9,6.1,2.1,79.2,41.7,56.7,99,34.8,41.5,0.3,0,69,"3,371",21.6,68.7,2
0.9,0.8,-1.3,-14.4,-1.4,-54.7,1.7,24.6,2.8,57,73.2,3.2,188.9,119.3,8.3,4.4,74.8,47.2,38.2,63.7,9.5,58.1,6.9,38.6,-4,271,20.4,51.6,3
0.3,0.3,0.2,2.3,0.3,3.3,2.3,77,0.4,17.2,73.5,0.5,186.2,115.2,5.6,3,93.7,58,34.7,72,21,61.7,2.1,12.8,0,187,19.8,38,3
1.9,2,1.2,12,1.4,16.4,3.4,60.3,1.2,39.4,53.6,1.2,212.4,137.5,8.5,4,87.6,56.7,24.1,47.4,10,70.1,3.9,34,2,185,17.7,30.4,3
100,100,0.6,7.2,0.6,7.8,2.3,166.3,-0.9,-126.9,52.3,0.1,556.1,153.8,2.8,0.5,148.6,41.1,39.1,75.6,1.4,60.3,0.3,0,41,"8,688",12.9,42.3,3
1.5,1.5,0.6,8.4,0.7,6.1,2.3,60,0.8,45.8,45.2,1.4,171.7,135.2,7.2,4.2,90.2,71,27.6,53.5,4.6,69.1,2.5,10.5,4,766,15,32.1,3
100,100,1.3,12.6,1.5,38.2,3.1,55.8,1.1,39.1,50,1.3,206.8,139.9,8.6,4.2,88.8,60.1,24.4,47.3,18.9,62,6.7,35,2,161,14.5,32.8,3
0,0,3.9,5.4,4.3,6,7,92.6,0.6,18.4,40.4,0.2,"12,669.50",244.8,7,0.1,92.6,1.8,37,"5,049.80",11.5,62.2,0.5,0,41,"1,196",69.8,107.1,3
0.2,0.2,0.2,1.8,0.3,2.1,2.4,52.4,1.3,40.7,70.7,1.1,153.2,114.3,9.5,6.2,87.7,65.4,33.5,60.2,13.2,63.1,4.6,0.2,0,174,16,40,3
10.9,10.8,1.9,15.2,2.2,120.7,3.1,58.9,1.3,61,41.3,1,213,154.7,7.4,3.5,84.9,61.6,21.1,39.6,16.8,65.5,5.2,31.6,5,294,16.2,26.3,2
0,0,6.5,12.7,6.7,14.2,5.2,58.8,3.6,193.7,21.1,0.3,"5,403.30",454.4,5.3,0.1,59.5,5,96.6,190.3,44.2,1.5,3,3.8,9,175,80.2,184.4,1
0,0,3.1,8.5,3.4,15.9,4.5,69.9,1.9,67.3,44.7,0.2,678.6,197.5,5.3,0.8,73.2,21.3,71.3,126.1,4.4,27.6,2,0.6,5,189,46,110.2,2
0.2,0.3,1.9,11.9,2.1,14.3,2.3,85.8,0.4,126.8,11.2,0.2,983.8,524.8,2.6,0.3,87.1,46.4,16.7,68.3,0,80.4,0,0,97,"5,792",15.1,19.9,1
0,0,6.8,8,9.1,31.6,6.5,34.5,12.4,129,50.8,0.3,716.2,187.2,7.6,1.1,37.9,9.9,96.9,"2,803.70",4.4,0,0.9,-,32,445,112.5,"2,855.20",3
0,0,-9.9,-45,0.5,-28,2.4,26.4,6.8,79.4,92.7,0.2,230.2,106.5,4.3,1.9,38.8,17.9,52.5,370.7,34.5,4.8,0.9,0,-38,294,21.2,74,3
0.8,0.9,4.1,6.2,5.1,7,5.5,74.4,1.9,90,28.5,0.3,"214,461.60",350.7,5.5,0,74.4,0.1,21.7,130.5,0,74.3,0.6,0.2,43,"1,150",49.6,67.1,2
2.6,3.6,0.7,8.4,0.6,11.4,1.2,125,-0.3,-79.6,33.8,0,209.6,144.2,2.4,1.1,112.5,77.4,5,646.9,1,90.2,0.4,0,140,"22,759",13.4,5.7,3
0.3,0.3,1.2,9.6,1.3,44.5,2.3,81.8,0.4,37.3,42.6,0.3,406.9,182,3.1,0.8,87.5,39.2,20.9,"2,802.40",3,77,3.2,0.1,71,"7,043",13.4,25.3,3
0.4,0.3,1.3,11.1,1.5,11.9,3.5,65.8,1.6,47.3,61.8,0.5,181.8,125.7,8.4,4.6,84.3,58.3,29.1,70.8,11.9,61.7,7.2,28.3,16,"1,363",12.7,36.5,3
0,0,7,8.4,8.3,16.1,10.5,87.3,1.5,44,28.9,0.2,"6,792.20",335.1,10.6,0.2,87.4,4.3,21,118.9,4.7,78.8,1.7,0,10,148,51.9,120,2
0,0,5.3,14.8,7.1,30.7,9.5,85.4,1,29.5,30.7,0.7,577.4,239.4,12.3,2.1,92.4,38.3,8.2,28.5,0.6,68.3,23.7,0.1,15,268,15.3,14.9,2
0.3,0,2.8,21.6,3.3,35.3,3,66.4,1.5,141.3,23.8,0.2,580.3,302.9,3.7,0.6,70.5,36.8,96.7,112.8,0.6,1.2,1.3,0,212,"8,006",22.8,316.7,1
0,0,3.9,26.4,3.9,82.2,7.1,107.3,-0.5,-23.1,31.8,0.5,247.7,165.2,11.9,4.8,104.3,69.6,22.9,100.3,4.1,62.2,0.3,0.6,37,"1,174",17.3,38.3,2
0.9,1,2.1,17.6,2.5,23.2,3.2,100.4,0,-4,15,0.3,229.7,191.9,5.7,2.5,100.3,83.8,18.9,411.3,20.1,72.2,1.9,0,159,"8,001",14.3,22.5,2
0.1,0.1,0.8,4.3,1.5,4.3,2.6,45.1,2.3,69.1,58.7,0.8,189.1,132.9,7.2,3.8,75.7,53.2,17.6,348.3,4.6,74.8,5.4,5.5,14,"1,681",17.9,22.9,3
0,0,-4.6,-7,-6.8,-17.3,4.4,19.8,18,61.5,130.5,0,168.1,80.9,10.9,6.5,37.8,18.2,72.8,"10,701.40",22.4,11.1,5.6,0,-9,159,80,641.3,3
0,0,3.4,5.9,3.5,5.5,2.7,58.1,1.2,61,42,1,190.7,146.8,7.3,3.8,85.9,66.1,19.5,93.6,4.1,79.1,0.3,0,14,510,53.8,40,2
0,0,7.4,8.3,9.5,14.7,6.5,21,24.5,113.9,69.3,0,-,144.2,6.5,0,21,0,70.8,"13,669.10",0,0,10.8,-,6,81,108.2,-,3
13.5,12.8,1.875731777,17.18347967,2.168617898,103.2494,3.2,73,0.9,51.6,39.5,0.5,191.1,147.7,7.3,3.8,89.1,68.9,31.6,51.2,21.4,61.7,3.7,26.9,3,167,15.1,36.8,2
8.4,8.7,1.3,12.9,1.5,185.2,2.6,63,1.1,56.9,45.6,0.7,170.8,136.2,7.3,4.3,87.3,69.6,19.9,37.6,15,67.5,4.8,21.1,2,198,13.8,23.1,3
8.2,8.5,1.1,12.2,1.4,77.2,2.4,58.5,1.2,59,47.4,0.8,167.4,134.1,7.5,4.5,86.5,69.3,24.3,44.4,13.8,67.7,5.1,29.6,2,199,14.5,29.2,3
0,0,3.1,3.7,3.7,2.1,11,94.7,0.6,7.6,67.8,0,"3,197.40",145.5,11.3,0.4,95,4.3,94.1,775.6,0,0,16,-,2,53,211.3,791.1,3
10.5,9.7,1.4,11.6,1.6,74.9,2.4,53.8,1.3,71.8,40.7,1,192.8,150.7,6.5,3.4,83.4,65.2,33,61.3,23.6,60.4,2.5,27.9,3,260,14.6,39.4,2
0.5,0.5,1.4,11.1,1.6,24,3,61.4,1.1,44.9,50.4,0.9,177.9,133.1,8.7,4.9,88.6,66.3,33.3,62.4,13.8,62.1,5.5,4.5,1,103,14.5,40.1,3
0.5,0.6,0.8,10.1,1,9.6,2.9,72.7,0.5,23.4,53.2,0.9,180.4,128.9,8,4.4,94.1,67.2,20.3,44.8,6.5,77,3.2,5.6,1,167,13.6,23.9,3
1.1,1.1,0.5,4.2,0.3,8.9,2.9,51.8,1.3,36.7,62.3,1.8,186.1,124.8,9.4,5,88,59,19.5,35,12.9,68.5,9,9.8,0,81,13.7,23.4,3
0.1,0.1,0.3,2,0.4,2.2,3.7,81.3,0.5,14.2,83.8,0.4,199.4,109.4,8.1,4.1,93.7,51.4,25.3,67.2,5.3,67,5.9,0.9,0,93,19.9,31.1,3
3.2,3.6,1.3,13.7,1.1,40,3.2,60,1.1,36.4,55.5,1.3,197.7,132.5,8.6,4.4,88.9,59.5,22.3,37.7,7.3,73.9,3,28.2,2,135,13.9,27.4,3
12.3,12.2,1.2,10.1,1.4,68.5,2.7,62.2,1.2,50.3,52,0.7,188,135.3,7,3.7,85.8,61.8,27.4,53.1,16.7,64.5,6.4,26.1,2,200,15.6,34.1,3
9.9,10.2,0.9,8.8,1.1,42.8,2.4,55.4,1.1,52.2,51.4,1.1,181,134.3,6.9,3.8,85.9,63.7,24.1,46.5,14.5,67.5,6.6,29.4,2,220,13.8,30.8,3
0.1,0.1,0.8,3.5,1,4.6,2.4,84.7,0.3,30.6,39.2,0.7,167.2,135.8,6.2,3.7,94.8,77,25,89.9,28.5,44.6,3.4,0.2,21,"3,069",61,90,3
0.6,0.6,0.5,6.1,0.6,9.6,2.6,49.5,1.5,46.8,58.3,1.6,191.5,130.2,8.1,4.3,84.8,57.7,25.5,64.9,6.4,71.1,5.3,2.8,1,223,15.5,30.8,3
0.2,0.1,1.8,12.4,2.2,15.9,2.5,62,1.4,81.7,42.1,0.2,458.6,195.8,3.4,0.7,70.9,30.3,56.5,116.5,12.2,33.8,2.6,0.1,10,575,18.6,67.8,2
0.5,0.6,0.5,5.4,0.6,5.8,2.4,67,0.6,25.4,62.9,0.8,160.7,118.4,7.9,4.9,93.3,68.8,19,42,7.3,76.7,5.1,1.7,1,191,16,22.9,3
0.4,0.3,2.2,14.1,2.6,507.4,5.3,85.7,0.8,25.1,54.9,0.1,250.8,140.2,8.8,3.5,91.2,51,50.8,64.4,13.4,44.1,1.1,0,21,"1,046",17.6,62.2,2
8.1,9.9,2.1,17.9,17.9,2.7,31.2,3.4,39.5,3.3,91.4,41.4,2.4,207.5,159.1,10.4,5,76.1,58.3,14.3,23.4,22.1,58.6,10.5,37.5,2,17.8,19.7,2
0.1,0,6.6,8.4,8.4,8.8,11.8,4.1,27.1,10.4,258.6,26.6,2.3,"8,075.30",371.6,4.7,0.1,31.4,1.4,85.5,809,45.6,1.5,14.4,7.2,55,45,"2,197.40",3
0.5,0.7,1.7,15.2,15.2,2.1,20.5,4.6,56.2,1.5,52.5,36.2,3.1,203.2,155.6,13,6.4,89.4,68.4,8.6,15.8,14.2,75.1,7.3,0.2,1,12.8,10.3,2
0.1,0.1,2.8,9.3,9.3,3.3,10.4,5.2,79.3,1.4,46,45,0.4,526.6,186.6,6.5,1.2,82.5,29.2,31.7,79.7,47.6,36.2,6.6,0.1,4,31.6,46,3
0.5,0.3,0.6,6.2,6.2,0.7,5.8,1.3,29,1.9,77.5,53.2,1.4,131.7,119.6,11.2,8.5,85.5,77.7,33.6,64.7,40.4,32.8,8.7,1.8,1,26,41.5,3
0.6,0.5,1.5,9.2,9.2,2,225,3.9,31.7,5,73.8,54.8,3.6,228.5,144.7,13.1,5.7,72.4,45.8,54.2,82.2,26.2,42.8,8.9,49.1,2,19.9,69.3,2
2.7,3.7,2.6,22.8,22.8,3.1,74.3,6,62.8,1.8,46,40.4,2.5,281.7,170,12,4.3,87.2,52.6,24.1,45.3,15.4,66.8,7.3,32.3,1,19,31.1,2
0.2,0,8.2,28.2,28.2,7,78.3,0.9,7.6,10.3,256.5,36,0.1,142.2,218.3,2.9,2,21.7,33.4,87.6,115.1,58,3.6,6.2,0.2,106,49.7,114.9,3
1.7,2.3,1.7,10.3,10.3,2.2,37.8,5.2,43.3,3.4,52.9,53.6,3.4,270.4,148.5,13.7,5.1,80,44,31.6,52.9,14.1,63.2,10.1,54,1,17.3,42,2
0.3,0.4,0.5,2.8,2.8,0.8,3.1,3.7,45.8,2.1,44.2,58.7,2.6,205.2,132,11.7,5.7,84.8,54.5,20.1,39.6,10.7,73.9,8.5,13,0,20.8,26.8,2
1.9,2.9,1.2,10.5,10.5,1.8,10.7,6.8,92.3,-0.5,-11.8,58,1.3,228.7,129.8,13.9,6.1,103.7,58.9,24.2,40,15.9,72.2,4.7,35.9,1,15.6,29.8,1
100,100,2.3,20.1,20.1,2,41.3,5.2,60.2,1.1,27,45.6,2.7,236.8,149.6,13.2,5.6,92.5,58.5,36.1,66,26,59.8,7.3,66.7,1,18,47.4,1
0.1,0.2,0.2,1.1,1.1,0.3,1.4,4.2,53.3,2.2,39.3,71.4,2,205.9,120.6,11,5.3,83.3,48.8,31,53.5,15.6,63.1,4.3,1.2,0,19.3,39.8,3
13.2,13.1,3,26,26,3.6,70.5,3.7,48.6,2.7,112.1,32.3,1.5,194.8,168,9.9,5.1,78.4,67.6,42.9,66.4,34.5,47.2,4.3,33.8,4,21.2,52.4,2
0,0.1,5.1,28.4,28.4,5.8,34.1,4,55.6,3.2,228.4,19.5,0,262.4,250.1,6.5,2.5,66.9,63.8,40.1,103.5,7.6,57.5,2.3,0.1,6,49.1,108.1,3
0,0,4.4,9,9,5.9,11.3,7.6,79.6,1.3,44.4,31.3,0.7,687.3,249.3,9.6,1.4,87.9,31.9,80.6,243,14,17.6,8.1,3.2,3,94.3,185.7,3
0,0,10.2,14.2,14.2,14.4,22.6,14.3,46.1,16.7,107.9,50,1.1,"1,337.50",193.2,15.4,1.2,48,6.9,94.9,"1,484.10",40.3,0,1.5,-,23,116.4,"2,344.10",3
0,0,-3.9,-53.3,-53.3,-4.4,-24.3,8.4,133.1,-3.4,-36.8,146.5,1.5,348.4,77.7,13.6,3.9,133.3,29.7,52.5,87.9,30.5,43.5,4.7,44.7,-1,10.2,58,3
1,1.6,4.6,6,6,5.9,7.4,7.2,88,1,42.8,28,0,"58,059,400.00",357.4,7.2,0,88,0,20.2,158,0,77.1,1.5,0.2,18,66.4,111.4,3
0.8,1,6,10.4,10.4,5.3,17.1,5.2,74.2,1.1,118.6,12.8,0.9,863.4,464.9,6.8,0.8,86.3,46.5,34.5,"12,739.00",7.5,60.2,1.7,0.1,171,125.7,123,3
0.2,0.2,2.2,5.2,5.2,2.4,16,4.1,54.4,2.7,65.7,55.4,0.9,379.6,157,6.5,1.7,70.3,29.1,25.2,"2,877.80",16.2,62.3,12.1,0.6,26,70,43.5,3
0.1,0.1,2.2,5.7,5.7,2,6,5.4,66.3,2.5,46.2,66.6,0.7,511.3,140,7,1.4,73.7,20.2,40.1,102.6,21.7,51.5,6.6,0.2,2,21.3,62.6,3
0,0,6,8.9,8.9,9.2,11.5,10.7,84.5,2,62.9,24.6,0.4,"3,802.20",380.4,11,0.3,84.9,8.5,1.8,1.8,2.8,90.5,0.4,0,7,55.4,17.5,3
0,0,3,4.2,4.2,2.9,5.3,5.2,33.8,3.8,67.6,37,6.7,962.8,237.7,12.8,1.3,77,19,13.5,59.1,12.1,76.3,20.2,0.3,3,42.8,40.5,3
0.2,0,2.6,13.6,13.6,3.1,62.5,2.5,50.5,2.4,138.2,35.6,0.1,340.2,213.4,3.5,1,59.3,37.2,93.3,120.9,5.3,0.5,1.2,0,38,51.8,"1,543.70",3
0,0,1.5,4.6,4.6,1.7,5.2,4.3,63.1,2.1,46.7,65.6,0.6,252.4,131,7.9,3.1,79,41,36.1,130.6,14,54.1,13.9,0.3,1,24.7,54.6,3
0.9,1,2.7,19.5,19.5,3,29.1,3.7,82.4,0.8,96.8,17.9,0.6,204.6,184.7,7.2,3.5,90.3,81.6,34,164.7,35.8,55.3,4.2,0,44,24.9,41.8,2
0.2,0.3,1.6,5.8,5.8,2.1,7.9,4.9,70.9,1.5,48,45.9,1.6,237,152.7,9.3,3.9,86,55.4,12.3,124,7.6,75.5,11.9,20.3,7,29,17.8,2
0,0,5.2,17.5,17.5,4.8,15.3,5.9,35.5,10.6,92,70.1,0.2,496,137.8,7.3,1.5,40.8,11.3,76.9,134.7,10,0,2.7,-,8,72.1,118.2,3
0,0,-13.3,-17.4,-17.4,-12.3,-11.4,4.1,56.7,2,73.6,37.2,1.5,200.1,157.2,10.5,5.2,84.1,66.1,7.3,317.1,1.1,0.6,91.7,0,-3,60.2,607.2,3
0,0,14.1,20.3,20.3,17.9,23.8,5.6,15.2,31.3,164.8,51.5,0,"1,318.60",192,6.1,0.5,16.2,2.4,80.1,"1,187.20",0,0.1,15.6,0,10,19.8,-,3
14.8,8.4,2.3,29.3,29.3,2.6,85.4,3.7,77.4,0.8,51.2,34.6,0.5,144.3,129.7,12.8,8.9,93.8,84.3,21.9,30.7,56,29.5,2,43.1,2,20.1,24.3,2
7.2,7,2.2,23.5,23.5,2.5,81.5,3.7,69.6,1.1,57.7,37.1,0.9,145.6,130,13.3,9.1,92.1,82.3,14.9,24.1,35.9,50.6,5.2,21.2,2,14.5,16.7,2
7.4,8.3,1.6,13.8,13.8,1.8,30.1,3,55.3,1.7,67.8,46,1.2,144.5,126.9,12.3,8.5,87.8,77.1,30.4,64.4,22,58.4,5.8,28.3,1,14.3,35.6,2
0,0,5.7,6.8,6.8,5.6,3.5,13.6,94.7,0.8,9.5,55.2,0.9,"1,167.10",169.9,14.9,1.3,95.2,13.9,93.2,719.8,78,0,49.4,-,3,186.4,684.3,2
12.1,12.1,2.2,15.6,15.6,2.4,56.8,2.9,46.1,2.2,87.2,40.5,1.3,156.1,138.2,11.3,7.3,83.6,74,21.4,33.2,31.6,51.8,3.4,32.4,2,18.2,25.6,2
0.5,0.5,2.7,19.8,19.8,3.2,21.2,5.8,74.3,1.5,37.6,50.8,0.7,183.1,133.2,14,7.6,90.3,65.7,17.8,31.2,21.7,57.9,4,24.4,1,18.5,22,2
0.2,0.2,0.2,2.3,2.3,0.1,1.4,3.9,85.3,0.6,13.4,91.6,0.3,173.7,104,9.4,5.4,94.4,56.5,22.7,48.4,3.2,73.3,1.7,64.6,0,22.3,27.8,2
1.1,1.3,2,15.7,15.7,2.3,36.1,6.6,68,1.9,35.3,55,2.1,190.2,131.2,16.4,8.6,89.7,61.9,18.2,29,28.8,59.7,6.4,16.1,1,14.7,22.2,2
0.1,0.1,1.3,8.2,8.2,1.4,12.5,3,56.9,1.7,53.2,60.3,0.7,170.6,125.4,8.6,5,83.6,61.5,70.3,86.8,12.8,24.5,5.9,1.5,0,34.5,86.6,3
2.1,2.3,1.2,14.1,14.1,1.3,14.9,4.1,58.8,2.2,46.1,68.2,0.9,155.8,116.6,13.3,8.6,85.9,64.3,31.6,49.7,14.8,57.7,3.6,19.5,0,17.7,39.1,2
13.8,13,1.7,15.1,15.1,1.8,54.8,2.6,41.1,2.7,92.7,45.2,1.7,151.9,134.8,10.9,7.2,80.2,71.2,41.3,77.4,25.8,48.8,7.4,29.7,1,15.2,49.4,2
9,10.5,1.8,17.7,17.7,2.1,24,3.2,48,2.9,77.6,55.6,0.9,152.4,127.1,11,7.2,79.3,66.1,13.1,20.2,20.7,60.7,9.3,34.9,1,15.7,17.4,2
0.1,0,9.6,12.2,12.2,12.4,17.5,13.9,76.2,3.9,95.6,22.4,1.7,"17,746.60",439.3,14.4,0.1,78.7,1.9,85.1,766.3,13.5,1.9,16.2,3.2,80,65.1,"1,839.70",3
0.5,0.6,1.7,17.1,17.1,1.8,17.7,4,57.1,1.7,50.4,47.6,1.8,178.2,136.2,12,6.7,87.8,67.1,28.9,53.9,8.3,63.3,5,0.6,1,14.1,33.8,2
0.1,0.1,0.5,1.6,1.6,-0.2,1.1,5.3,134,-1.3,-42,81.1,0.9,360.8,114.3,7.3,2,122.5,38.8,31,85.8,41,40.7,6.9,0.1,1,34.1,49,2
0.5,0.3,0.4,4.5,4.5,0.4,5.4,1.7,51.3,1.1,47.1,67.5,0.6,120.9,108.2,13.1,10.9,92.6,82.9,35.1,68.9,51.1,31.4,6.9,1.5,0,17.9,40.5,3
0.8,0.7,1.7,11,11,1.9,241,5.7,52.5,3.1,47.7,59.5,2.5,225.1,134.7,13.9,6.2,82,49.1,51.7,78.2,19.6,46.1,5.6,50.9,1,17.9,65.9,2
2.7,3.5,1.6,15.9,15.9,1.7,38.8,5,75.4,1,26.7,53.8,1.4,186.4,130.3,12.3,6.6,92.8,64.8,24.5,43,15.3,66.4,5.3,32.7,1,17.2,31,1
0.1,0,4.7,10,10,6.3,25.1,2.8,17.9,12.7,138.7,59.2,0,123.8,130.3,14.4,11.7,53.2,56.1,57,135.9,36.8,20.1,20,0.1,34,40.7,125.4,3
2.1,2.7,1.8,11.6,11.6,2.1,38.3,6.4,62.2,2.3,36,61.1,1.9,211.1,129.6,15.2,7.2,87.1,53.5,29.5,51.8,7.6,66.2,6.2,56.5,1,15.4,37.5,2
0.4,0.4,0.4,3,3,0.5,3,4,63.5,0.8,19.5,68.6,1.5,161.2,114.9,14.3,8.9,94.5,67.3,26.9,50.8,13.3,54.4,6,15,0,17.9,32.8,2
2.3,3,1,9.7,9.7,1.1,10.6,4.6,82.3,0.6,17.3,65.1,0.8,158.1,116,13.4,8.5,95.5,70.1,27.5,45.4,19.3,66.9,3.2,33.5,0,13.8,33.8,1
100,100,1.5,13.3,13.3,1.9,24.2,4.7,58.9,1.6,37.5,52.1,1.9,185.3,132.7,14,7.5,89.9,64.4,17.1,32.6,19.9,67.3,5.4,50.4,1,16,22.2,2
0.1,0.2,0.1,0.5,0.5,0.1,0.5,4.6,69.9,1.5,26.2,87.8,0.7,172,106.3,12.1,7,88.9,54.9,31.6,67.4,10,58.3,3.4,1.1,0,21.9,41.2,2
12.6,13.6,2.2,21.4,21.4,2.4,41.7,3.1,52.4,2.4,82.3,48.2,0.6,151.3,131.2,10.5,7,81.8,70.9,31.9,47.3,28.9,56.1,3.7,32.7,2,16.1,38.2,2
0,0,5.1,29.1,29.1,5.4,44.9,3.1,45.1,3.8,266.3,20.6,0.1,205.4,225.2,6.1,3,61.6,67.6,41,119.3,7.3,55.4,2.8,0.3,5,51.6,137.3,3
0,0,6.9,13.1,13.1,6.9,14.8,7.8,82,1.7,70.5,25.5,0.1,438.5,249.7,10,2.3,85.5,48.7,72.1,208.8,16.6,25.8,4.7,0,4,86.8,136.9,3
0,0,10.1,15.2,15.2,10.9,21,19.1,86.8,2.9,26.1,50.5,0,753.7,177.5,22,2.9,88.3,20.8,97.2,278.4,79.1,0,1.5,-,21,121.8,282.1,2
0.1,0,-3.5,-60,-60,-3.3,-27.4,5.1,148.5,-1.7,-26.6,182.3,0.5,164.5,80.1,13,7.9,114.7,55.8,75,106.6,35.2,22.2,1.9,18.6,-1,23.2,83.3,2
1,1.5,4.8,6.3,6.3,6,7.9,7.8,93.6,0.5,22.6,28.1,0,"446,338.00",355.3,7.8,0,93.6,0.1,20,130.7,0,77.4,1.4,0.3,16,70.8,108.2,2
0.7,1.1,8.1,13.4,13.4,7.5,28,8.3,87.9,0.9,64.3,14.9,0.5,"1,003.90",441.7,9.5,0.9,91.3,40.2,13.6,"2,064.80",6.3,81,1.3,0.1,186,104.9,73.5,3
0.1,0.2,4,7.8,7.8,4.5,22.9,5.5,45,4.2,85.8,39.8,2.8,432.9,201,10.4,2.4,71.5,33.2,32.6,"3,474.20",13.8,57.5,11.9,0.8,18,79.2,67.1,3
0,0,0.9,1.4,1.4,0.5,1.4,6,66.3,3,37.1,90.2,0.4,575,109.4,7.3,1.3,70.6,13.4,42.6,332.5,20.3,46.8,7.2,0,1,35.6,122.8,3
0,0,6.5,11.7,11.7,6.4,11.8,6.4,72.7,2.4,112.8,24.2,0.3,"1,507.40",358.4,6.9,0.5,74.1,17.6,62.9,290,4.9,31,0.1,0,7,64.8,143.2,3
0,0,7.9,15.9,15.9,14.5,37.4,20.7,71.1,6.3,59.3,36.4,3.9,285.6,180.9,35,12.3,84.8,53.7,33.1,359.4,7.9,50.8,22.4,0.1,9,49.2,180.8,3
0.2,0,3.4,17.2,17.2,3.9,75.3,3.3,58.4,2.3,145.4,28.6,0.1,339.2,234.7,4.6,1.4,66.6,46.1,91.5,114.9,7.1,0.4,1.1,0,45,60.1,783.6,3
0,0,1.2,3.4,3.4,1.6,3.5,6.1,87.2,0.6,11.7,71.1,0.5,290.3,124.3,9.8,3.4,94.4,40.4,33.1,127.8,13.7,56.6,19.1,0.6,1,22.2,54.3,2
0.9,1,2.1,16,16,2.4,23.8,3.7,91.3,0.2,19.8,20.4,0.9,222.7,180.7,7.1,3.2,97.7,79.3,31.2,181.7,28.7,59.1,3.9,0,30,21.1,37,1
0.2,0.3,2.4,8.1,8.1,2.6,9.9,5.1,83,0.6,21.2,46.5,0.7,243.9,149,9.5,3.9,93.9,57.4,23.1,163.4,6.3,64.6,9,22.9,3,32.4,33.4,1
0,0,-0.7,-3.1,-3.1,-1.5,-2.5,16.3,39.5,25,95.1,63.6,16.5,258.9,141.1,26.5,10.2,51.5,28.1,79.6,225.6,36.4,0,7.9,-,-1,108.9,253.4,4
0,0,-16.3,-17.8,-17.8,-14.3,-11.4,3.6,58.1,1.9,64.1,47,1.1,157.9,131.6,11.9,7.5,86.3,72,24.9,299.3,6.6,4.2,70.2,0,-3,78.5,357.7,3
